2026-08-01 05:21:39.518921 DBG,RX,t=198200,event=CRC,bytes=165053,parsed=3505,accepted=2127,len=132,crc=1177,field=70,dup=0,old=0,ovf=0
2026-08-01 05:21:39.521436 DBG,RX,t=198260,event=CRC,bytes=165106,parsed=3506,accepted=2127,len=132,crc=1178,field=70,dup=0,old=0,ovf=0
2026-08-01 05:21:39.521436 DBG,RX,t=198360,event=CRC,bytes=165207,parsed=3508,accepted=2128,len=132,crc=1179,field=70,dup=0,old=0,ovf=0
2026-08-01 05:21:43.108385 DBG,RX,t=198460,event=CRC,bytes=165308,parsed=3510,accepted=2129,len=132,crc=1180,field=70,dup=0,old=0,ovf=0
2026-08-01 05:21:43.109995 DBG,RX,t=198620,event=CRC,bytes=165459,parsed=3513,accepted=2131,len=132,crc=1181,field=70,dup=0,old=0,ovf=0
2026-08-01 05:21:43.109995 DBG,RX,t=198680,event=CRC,bytes=165510,parsed=3514,accepted=2131,len=132,crc=1182,field=70,dup=0,old=0,ovf=0
2026-08-01 05:21:43.109995 DBG,CTRL,t=198720,old=ACT,new=VIS,mage=154,rxage=40,seq=3513,valid=1,meas=1,streak=0,event=CRC
2026-08-01 05:21:43.113015 DBG,RX,t=198780,event=CRC,bytes=165611,parsed=3516,accepted=2132,len=132,crc=1183,field=70,dup=0,old=0,ovf=0
2026-08-01 05:21:43.114516 DBG,RX,t=198840,event=CRC,bytes=165662,parsed=3517,accepted=2132,len=132,crc=1184,field=70,dup=0,old=0,ovf=0
2026-08-01 05:21:43.115565 DBG,RX,t=198960,event=CRC,bytes=165763,parsed=3519,accepted=2133,len=132,crc=1185,field=70,dup=0,old=0,ovf=0
2026-08-01 05:21:43.116576 DBG,RX,t=199000,event=LENGTH,bytes=165814,parsed=3520,accepted=2133,len=133,crc=1185,field=70,dup=0,old=0,ovf=0
2026-08-01 05:21:43.116576 DBG,RX,t=199060,event=CRC,bytes=165866,parsed=3521,accepted=2133,len=133,crc=1186,field=70,dup=0,old=0,ovf=0
2026-08-01 05:21:43.117582 DBG,RX,t=199160,event=CRC,bytes=165968,parsed=3523,accepted=2134,len=133,crc=1187,field=70,dup=0,old=0,ovf=0
2026-08-01 05:21:43.118575 DBG,RX,t=199280,event=LENGTH,bytes=166070,parsed=3525,accepted=2135,len=134,crc=1187,field=70,dup=0,old=0,ovf=0
2026-08-01 05:21:43.119900 DBG,RX,t=199320,event=CRC,bytes=166122,parsed=3526,accepted=2135,len=134,crc=1188,field=70,dup=0,old=0,ovf=0
2026-08-01 05:21:43.119900 DBG,CTRL,t=199380,old=VIS,new=ACT,mage=5,rxage=0,seq=3528,valid=1,meas=1,streak=3,event=TARGET
2026-08-01 05:21:43.121218 DBG,RX,t=199500,event=CRC,bytes=166276,parsed=3529,accepted=2137,len=134,crc=1189,field=70,dup=0,old=0,ovf=0
2026-08-01 05:21:43.121218 DBG,RX,t=199540,event=CRC,bytes=166329,parsed=3530,accepted=2137,len=134,crc=1190,field=70,dup=0,old=0,ovf=0
2026-08-01 05:21:43.122583 DBG,CTRL,t=199580,old=ACT,new=VIS,mage=153,rxage=40,seq=3529,valid=1,meas=1,streak=0,event=CRC
2026-08-01 05:21:43.123090 DBG,CTRL,t=199700,old=VIS,new=ACT,mage=2,rxage=0,seq=3534,valid=1,meas=1,streak=3,event=TARGET
2026-08-01 05:21:43.124101 DBG,RX,t=199860,event=CRC,bytes=166636,parsed=3536,accepted=2142,len=134,crc=1191,field=70,dup=0,old=0,ovf=0
2026-08-01 05:21:43.125218 DBG,RX,t=199920,event=LENGTH,bytes=166688,parsed=3537,accepted=2142,len=135,crc=1191,field=70,dup=0,old=0,ovf=0
2026-08-01 05:21:43.125525 DBG,CTRL,t=199960,old=ACT,new=VIS,mage=153,rxage=40,seq=3536,valid=1,meas=1,streak=0,event=LENGTH
2026-08-01 05:21:43.126709 DBG,RX,t=200040,event=FIELD,bytes=166791,parsed=3539,accepted=2143,len=135,crc=1191,field=71,dup=0,old=0,ovf=0
2026-08-01 05:21:43.126709 DBG,CTRL,t=200160,old=VIS,new=ACT,mage=13,rxage=0,seq=3542,valid=1,meas=1,streak=3,event=TARGET
2026-08-01 05:21:43.127712 DBG,RX,t=200200,event=CRC,bytes=166945,parsed=3542,accepted=2145,len=135,crc=1192,field=71,dup=0,old=0,ovf=0
2026-08-01 05:21:43.128708 DBG,RX,t=200260,event=CRC,bytes=166998,parsed=3543,accepted=2145,len=135,crc=1193,field=71,dup=0,old=0,ovf=0
2026-08-01 05:21:43.129412 DBG,CTRL,t=200300,old=ACT,new=VIS,mage=153,rxage=40,seq=3542,valid=1,meas=1,streak=0,event=CRC
2026-08-01 05:21:43.130425 DBG,CTRL,t=200420,old=VIS,new=ACT,mage=6,rxage=0,seq=3547,valid=1,meas=1,streak=3,event=TARGET
2026-08-01 05:21:43.131187 DBG,RX,t=200480,event=CRC,bytes=167203,parsed=3547,accepted=2148,len=135,crc=1194,field=71,dup=0,old=0,ovf=0
2026-08-01 05:21:43.131745 DBG,RX,t=200540,event=CRC,bytes=167255,parsed=3548,accepted=2148,len=135,crc=1195,field=71,dup=0,old=0,ovf=0
2026-08-01 05:21:43.132856 DBG,CTRL,t=200580,old=ACT,new=VIS,mage=166,rxage=0,seq=3547,valid=1,meas=1,streak=0,event=CRC
2026-08-01 05:21:43.133386 DBG,RX,t=200580,event=CRC,bytes=167307,parsed=3549,accepted=2148,len=135,crc=1196,field=71,dup=0,old=0,ovf=0
2026-08-01 05:21:43.134500 DBG,RX,t=200740,event=CRC,bytes=167461,parsed=3552,accepted=2150,len=135,crc=1197,field=71,dup=0,old=0,ovf=0
2026-08-01 05:21:43.135048 DBG,CTRL,t=200800,old=VIS,new=ACT,mage=6,rxage=0,seq=3554,valid=1,meas=1,streak=3,event=TARGET
2026-08-01 05:21:43.136139 DBG,RX,t=200920,event=CRC,bytes=167617,parsed=3555,accepted=2152,len=135,crc=1198,field=71,dup=0,old=0,ovf=0
2026-08-01 05:21:43.136680 DBG,RX,t=200960,event=CRC,bytes=167669,parsed=3556,accepted=2152,len=135,crc=1199,field=71,dup=0,old=0,ovf=0
2026-08-01 05:21:43.138346 DBG,CTRL,t=201000,old=ACT,new=VIS,mage=154,rxage=40,seq=3555,valid=1,meas=1,streak=0,event=CRC
2026-08-01 05:21:43.138890 DBG,RX,t=201120,event=CRC,bytes=167823,parsed=3559,accepted=2154,len=135,crc=1200,field=71,dup=0,old=0,ovf=0
2026-08-01 05:21:43.139957 DBG,CTRL,t=201180,old=VIS,new=ACT,mage=9,rxage=0,seq=3561,valid=1,meas=1,streak=3,event=TARGET
2026-08-01 05:21:43.140499 DBG,RX,t=201280,event=CRC,bytes=167978,parsed=3562,accepted=2156,len=135,crc=1201,field=71,dup=0,old=0,ovf=0
2026-08-01 05:21:43.141030 DBG,RX,t=201340,event=CRC,bytes=168030,parsed=3563,accepted=2156,len=135,crc=1202,field=71,dup=0,old=0,ovf=0
2026-08-01 05:21:43.141569 DBG,CTRL,t=201380,old=ACT,new=VIS,mage=152,rxage=40,seq=3562,valid=1,meas=1,streak=0,event=CRC
2026-08-01 05:21:43.142105 DBG,RX,t=201440,event=CRC,bytes=168133,parsed=3565,accepted=2157,len=135,crc=1203,field=71,dup=0,old=0,ovf=0
2026-08-01 05:21:43.143111 DBG,RX,t=201500,event=CRC,bytes=168185,parsed=3566,accepted=2157,len=135,crc=1204,field=71,dup=0,old=0,ovf=0
2026-08-01 05:21:43.143616 DBG,RX,t=201600,event=CRC,bytes=168288,parsed=3568,accepted=2158,len=135,crc=1205,field=71,dup=0,old=0,ovf=0
2026-08-01 05:21:43.144626 DBG,RX,t=201660,event=LENGTH,bytes=168341,parsed=3569,accepted=2158,len=136,crc=1205,field=71,dup=0,old=0,ovf=0
2026-08-01 05:21:43.145444 DBG,RX,t=201780,event=CRC,bytes=168446,parsed=3571,accepted=2159,len=136,crc=1206,field=71,dup=0,old=0,ovf=0
2026-08-01 05:21:43.145845 DBG,RX,t=201880,event=LENGTH,bytes=168549,parsed=3573,accepted=2160,len=137,crc=1206,field=71,dup=0,old=0,ovf=0
2026-08-01 05:21:43.145845 DBG,RX,t=201920,event=CRC,bytes=168601,parsed=3574,accepted=2160,len=137,crc=1207,field=71,dup=0,old=0,ovf=0
2026-08-01 05:21:43.145845 DBG,RX,t=201980,event=CRC,bytes=168653,parsed=3575,accepted=2160,len=137,crc=1208,field=71,dup=0,old=0,ovf=0
2026-08-01 05:21:43.392612 DBG,RX,t=202140,event=CRC,bytes=168810,parsed=3578,accepted=2162,len=137,crc=1209,field=71,dup=0,old=0,ovf=0
2026-08-01 05:21:43.393474 DBG,RX,t=202200,event=CRC,bytes=168862,parsed=3579,accepted=2162,len=137,crc=1210,field=71,dup=0,old=0,ovf=0
2026-08-01 05:21:43.669438 DBG,CTRL,t=202360,old=VIS,new=ACT,mage=3,rxage=0,seq=3583,valid=1,meas=1,streak=3,event=TARGET
2026-08-01 05:21:43.670439 DBG,RX,t=202420,event=CRC,bytes=169067,parsed=3583,accepted=2165,len=137,crc=1211,field=71,dup=0,old=0,ovf=0
2026-08-01 05:21:43.671794 DBG,RX,t=202580,event=LENGTH,bytes=169223,parsed=3586,accepted=2167,len=138,crc=1211,field=71,dup=0,old=0,ovf=0
2026-08-01 05:21:44.948243 DBG,RX,t=202900,event=CRC,bytes=169530,parsed=3592,accepted=2172,len=138,crc=1212,field=71,dup=0,old=0,ovf=0
2026-08-01 05:21:44.949259 DBG,RX,t=203020,event=CRC,bytes=169632,parsed=3594,accepted=2173,len=138,crc=1213,field=71,dup=0,old=0,ovf=0
2026-08-01 05:21:44.949259 DBG,RX,t=203120,event=CRC,bytes=169733,parsed=3596,accepted=2174,len=138,crc=1214,field=71,dup=0,old=0,ovf=0
2026-08-01 05:21:44.950258 DBG,RX,t=203280,event=CRC,bytes=169884,parsed=3599,accepted=2176,len=138,crc=1215,field=71,dup=0,old=0,ovf=0
2026-08-01 05:21:44.950258 DBG,RX,t=203360,event=CRC,bytes=169936,parsed=3600,accepted=2176,len=138,crc=1216,field=71,dup=0,old=0,ovf=0
2026-08-01 05:21:44.951721 DBG,CTRL,t=203380,old=ACT,new=VIS,mage=162,rxage=20,seq=3599,valid=1,meas=1,streak=0,event=CRC
2026-08-01 05:21:44.953233 DBG,RX,t=203420,event=CRC,bytes=169987,parsed=3601,accepted=2176,len=138,crc=1217,field=71,dup=0,old=0,ovf=0
2026-08-01 05:21:44.954246 DBG,RX,t=203460,event=CRC,bytes=170039,parsed=3602,accepted=2176,len=138,crc=1218,field=71,dup=0,old=0,ovf=0
2026-08-01 05:21:44.954246 DBG,RX,t=203520,event=CRC,bytes=170090,parsed=3603,accepted=2176,len=138,crc=1219,field=71,dup=0,old=0,ovf=0
2026-08-01 05:21:44.955249 DBG,RX,t=203580,event=CRC,bytes=170141,parsed=3604,accepted=2176,len=138,crc=1220,field=71,dup=0,old=0,ovf=0
2026-08-01 05:21:44.955249 DBG,CTRL,t=203620,old=VIS,new=LOST,cause=PARSE_REJECT,mage=402,rxage=0,seq=3599,valid=1,meas=1,streak=0,event=CRC
2026-08-01 05:21:44.956695 DBG,FILTER,t=203620,result=ACCEPT,seq=3599,valid=1,meas=1,pos=-69,accepted=951,jump=0,hold=16
2026-08-01 05:21:44.957703 DBG,RX,t=203620,event=CRC,bytes=170154,parsed=3604,accepted=2176,len=138,crc=1220,field=71,dup=0,old=0,ovf=0
2026-08-01 05:21:44.958703 DBG,CTRL,t=203640,old=LOST,new=VIS,mage=13,rxage=0,seq=3606,valid=1,meas=1,streak=1,event=TARGET
2026-08-01 05:21:44.959409 DBG,RX,t=203680,event=CRC,bytes=170242,parsed=3606,accepted=2177,len=138,crc=1221,field=71,dup=0,old=0,ovf=0
2026-08-01 05:21:44.960492 DBG,RX,t=203740,event=CRC,bytes=170293,parsed=3607,accepted=2177,len=138,crc=1222,field=71,dup=0,old=0,ovf=0
2026-08-01 05:21:44.960492 DBG,RX,t=203800,event=CRC,bytes=170344,parsed=3608,accepted=2177,len=138,crc=1223,field=71,dup=0,old=0,ovf=0
2026-08-01 05:21:45.248500 DBG,CTRL,t=203960,old=VIS,new=ACT,mage=14,rxage=0,seq=3612,valid=1,meas=1,streak=3,event=TARGET
2026-08-01 05:21:45.249496 DBG,RX,t=204060,event=CRC,bytes=170597,parsed=3613,accepted=2181,len=138,crc=1224,field=71,dup=0,old=0,ovf=0
2026-08-01 05:21:45.250500 DBG,RX,t=204180,event=CRC,bytes=170701,parsed=3615,accepted=2182,len=138,crc=1225,field=71,dup=0,old=0,ovf=0
2026-08-01 05:21:45.489245 DBG,RX,t=204220,event=CRC,bytes=170753,parsed=3616,accepted=2182,len=138,crc=1226,field=71,dup=0,old=0,ovf=0
2026-08-01 05:21:45.490337 DBG,CTRL,t=204260,old=ACT,new=VIS,mage=153,rxage=40,seq=3615,valid=1,meas=1,streak=0,event=CRC
2026-08-01 05:21:45.490337 DBG,RX,t=204280,event=CRC,bytes=170805,parsed=3617,accepted=2182,len=138,crc=1227,field=71,dup=0,old=0,ovf=0
2026-08-01 05:21:45.491430 DBG,RX,t=204380,event=CRC,bytes=170909,parsed=3619,accepted=2183,len=138,crc=1228,field=71,dup=0,old=0,ovf=0
2026-08-01 05:21:45.730322 DBG,RX,t=204440,event=CRC,bytes=170962,parsed=3620,accepted=2183,len=138,crc=1229,field=71,dup=0,old=0,ovf=0
2026-08-01 05:21:45.731587 DBG,RX,t=204560,event=CRC,bytes=171065,parsed=3622,accepted=2184,len=138,crc=1230,field=71,dup=0,old=0,ovf=0
2026-08-01 05:21:45.731587 DBG,RX,t=204600,event=CRC,bytes=171117,parsed=3623,accepted=2184,len=138,crc=1231,field=71,dup=0,old=0,ovf=0
2026-08-01 05:21:45.733097 DBG,RX,t=204660,event=CRC,bytes=171169,parsed=3624,accepted=2184,len=138,crc=1232,field=71,dup=0,old=0,ovf=0
2026-08-01 05:21:45.986666 DBG,RX,t=204760,event=CRC,bytes=171272,parsed=3626,accepted=2185,len=138,crc=1233,field=71,dup=0,old=0,ovf=0
2026-08-01 05:21:45.987663 DBG,RX,t=204820,event=FIELD,bytes=171326,parsed=3627,accepted=2185,len=138,crc=1233,field=72,dup=0,old=0,ovf=0
2026-08-01 05:21:46.288427 DBG,CTRL,t=204980,old=VIS,new=ACT,mage=12,rxage=0,seq=3631,valid=1,meas=1,streak=3,event=TARGET
2026-08-01 05:21:46.288780 DBG,RX,t=205080,event=CRC,bytes=171584,parsed=3632,accepted=2189,len=138,crc=1234,field=72,dup=0,old=0,ovf=0
2026-08-01 05:21:46.291137 DBG,RX,t=205140,event=CRC,bytes=171636,parsed=3633,accepted=2189,len=138,crc=1235,field=72,dup=0,old=0,ovf=0
2026-08-01 05:21:46.292873 DBG,CTRL,t=205180,old=ACT,new=VIS,mage=154,rxage=0,seq=3632,valid=1,meas=1,streak=0,event=CRC
2026-08-01 05:21:46.293404 DBG,RX,t=205180,event=CRC,bytes=171688,parsed=3634,accepted=2189,len=138,crc=1236,field=72,dup=0,old=0,ovf=0
2026-08-01 05:21:46.294415 DBG,RX,t=205240,event=CRC,bytes=171740,parsed=3635,accepted=2189,len=138,crc=1237,field=72,dup=0,old=0,ovf=0
2026-08-01 05:21:46.608591 DBG,RX,t=205360,event=CRC,bytes=171843,parsed=3637,accepted=2190,len=138,crc=1238,field=72,dup=0,old=0,ovf=0
2026-08-01 05:21:46.609602 DBG,RX,t=205400,event=CRC,bytes=171895,parsed=3638,accepted=2190,len=138,crc=1239,field=72,dup=0,old=0,ovf=0
2026-08-01 05:21:46.610603 DBG,RX,t=205460,event=CRC,bytes=171947,parsed=3639,accepted=2190,len=138,crc=1240,field=72,dup=0,old=0,ovf=0
2026-08-01 05:21:46.870183 DBG,RX,t=205620,event=CRC,bytes=172101,parsed=3642,accepted=2192,len=138,crc=1241,field=72,dup=0,old=0,ovf=0
2026-08-01 05:21:46.871334 DBG,CTRL,t=205680,old=VIS,new=ACT,mage=12,rxage=0,seq=3644,valid=1,meas=1,streak=3,event=TARGET
2026-08-01 05:21:46.871334 DBG,RX,t=205720,event=CRC,bytes=172204,parsed=3644,accepted=2193,len=138,crc=1242,field=72,dup=0,old=0,ovf=0
2026-08-01 05:21:47.145341 DBG,RX,t=205900,event=CRC,bytes=172358,parsed=3647,accepted=2195,len=138,crc=1243,field=72,dup=0,old=0,ovf=0
2026-08-01 05:21:47.147081 DBG,RX,t=205940,event=CRC,bytes=172410,parsed=3648,accepted=2195,len=138,crc=1244,field=72,dup=0,old=0,ovf=0
2026-08-01 05:21:47.147984 DBG,CTRL,t=205980,old=ACT,new=VIS,mage=153,rxage=40,seq=3647,valid=1,meas=1,streak=0,event=CRC
2026-08-01 05:21:47.147984 DBG,RX,t=206000,event=LENGTH,bytes=172462,parsed=3649,accepted=2195,len=139,crc=1244,field=72,dup=0,old=0,ovf=0
2026-08-01 05:21:47.456061 DBG,CTRL,t=206160,old=VIS,new=ACT,mage=13,rxage=0,seq=3653,valid=1,meas=1,streak=3,event=TARGET
2026-08-01 05:21:47.457063 DBG,RX,t=206260,event=CRC,bytes=172719,parsed=3654,accepted=2199,len=139,crc=1245,field=72,dup=0,old=0,ovf=0
2026-08-01 05:21:47.457063 DBG,RX,t=206320,event=CRC,bytes=172771,parsed=3655,accepted=2199,len=139,crc=1246,field=72,dup=0,old=0,ovf=0
2026-08-01 05:21:47.458056 DBG,CTRL,t=206360,old=ACT,new=VIS,mage=153,rxage=0,seq=3654,valid=1,meas=1,streak=0,event=CRC
2026-08-01 05:21:47.759548 DBG,CTRL,t=206480,old=VIS,new=ACT,mage=12,rxage=0,seq=3659,valid=1,meas=1,streak=3,event=TARGET
2026-08-01 05:21:47.759548 DBG,RX,t=206600,event=FIELD,bytes=173026,parsed=3660,accepted=2203,len=139,crc=1246,field=73,dup=0,old=0,ovf=0
2026-08-01 05:21:47.760546 DBG,RX,t=206660,event=CRC,bytes=173078,parsed=3661,accepted=2203,len=139,crc=1247,field=73,dup=0,old=0,ovf=0
2026-08-01 05:21:47.761547 DBG,CTRL,t=206680,old=ACT,new=VIS,mage=154,rxage=20,seq=3660,valid=1,meas=1,streak=0,event=CRC
2026-08-01 05:21:47.761547 DBG,RX,t=206720,event=FIELD,bytes=173131,parsed=3662,accepted=2203,len=139,crc=1247,field=74,dup=0,old=0,ovf=0
2026-08-01 05:21:48.066244 DBG,CTRL,t=206880,old=VIS,new=ACT,mage=14,rxage=0,seq=3666,valid=1,meas=1,streak=3,event=TARGET
2026-08-01 05:21:48.284854 DBG,RX,t=207140,event=LENGTH,bytes=173535,parsed=3670,accepted=2210,len=140,crc=1247,field=74,dup=0,old=0,ovf=0
2026-08-01 05:21:48.539795 DBG,RX,t=207300,event=FIELD,bytes=173687,parsed=3673,accepted=2212,len=140,crc=1247,field=75,dup=0,old=0,ovf=0
2026-08-01 05:21:48.814757 DBG,RX,t=207680,event=CRC,bytes=174040,parsed=3680,accepted=2218,len=140,crc=1248,field=75,dup=0,old=0,ovf=0
2026-08-01 05:21:48.815806 DBG,RX,t=207780,event=CRC,bytes=174141,parsed=3682,accepted=2219,len=140,crc=1249,field=75,dup=0,old=0,ovf=0
2026-08-01 05:21:49.062408 DBG,RX,t=207960,event=CRC,bytes=174292,parsed=3685,accepted=2221,len=140,crc=1250,field=75,dup=0,old=0,ovf=0
2026-08-01 05:21:49.063650 DBG,RX,t=208000,event=CRC,bytes=174343,parsed=3686,accepted=2221,len=140,crc=1251,field=75,dup=0,old=0,ovf=0
2026-08-01 05:21:49.064646 DBG,CTRL,t=208040,old=ACT,new=VIS,mage=154,rxage=40,seq=3685,valid=1,meas=1,streak=0,event=CRC
2026-08-01 05:21:49.323010 DBG,CTRL,t=208160,old=VIS,new=ACT,mage=8,rxage=0,seq=3690,valid=1,meas=1,streak=3,event=TARGET
2026-08-01 05:21:49.323523 DBG,RX,t=208320,event=CRC,bytes=174644,parsed=3692,accepted=2226,len=140,crc=1252,field=75,dup=0,old=0,ovf=0
2026-08-01 05:21:49.792207 DBG,RX,t=208600,event=CRC,bytes=174895,parsed=3697,accepted=2230,len=140,crc=1253,field=75,dup=0,old=0,ovf=0
2026-08-01 05:21:50.018745 DBG,CTRL,t=208860,old=ACT,new=VIS,mage=170,rxage=160,seq=3700,valid=1,meas=1,streak=0,event=TARGET
2026-08-01 05:21:50.241858 DBG,CTRL,t=209100,old=VIS,new=LOST,cause=NO_ACCEPTED_FRAME,mage=410,rxage=400,seq=3700,valid=1,meas=1,streak=0,event=TARGET
2026-08-01 05:21:50.242859 DBG,FILTER,t=209100,result=ACCEPT,seq=3700,valid=1,meas=1,pos=-66,accepted=1007,jump=0,hold=16
2026-08-01 05:21:50.243931 DBG,RX,t=209100,event=TARGET,bytes=174995,parsed=3699,accepted=2232,len=140,crc=1253,field=75,dup=0,old=0,ovf=0
2026-08-01 05:21:50.501454 DBG,CTRL,t=209500,old=LOST,new=VIS,mage=2,rxage=0,seq=3701,valid=1,meas=1,streak=1,event=TARGET
2026-08-01 05:21:50.736485 DBG,RX,t=209560,event=CRC,bytes=175099,parsed=3701,accepted=2233,len=140,crc=1254,field=75,dup=0,old=0,ovf=0
2026-08-01 05:21:50.737490 DBG,CTRL,t=209680,old=VIS,new=ACT,mage=14,rxage=0,seq=3704,valid=1,meas=1,streak=3,event=TARGET
2026-08-01 05:21:50.994622 DBG,RX,t=209820,event=CRC,bytes=175356,parsed=3706,accepted=2237,len=140,crc=1255,field=75,dup=0,old=0,ovf=0
2026-08-01 05:21:51.260910 DBG,RX,t=210040,event=CRC,bytes=175561,parsed=3710,accepted=2240,len=140,crc=1256,field=75,dup=0,old=0,ovf=0
2026-08-01 05:21:51.261986 DBG,RX,t=210160,event=CRC,bytes=175664,parsed=3712,accepted=2241,len=140,crc=1257,field=75,dup=0,old=0,ovf=0
2026-08-01 05:21:51.262995 DBG,RX,t=210200,event=CRC,bytes=175717,parsed=3713,accepted=2241,len=140,crc=1258,field=75,dup=0,old=0,ovf=0
2026-08-01 05:21:51.264218 DBG,CTRL,t=210240,old=ACT,new=VIS,mage=153,rxage=40,seq=3712,valid=1,meas=1,streak=0,event=CRC
2026-08-01 05:21:51.525419 DBG,RX,t=210320,event=CRC,bytes=175820,parsed=3715,accepted=2242,len=140,crc=1259,field=75,dup=0,old=0,ovf=0
2026-08-01 05:21:51.526428 DBG,RX,t=210360,event=CRC,bytes=175873,parsed=3716,accepted=2242,len=140,crc=1260,field=75,dup=0,old=0,ovf=0
2026-08-01 05:21:51.526428 DBG,RX,t=210420,event=CRC,bytes=175926,parsed=3717,accepted=2242,len=140,crc=1261,field=75,dup=0,old=0,ovf=0
2026-08-01 05:21:51.774078 DBG,CTRL,t=210600,old=VIS,new=ACT,mage=14,rxage=0,seq=3721,valid=1,meas=1,streak=3,event=TARGET
2026-08-01 05:21:51.775079 DBG,RX,t=210760,event=CRC,bytes=176233,parsed=3723,accepted=2247,len=140,crc=1262,field=75,dup=0,old=0,ovf=0
2026-08-01 05:21:52.037049 DBG,RX,t=210820,event=LENGTH,bytes=176285,parsed=3724,accepted=2247,len=141,crc=1262,field=75,dup=0,old=0,ovf=0
2026-08-01 05:21:52.038055 DBG,RX,t=211020,event=CRC,bytes=176490,parsed=3728,accepted=2250,len=141,crc=1263,field=75,dup=0,old=0,ovf=0
2026-08-01 05:21:52.318926 DBG,RX,t=211080,event=CRC,bytes=176542,parsed=3729,accepted=2250,len=141,crc=1264,field=75,dup=0,old=0,ovf=0
2026-08-01 05:21:52.319926 DBG,CTRL,t=211120,old=ACT,new=VIS,mage=154,rxage=0,seq=3728,valid=1,meas=1,streak=0,event=CRC
2026-08-01 05:21:52.320928 DBG,RX,t=211200,event=CRC,bytes=176645,parsed=3731,accepted=2251,len=141,crc=1265,field=75,dup=0,old=0,ovf=0
2026-08-01 05:21:52.321926 DBG,CTRL,t=211300,old=VIS,new=ACT,mage=12,rxage=0,seq=3734,valid=1,meas=1,streak=3,event=TARGET
2026-08-01 05:21:52.566971 DBG,RX,t=211520,event=CRC,bytes=176947,parsed=3737,accepted=2256,len=141,crc=1266,field=75,dup=0,old=0,ovf=0
2026-08-01 05:21:52.788031 DBG,RX,t=211620,event=CRC,bytes=177048,parsed=3739,accepted=2257,len=141,crc=1267,field=75,dup=0,old=0,ovf=0
2026-08-01 05:21:52.788031 DBG,RX,t=211780,event=CRC,bytes=177200,parsed=3742,accepted=2259,len=141,crc=1268,field=75,dup=0,old=0,ovf=0
2026-08-01 05:21:53.049602 DBG,RX,t=211840,event=CRC,bytes=177251,parsed=3743,accepted=2259,len=141,crc=1269,field=75,dup=0,old=0,ovf=0
2026-08-01 05:21:53.050604 DBG,CTRL,t=211880,old=ACT,new=VIS,mage=154,rxage=0,seq=3742,valid=1,meas=1,streak=0,event=CRC
2026-08-01 05:21:53.051603 DBG,RX,t=211880,event=CRC,bytes=177302,parsed=3744,accepted=2259,len=141,crc=1270,field=75,dup=0,old=0,ovf=0
2026-08-01 05:21:53.051603 DBG,RX,t=211940,event=CRC,bytes=177355,parsed=3745,accepted=2259,len=141,crc=1271,field=75,dup=0,old=0,ovf=0
2026-08-01 05:21:53.053116 DBG,RX,t=212000,event=CRC,bytes=177406,parsed=3746,accepted=2259,len=141,crc=1272,field=75,dup=0,old=0,ovf=0
2026-08-01 05:21:53.297429 DBG,RX,t=212100,event=CRC,bytes=177508,parsed=3748,accepted=2260,len=141,crc=1273,field=75,dup=0,old=0,ovf=0
2026-08-01 05:21:53.298839 DBG,RX,t=212160,event=LENGTH,bytes=177561,parsed=3749,accepted=2260,len=142,crc=1273,field=75,dup=0,old=0,ovf=0
2026-08-01 05:21:53.298839 DBG,RX,t=212220,event=CRC,bytes=177613,parsed=3750,accepted=2260,len=142,crc=1274,field=75,dup=0,old=0,ovf=0
2026-08-01 05:21:53.300256 DBG,RX,t=212260,event=CRC,bytes=177665,parsed=3751,accepted=2260,len=142,crc=1275,field=75,dup=0,old=0,ovf=0
2026-08-01 05:21:53.564475 DBG,RX,t=212420,event=CRC,bytes=177821,parsed=3754,accepted=2262,len=142,crc=1276,field=75,dup=0,old=0,ovf=0
2026-08-01 05:21:53.565472 DBG,RX,t=212480,event=CRC,bytes=177873,parsed=3755,accepted=2262,len=142,crc=1277,field=75,dup=0,old=0,ovf=0
2026-08-01 05:21:53.817285 DBG,RX,t=212640,event=CRC,bytes=178027,parsed=3758,accepted=2264,len=142,crc=1278,field=75,dup=0,old=0,ovf=0
2026-08-01 05:21:53.818147 DBG,CTRL,t=212700,old=VIS,new=ACT,mage=12,rxage=0,seq=3760,valid=1,meas=1,streak=3,event=TARGET
2026-08-01 05:21:53.819266 DBG,RX,t=212800,event=CRC,bytes=178181,parsed=3761,accepted=2266,len=142,crc=1279,field=75,dup=0,old=0,ovf=0
2026-08-01 05:21:53.820279 DBG,RX,t=212860,event=CRC,bytes=178237,parsed=3762,accepted=2266,len=142,crc=1280,field=75,dup=0,old=0,ovf=0
2026-08-01 05:21:54.084655 DBG,CTRL,t=212900,old=ACT,new=VIS,mage=154,rxage=40,seq=3761,valid=1,meas=1,streak=0,event=CRC
2026-08-01 05:21:54.085664 DBG,RX,t=213020,event=CRC,bytes=178392,parsed=3765,accepted=2268,len=142,crc=1281,field=75,dup=0,old=0,ovf=0
2026-08-01 05:21:54.086073 DBG,CTRL,t=213080,old=VIS,new=ACT,mage=14,rxage=0,seq=3767,valid=1,meas=1,streak=3,event=TARGET
2026-08-01 05:21:54.321824 DBG,RX,t=213340,event=CRC,bytes=178699,parsed=3771,accepted=2273,len=142,crc=1282,field=75,dup=0,old=0,ovf=0
2026-08-01 05:21:54.552919 DBG,RX,t=213500,event=CRC,bytes=178853,parsed=3774,accepted=2275,len=142,crc=1283,field=75,dup=0,old=0,ovf=0
2026-08-01 05:21:54.772926 DBG,RX,t=213660,event=CRC,bytes=179008,parsed=3777,accepted=2277,len=142,crc=1284,field=75,dup=0,old=0,ovf=0
2026-08-01 05:21:55.022139 DBG,RX,t=213900,event=CRC,bytes=179213,parsed=3781,accepted=2280,len=142,crc=1285,field=75,dup=0,old=0,ovf=0
2026-08-01 05:21:55.023653 DBG,RX,t=213940,event=FIELD,bytes=179265,parsed=3782,accepted=2280,len=142,crc=1285,field=76,dup=0,old=0,ovf=0
2026-08-01 05:21:55.024655 DBG,CTRL,t=214000,old=ACT,new=VIS,mage=167,rxage=0,seq=3781,valid=1,meas=1,streak=0,event=CRC
2026-08-01 05:21:55.025656 DBG,RX,t=214000,event=CRC,bytes=179316,parsed=3783,accepted=2280,len=142,crc=1286,field=76,dup=0,old=0,ovf=0
2026-08-01 05:21:55.324692 DBG,RX,t=214160,event=CRC,bytes=179468,parsed=3786,accepted=2282,len=142,crc=1287,field=76,dup=0,old=0,ovf=0
2026-08-01 05:21:55.325872 DBG,CTRL,t=214220,old=VIS,new=ACT,mage=13,rxage=0,seq=3788,valid=1,meas=1,streak=3,event=TARGET
2026-08-01 05:21:55.325872 DBG,RX,t=214280,event=CRC,bytes=179570,parsed=3788,accepted=2283,len=142,crc=1288,field=76,dup=0,old=0,ovf=0
2026-08-01 05:21:55.326929 DBG,RX,t=214320,event=CRC,bytes=179621,parsed=3789,accepted=2283,len=142,crc=1289,field=76,dup=0,old=0,ovf=0
2026-08-01 05:21:55.327930 DBG,CTRL,t=214360,old=ACT,new=VIS,mage=153,rxage=40,seq=3788,valid=1,meas=1,streak=0,event=CRC
2026-08-01 05:21:55.579676 DBG,RX,t=214480,event=CRC,bytes=179773,parsed=3792,accepted=2285,len=142,crc=1290,field=76,dup=0,old=0,ovf=0
2026-08-01 05:21:55.580696 DBG,CTRL,t=214540,old=VIS,new=ACT,mage=11,rxage=0,seq=3794,valid=1,meas=1,streak=3,event=TARGET
2026-08-01 05:21:55.582158 DBG,RX,t=214640,event=CRC,bytes=179924,parsed=3795,accepted=2287,len=142,crc=1291,field=76,dup=0,old=0,ovf=0
2026-08-01 05:21:55.808004 DBG,RX,t=214800,event=FIELD,bytes=180077,parsed=3798,accepted=2289,len=142,crc=1291,field=77,dup=0,old=0,ovf=0
2026-08-01 05:21:55.809491 DBG,RX,t=214860,event=CRC,bytes=180129,parsed=3799,accepted=2289,len=142,crc=1292,field=77,dup=0,old=0,ovf=0
2026-08-01 05:21:56.051402 DBG,CTRL,t=214900,old=ACT,new=VIS,mage=154,rxage=40,seq=3798,valid=1,meas=1,streak=0,event=CRC
2026-08-01 05:21:56.053435 DBG,RX,t=214920,event=CRC,bytes=180180,parsed=3800,accepted=2289,len=142,crc=1293,field=77,dup=0,old=0,ovf=0
2026-08-01 05:21:56.054447 DBG,RX,t=214980,event=CRC,bytes=180233,parsed=3801,accepted=2289,len=142,crc=1294,field=77,dup=0,old=0,ovf=0
2026-08-01 05:21:56.280993 DBG,RX,t=215140,event=CRC,bytes=180384,parsed=3804,accepted=2291,len=142,crc=1295,field=77,dup=0,old=0,ovf=0
2026-08-01 05:21:56.280993 DBG,RX,t=215200,event=LENGTH,bytes=180436,parsed=3805,accepted=2291,len=143,crc=1295,field=77,dup=0,old=0,ovf=0
2026-08-01 05:21:56.282505 DBG,RX,t=215260,event=CRC,bytes=180487,parsed=3806,accepted=2291,len=143,crc=1296,field=77,dup=0,old=0,ovf=0
2026-08-01 05:21:56.282812 DBG,RX,t=215300,event=CRC,bytes=180538,parsed=3807,accepted=2291,len=143,crc=1297,field=77,dup=0,old=0,ovf=0
2026-08-01 05:21:56.514595 DBG,RX,t=215460,event=CRC,bytes=180689,parsed=3810,accepted=2293,len=143,crc=1298,field=77,dup=0,old=0,ovf=0
2026-08-01 05:21:56.516607 DBG,RX,t=215520,event=CRC,bytes=180740,parsed=3811,accepted=2293,len=143,crc=1299,field=77,dup=0,old=0,ovf=0
2026-08-01 05:21:56.780124 DBG,RX,t=215640,event=CRC,bytes=180843,parsed=3813,accepted=2294,len=143,crc=1300,field=77,dup=0,old=0,ovf=0
2026-08-01 05:21:56.781578 DBG,RX,t=215680,event=CRC,bytes=180897,parsed=3814,accepted=2294,len=143,crc=1301,field=77,dup=0,old=0,ovf=0
2026-08-01 05:21:56.783089 DBG,RX,t=215840,event=CRC,bytes=181051,parsed=3817,accepted=2296,len=143,crc=1302,field=77,dup=0,old=0,ovf=0
2026-08-01 05:21:57.070851 DBG,RX,t=215900,event=LENGTH,bytes=181103,parsed=3818,accepted=2296,len=144,crc=1302,field=77,dup=0,old=0,ovf=0
2026-08-01 05:21:57.070851 DBG,CTRL,t=216060,old=VIS,new=ACT,mage=2,rxage=0,seq=3822,valid=1,meas=1,streak=3,event=TARGET
2026-08-01 05:21:57.331983 DBG,RX,t=216220,event=CRC,bytes=181410,parsed=3824,accepted=2301,len=144,crc=1303,field=77,dup=0,old=0,ovf=0
2026-08-01 05:21:57.593886 DBG,RX,t=216540,event=CRC,bytes=181718,parsed=3830,accepted=2306,len=144,crc=1304,field=77,dup=0,old=0,ovf=0
2026-08-01 05:21:57.846059 DBG,RX,t=216720,event=CRC,bytes=181872,parsed=3833,accepted=2308,len=144,crc=1305,field=77,dup=0,old=0,ovf=0
2026-08-01 05:21:57.847071 DBG,RX,t=216920,event=FIELD,bytes=182074,parsed=3837,accepted=2311,len=144,crc=1305,field=78,dup=0,old=0,ovf=0
2026-08-01 05:21:58.134306 DBG,RX,t=217100,event=CRC,bytes=182225,parsed=3840,accepted=2313,len=144,crc=1306,field=78,dup=0,old=0,ovf=0
2026-08-01 05:21:58.135214 DBG,RX,t=217200,event=CRC,bytes=182326,parsed=3842,accepted=2314,len=144,crc=1307,field=78,dup=0,old=0,ovf=0
2026-08-01 05:21:58.397707 DBG,RX,t=217260,event=CRC,bytes=182378,parsed=3843,accepted=2314,len=144,crc=1308,field=78,dup=0,old=0,ovf=0
2026-08-01 05:21:58.401862 DBG,CTRL,t=217300,old=ACT,new=VIS,mage=152,rxage=40,seq=3842,valid=1,meas=1,streak=0,event=CRC
2026-08-01 05:21:58.402492 DBG,RX,t=217420,event=CRC,bytes=182532,parsed=3846,accepted=2316,len=144,crc=1309,field=78,dup=0,old=0,ovf=0
2026-08-01 05:21:58.403019 DBG,CTRL,t=217480,old=VIS,new=ACT,mage=11,rxage=0,seq=3848,valid=1,meas=1,streak=3,event=TARGET
2026-08-01 05:21:58.703786 DBG,RX,t=217580,event=CRC,bytes=182685,parsed=3849,accepted=2318,len=144,crc=1310,field=78,dup=0,old=0,ovf=0
2026-08-01 05:21:58.705152 DBG,RX,t=217740,event=CRC,bytes=182837,parsed=3852,accepted=2320,len=144,crc=1311,field=78,dup=0,old=0,ovf=0
2026-08-01 05:21:59.222961 DBG,RX,t=217900,event=CRC,bytes=182988,parsed=3855,accepted=2322,len=144,crc=1312,field=78,dup=0,old=0,ovf=0
2026-08-01 05:21:59.225278 DBG,RX,t=218060,event=CRC,bytes=183139,parsed=3858,accepted=2324,len=144,crc=1313,field=78,dup=0,old=0,ovf=0
2026-08-01 05:21:59.226279 DBG,RX,t=218180,event=CRC,bytes=183241,parsed=3860,accepted=2325,len=144,crc=1314,field=78,dup=0,old=0,ovf=0
2026-08-01 05:21:59.227613 DBG,RX,t=218300,event=CRC,bytes=183343,parsed=3862,accepted=2326,len=144,crc=1315,field=78,dup=0,old=0,ovf=0
2026-08-01 05:21:59.651895 DBG,RX,t=218500,event=CRC,bytes=183544,parsed=3866,accepted=2329,len=144,crc=1316,field=78,dup=0,old=0,ovf=0
2026-08-01 05:22:00.001067 DBG,RX,t=218880,event=CRC,bytes=183898,parsed=3873,accepted=2335,len=144,crc=1317,field=78,dup=0,old=0,ovf=0
2026-08-01 05:22:00.003063 DBG,RX,t=219040,event=CRC,bytes=184051,parsed=3876,accepted=2337,len=144,crc=1318,field=78,dup=0,old=0,ovf=0
2026-08-01 05:22:00.003570 DBG,RX,t=219100,event=CRC,bytes=184103,parsed=3877,accepted=2337,len=144,crc=1319,field=78,dup=0,old=0,ovf=0
2026-08-01 05:22:00.366025 DBG,CTRL,t=219140,old=ACT,new=VIS,mage=154,rxage=0,seq=3876,valid=1,meas=1,streak=0,event=CRC
2026-08-01 05:22:00.367533 DBG,CTRL,t=219260,old=VIS,new=ACT,mage=8,rxage=0,seq=3881,valid=1,meas=1,streak=3,event=TARGET
2026-08-01 05:22:00.368055 DBG,RX,t=219360,event=CRC,bytes=184358,parsed=3882,accepted=2341,len=144,crc=1320,field=78,dup=0,old=0,ovf=0
2026-08-01 05:22:00.369794 DBG,RX,t=219420,event=CRC,bytes=184412,parsed=3883,accepted=2341,len=144,crc=1321,field=78,dup=0,old=0,ovf=0
2026-08-01 05:22:00.371001 DBG,CTRL,t=219460,old=ACT,new=VIS,mage=151,rxage=40,seq=3882,valid=1,meas=1,streak=0,event=CRC
2026-08-01 05:22:00.764981 DBG,RX,t=219580,event=CRC,bytes=184564,parsed=3886,accepted=2343,len=144,crc=1322,field=78,dup=0,old=0,ovf=0
2026-08-01 05:22:00.766483 DBG,RX,t=219640,event=CRC,bytes=184616,parsed=3887,accepted=2343,len=144,crc=1323,field=78,dup=0,old=0,ovf=0
2026-08-01 05:22:00.767857 DBG,RX,t=219680,event=CRC,bytes=184669,parsed=3888,accepted=2343,len=144,crc=1324,field=78,dup=0,old=0,ovf=0
2026-08-01 05:22:00.768863 DBG,RX,t=219740,event=CRC,bytes=184721,parsed=3889,accepted=2343,len=144,crc=1325,field=78,dup=0,old=0,ovf=0
2026-08-01 05:22:00.769864 DBG,CTRL,t=219900,old=VIS,new=ACT,mage=6,rxage=0,seq=3893,valid=1,meas=1,streak=3,event=TARGET
2026-08-01 05:22:01.129825 DBG,RX,t=220060,event=CRC,bytes=185027,parsed=3895,accepted=2348,len=144,crc=1326,field=78,dup=0,old=0,ovf=0
2026-08-01 05:22:01.131333 DBG,RX,t=220220,event=CRC,bytes=185180,parsed=3898,accepted=2350,len=144,crc=1327,field=78,dup=0,old=0,ovf=0
2026-08-01 05:22:01.504630 DBG,RX,t=220280,event=CRC,bytes=185231,parsed=3899,accepted=2350,len=144,crc=1328,field=78,dup=0,old=0,ovf=0
2026-08-01 05:22:01.505213 DBG,CTRL,t=220320,old=ACT,new=VIS,mage=154,rxage=40,seq=3898,valid=1,meas=1,streak=0,event=CRC
2026-08-01 05:22:01.506621 DBG,RX,t=220360,event=CRC,bytes=185284,parsed=3900,accepted=2350,len=144,crc=1329,field=78,dup=0,old=0,ovf=0
2026-08-01 05:22:01.508003 DBG,CTRL,t=220520,old=VIS,new=ACT,mage=6,rxage=0,seq=3904,valid=1,meas=1,streak=3,event=TARGET
2026-08-01 05:22:01.924740 DBG,RX,t=220680,event=CRC,bytes=185585,parsed=3906,accepted=2355,len=144,crc=1330,field=78,dup=0,old=0,ovf=0
2026-08-01 05:22:01.926177 DBG,RX,t=220800,event=CRC,bytes=185686,parsed=3908,accepted=2356,len=144,crc=1331,field=78,dup=0,old=0,ovf=0
2026-08-01 05:22:01.926177 DBG,RX,t=220840,event=CRC,bytes=185738,parsed=3909,accepted=2356,len=144,crc=1332,field=78,dup=0,old=0,ovf=0
2026-08-01 05:22:01.927593 DBG,RX,t=221000,event=CRC,bytes=185890,parsed=3912,accepted=2358,len=144,crc=1333,field=78,dup=0,old=0,ovf=0
2026-08-01 05:22:02.251818 DBG,RX,t=221320,event=CRC,bytes=186194,parsed=3918,accepted=2363,len=144,crc=1334,field=78,dup=0,old=0,ovf=0
2026-08-01 05:22:02.252828 DBG,RX,t=221380,event=CRC,bytes=186247,parsed=3919,accepted=2363,len=144,crc=1335,field=78,dup=0,old=0,ovf=0
2026-08-01 05:22:02.629246 DBG,CTRL,t=221420,old=ACT,new=VIS,mage=154,rxage=40,seq=3918,valid=1,meas=1,streak=0,event=CRC
2026-08-01 05:22:02.630248 DBG,RX,t=221440,event=CRC,bytes=186300,parsed=3920,accepted=2363,len=144,crc=1336,field=78,dup=0,old=0,ovf=0
2026-08-01 05:22:02.630248 DBG,CTRL,t=221600,old=VIS,new=ACT,mage=6,rxage=0,seq=3924,valid=1,meas=1,streak=3,event=TARGET
2026-08-01 05:22:02.631246 DBG,RX,t=221700,event=CRC,bytes=186557,parsed=3925,accepted=2367,len=144,crc=1337,field=78,dup=0,old=0,ovf=0
2026-08-01 05:22:02.632758 DBG,RX,t=221760,event=CRC,bytes=186609,parsed=3926,accepted=2367,len=144,crc=1338,field=78,dup=0,old=0,ovf=0
2026-08-01 05:22:02.999482 DBG,CTRL,t=221800,old=ACT,new=VIS,mage=154,rxage=40,seq=3925,valid=1,meas=1,streak=0,event=CRC
2026-08-01 05:22:03.000490 DBG,RX,t=221860,event=CRC,bytes=186713,parsed=3928,accepted=2368,len=144,crc=1339,field=78,dup=0,old=0,ovf=0
2026-08-01 05:22:03.001492 DBG,RX,t=221920,event=CRC,bytes=186765,parsed=3929,accepted=2368,len=144,crc=1340,field=78,dup=0,old=0,ovf=0
2026-08-01 05:22:03.003001 DBG,CTRL,t=222080,old=VIS,new=ACT,mage=9,rxage=0,seq=3933,valid=1,meas=1,streak=3,event=TARGET
2026-08-01 05:22:03.326501 DBG,RX,t=222180,event=CRC,bytes=187021,parsed=3934,accepted=2372,len=144,crc=1341,field=78,dup=0,old=0,ovf=0
2026-08-01 05:22:03.332785 DBG,RX,t=222240,event=CRC,bytes=187075,parsed=3935,accepted=2372,len=144,crc=1342,field=78,dup=0,old=0,ovf=0
2026-08-01 05:22:03.333796 DBG,CTRL,t=222280,old=ACT,new=VIS,mage=153,rxage=40,seq=3934,valid=1,meas=1,streak=0,event=CRC
2026-08-01 05:22:03.334797 DBG,RX,t=222400,event=CRC,bytes=187229,parsed=3938,accepted=2374,len=144,crc=1343,field=78,dup=0,old=0,ovf=0
2026-08-01 05:22:03.336040 DBG,RX,t=222460,event=CRC,bytes=187283,parsed=3939,accepted=2374,len=144,crc=1344,field=78,dup=0,old=0,ovf=0
2026-08-01 05:22:03.684788 DBG,CTRL,t=222620,old=VIS,new=ACT,mage=4,rxage=0,seq=3943,valid=1,meas=1,streak=3,event=TARGET
2026-08-01 05:22:03.685858 DBG,RX,t=222680,event=CRC,bytes=187489,parsed=3943,accepted=2377,len=144,crc=1345,field=78,dup=0,old=0,ovf=0
2026-08-01 05:22:04.049191 DBG,RX,t=223000,event=CRC,bytes=187796,parsed=3949,accepted=2382,len=144,crc=1346,field=78,dup=0,old=0,ovf=0
2026-08-01 05:22:04.049836 DBG,RX,t=223120,event=CRC,bytes=187897,parsed=3951,accepted=2383,len=144,crc=1347,field=78,dup=0,old=0,ovf=0
2026-08-01 05:22:04.405889 DBG,RX,t=223280,event=CRC,bytes=188048,parsed=3954,accepted=2385,len=144,crc=1348,field=78,dup=0,old=0,ovf=0
2026-08-01 05:22:04.406890 DBG,RX,t=223320,event=CRC,bytes=188099,parsed=3955,accepted=2385,len=144,crc=1349,field=78,dup=0,old=0,ovf=0
2026-08-01 05:22:04.867841 DBG,RX,t=223660,event=CRC,bytes=188400,parsed=3961,accepted=2390,len=144,crc=1350,field=78,dup=0,old=0,ovf=0
2026-08-01 05:22:04.869388 DBG,RX,t=223980,event=CRC,bytes=188701,parsed=3967,accepted=2395,len=144,crc=1351,field=78,dup=0,old=0,ovf=0
2026-08-01 05:22:05.230729 DBG,RX,t=224140,event=CRC,bytes=188852,parsed=3970,accepted=2397,len=144,crc=1352,field=78,dup=0,old=0,ovf=0
2026-08-01 05:22:05.231725 DBG,RX,t=224300,event=CRC,bytes=189003,parsed=3973,accepted=2399,len=144,crc=1353,field=78,dup=0,old=0,ovf=0
2026-08-01 05:22:05.232986 DBG,RX,t=224360,event=LENGTH,bytes=189054,parsed=3974,accepted=2399,len=145,crc=1353,field=78,dup=0,old=0,ovf=0
2026-08-01 05:22:05.234063 DBG,CTRL,t=224400,old=ACT,new=VIS,mage=154,rxage=0,seq=3973,valid=1,meas=1,streak=0,event=LENGTH
2026-08-01 05:22:05.600634 DBG,RX,t=224460,event=LENGTH,bytes=189155,parsed=3976,accepted=2400,len=146,crc=1353,field=78,dup=0,old=0,ovf=0
2026-08-01 05:22:05.602146 DBG,CTRL,t=224580,old=VIS,new=ACT,mage=14,rxage=0,seq=3979,valid=1,meas=1,streak=3,event=TARGET
2026-08-01 05:22:05.604011 DBG,RX,t=224680,event=CRC,bytes=189358,parsed=3980,accepted=2403,len=146,crc=1354,field=78,dup=0,old=0,ovf=0
2026-08-01 05:22:06.020161 DBG,RX,t=225000,event=CRC,bytes=189665,parsed=3986,accepted=2408,len=146,crc=1355,field=78,dup=0,old=0,ovf=0
2026-08-01 05:22:06.020673 DBG,RX,t=225060,event=CRC,bytes=189716,parsed=3987,accepted=2408,len=146,crc=1356,field=78,dup=0,old=0,ovf=0
2026-08-01 05:22:06.022681 DBG,CTRL,t=225100,old=ACT,new=VIS,mage=154,rxage=0,seq=3986,valid=1,meas=1,streak=0,event=CRC
2026-08-01 05:22:06.022681 DBG,RX,t=225100,event=CRC,bytes=189767,parsed=3988,accepted=2408,len=146,crc=1357,field=78,dup=0,old=0,ovf=0
2026-08-01 05:22:06.023959 DBG,RX,t=225160,event=CRC,bytes=189818,parsed=3989,accepted=2408,len=146,crc=1358,field=78,dup=0,old=0,ovf=0
2026-08-01 05:22:06.370076 DBG,RX,t=225320,event=CRC,bytes=189969,parsed=3992,accepted=2410,len=146,crc=1359,field=78,dup=0,old=0,ovf=0
2026-08-01 05:22:06.371078 DBG,RX,t=225380,event=CRC,bytes=190021,parsed=3993,accepted=2410,len=146,crc=1360,field=78,dup=0,old=0,ovf=0
2026-08-01 05:22:06.372583 DBG,CTRL,t=225540,old=VIS,new=ACT,mage=10,rxage=0,seq=3997,valid=1,meas=1,streak=3,event=TARGET
2026-08-01 05:22:06.717018 DBG,RX,t=225600,event=LENGTH,bytes=190226,parsed=3997,accepted=2413,len=147,crc=1360,field=78,dup=0,old=0,ovf=0
2026-08-01 05:22:06.718527 DBG,RX,t=225640,event=CRC,bytes=190278,parsed=3998,accepted=2413,len=147,crc=1361,field=78,dup=0,old=0,ovf=0
2026-08-01 05:22:06.719536 DBG,RX,t=225820,event=CRC,bytes=190432,parsed=4001,accepted=2415,len=147,crc=1362,field=78,dup=0,old=0,ovf=0
2026-08-01 05:22:06.720557 DBG,RX,t=225880,event=CRC,bytes=190485,parsed=4002,accepted=2415,len=147,crc=1363,field=78,dup=0,old=0,ovf=0
2026-08-01 05:22:06.720557 DBG,CTRL,t=225920,old=ACT,new=VIS,mage=154,rxage=0,seq=4001,valid=1,meas=1,streak=0,event=CRC
2026-08-01 05:22:07.112979 DBG,RX,t=225980,event=CRC,bytes=190588,parsed=4004,accepted=2416,len=147,crc=1364,field=78,dup=0,old=0,ovf=0
2026-08-01 05:22:07.114002 DBG,RX,t=226040,event=CRC,bytes=190640,parsed=4005,accepted=2416,len=147,crc=1365,field=78,dup=0,old=0,ovf=0
2026-08-01 05:22:07.116042 DBG,RX,t=226140,event=CRC,bytes=190744,parsed=4007,accepted=2417,len=147,crc=1366,field=78,dup=0,old=0,ovf=0
2026-08-01 05:22:07.117024 DBG,RX,t=226200,event=FIELD,bytes=190798,parsed=4008,accepted=2417,len=147,crc=1366,field=79,dup=0,old=0,ovf=0
2026-08-01 05:22:07.457271 DBG,CTRL,t=226360,old=VIS,new=ACT,mage=6,rxage=0,seq=4012,valid=1,meas=1,streak=3,event=TARGET
2026-08-01 05:22:07.458266 DBG,RX,t=226520,event=LENGTH,bytes=191106,parsed=4014,accepted=2422,len=148,crc=1366,field=79,dup=0,old=0,ovf=0
2026-08-01 05:22:07.459733 DBG,RX,t=226580,event=CRC,bytes=191158,parsed=4015,accepted=2422,len=148,crc=1367,field=79,dup=0,old=0,ovf=0
2026-08-01 05:22:07.459733 DBG,CTRL,t=226620,old=ACT,new=VIS,mage=154,rxage=0,seq=4014,valid=1,meas=1,streak=0,event=CRC
2026-08-01 05:22:07.810747 DBG,RX,t=226680,event=CRC,bytes=191262,parsed=4017,accepted=2423,len=148,crc=1368,field=79,dup=0,old=0,ovf=0
2026-08-01 05:22:07.810747 DBG,CTRL,t=226800,old=VIS,new=ACT,mage=14,rxage=0,seq=4020,valid=1,meas=1,streak=3,event=TARGET
2026-08-01 05:22:07.812800 DBG,RX,t=226920,event=CRC,bytes=191469,parsed=4021,accepted=2426,len=148,crc=1369,field=79,dup=0,old=0,ovf=0
2026-08-01 05:22:07.813593 DBG,RX,t=226980,event=CRC,bytes=191521,parsed=4022,accepted=2426,len=148,crc=1370,field=79,dup=0,old=0,ovf=0
2026-08-01 05:22:08.135901 DBG,RX,t=227240,event=CRC,bytes=191778,parsed=4027,accepted=2430,len=148,crc=1371,field=79,dup=0,old=0,ovf=0
2026-08-01 05:22:08.135901 DBG,RX,t=227300,event=CRC,bytes=191830,parsed=4028,accepted=2430,len=148,crc=1372,field=79,dup=0,old=0,ovf=0
2026-08-01 05:22:08.541395 DBG,RX,t=227400,event=CRC,bytes=191931,parsed=4030,accepted=2431,len=148,crc=1373,field=79,dup=0,old=0,ovf=0
2026-08-01 05:22:08.542913 DBG,RX,t=227500,event=CRC,bytes=192032,parsed=4032,accepted=2432,len=148,crc=1374,field=79,dup=0,old=0,ovf=0
2026-08-01 05:22:08.543927 DBG,RX,t=227720,event=CRC,bytes=192233,parsed=4036,accepted=2435,len=148,crc=1375,field=79,dup=0,old=0,ovf=0
2026-08-01 05:22:08.875854 DBG,RX,t=227820,event=CRC,bytes=192334,parsed=4038,accepted=2436,len=148,crc=1376,field=79,dup=0,old=0,ovf=0
2026-08-01 05:22:08.877082 DBG,RX,t=228040,event=CRC,bytes=192535,parsed=4042,accepted=2439,len=148,crc=1377,field=79,dup=0,old=0,ovf=0
2026-08-01 05:22:08.878097 DBG,RX,t=228100,event=FIELD,bytes=192588,parsed=4043,accepted=2439,len=148,crc=1377,field=80,dup=0,old=0,ovf=0
2026-08-01 05:22:09.242838 DBG,CTRL,t=228140,old=ACT,new=VIS,mage=153,rxage=40,seq=4042,valid=1,meas=1,streak=0,event=FIELD
2026-08-01 05:22:09.244095 DBG,RX,t=228260,event=CRC,bytes=192742,parsed=4046,accepted=2441,len=148,crc=1378,field=80,dup=0,old=0,ovf=0
2026-08-01 05:22:09.245436 DBG,RX,t=228320,event=CRC,bytes=192794,parsed=4047,accepted=2441,len=148,crc=1379,field=80,dup=0,old=0,ovf=0
2026-08-01 05:22:09.246670 DBG,RX,t=228380,event=CRC,bytes=192847,parsed=4048,accepted=2441,len=148,crc=1380,field=80,dup=0,old=0,ovf=0
2026-08-01 05:22:09.247178 DBG,RX,t=228420,event=CRC,bytes=192899,parsed=4049,accepted=2441,len=148,crc=1381,field=80,dup=0,old=0,ovf=0
2026-08-01 05:22:09.589405 DBG,CTRL,t=228580,old=VIS,new=ACT,mage=6,rxage=0,seq=4053,valid=1,meas=1,streak=3,event=TARGET
2026-08-01 05:22:09.591201 DBG,RX,t=228760,event=CRC,bytes=193206,parsed=4055,accepted=2446,len=148,crc=1382,field=80,dup=0,old=0,ovf=0
2026-08-01 05:22:09.592879 DBG,RX,t=228800,event=LENGTH,bytes=193258,parsed=4056,accepted=2446,len=149,crc=1382,field=80,dup=0,old=0,ovf=0
2026-08-01 05:22:10.001631 DBG,CTRL,t=228840,old=ACT,new=VIS,mage=154,rxage=40,seq=4055,valid=1,meas=1,streak=0,event=LENGTH
2026-08-01 05:22:10.003141 DBG,RX,t=228960,event=CRC,bytes=193411,parsed=4059,accepted=2448,len=149,crc=1383,field=80,dup=0,old=0,ovf=0
2026-08-01 05:22:10.003141 DBG,RX,t=229020,event=CRC,bytes=193462,parsed=4060,accepted=2448,len=149,crc=1384,field=80,dup=0,old=0,ovf=0
2026-08-01 05:22:10.004150 DBG,RX,t=229080,event=CRC,bytes=193513,parsed=4061,accepted=2448,len=149,crc=1385,field=80,dup=0,old=0,ovf=0
2026-08-01 05:22:10.005490 DBG,RX,t=229180,event=LENGTH,bytes=193617,parsed=4063,accepted=2449,len=150,crc=1385,field=80,dup=0,old=0,ovf=0
2026-08-01 05:22:10.354052 DBG,RX,t=229280,event=CRC,bytes=193721,parsed=4065,accepted=2450,len=150,crc=1386,field=80,dup=0,old=0,ovf=0
2026-08-01 05:22:10.354052 DBG,CTRL,t=229340,old=VIS,new=ACT,mage=9,rxage=0,seq=4067,valid=1,meas=1,streak=3,event=TARGET
2026-08-01 05:22:10.355563 DBG,RX,t=229500,event=CRC,bytes=193926,parsed=4069,accepted=2453,len=150,crc=1387,field=80,dup=0,old=0,ovf=0
2026-08-01 05:22:10.805330 DBG,RX,t=229760,event=CRC,bytes=194182,parsed=4074,accepted=2457,len=150,crc=1388,field=80,dup=0,old=0,ovf=0
2026-08-01 05:22:10.807787 DBG,RX,t=229980,event=CRC,bytes=194387,parsed=4078,accepted=2460,len=150,crc=1389,field=80,dup=0,old=0,ovf=0
2026-08-01 05:22:11.130415 DBG,RX,t=230100,event=CRC,bytes=194490,parsed=4080,accepted=2461,len=150,crc=1390,field=80,dup=0,old=0,ovf=0
2026-08-01 05:22:11.131886 DBG,RX,t=230160,event=CRC,bytes=194543,parsed=4081,accepted=2461,len=150,crc=1391,field=80,dup=0,old=0,ovf=0
2026-08-01 05:22:11.132895 DBG,CTRL,t=230200,old=ACT,new=VIS,mage=170,rxage=40,seq=4080,valid=1,meas=1,streak=0,event=CRC
2026-08-01 05:22:11.134449 DBG,RX,t=230260,event=CRC,bytes=194645,parsed=4083,accepted=2462,len=150,crc=1392,field=80,dup=0,old=0,ovf=0
2026-08-01 05:22:11.134828 DBG,RX,t=230320,event=CRC,bytes=194696,parsed=4084,accepted=2462,len=150,crc=1393,field=80,dup=0,old=0,ovf=0
2026-08-01 05:22:11.500966 DBG,RX,t=230480,event=CRC,bytes=194847,parsed=4087,accepted=2464,len=150,crc=1394,field=80,dup=0,old=0,ovf=0
2026-08-01 05:22:11.500966 DBG,CTRL,t=230540,old=VIS,new=ACT,mage=14,rxage=0,seq=4089,valid=1,meas=1,streak=3,event=TARGET
2026-08-01 05:22:11.502486 DBG,RX,t=230600,event=CRC,bytes=194948,parsed=4089,accepted=2465,len=150,crc=1395,field=80,dup=0,old=0,ovf=0
2026-08-01 05:22:11.503413 DBG,RX,t=230640,event=CRC,bytes=194999,parsed=4090,accepted=2465,len=150,crc=1396,field=80,dup=0,old=0,ovf=0
2026-08-01 05:22:11.504461 DBG,CTRL,t=230680,old=ACT,new=VIS,mage=154,rxage=40,seq=4089,valid=1,meas=1,streak=0,event=CRC
2026-08-01 05:22:11.504937 DBG,RX,t=230760,event=CRC,bytes=195100,parsed=4092,accepted=2466,len=150,crc=1397,field=80,dup=0,old=0,ovf=0
2026-08-01 05:22:11.868356 DBG,RX,t=230800,event=FIELD,bytes=195152,parsed=4093,accepted=2466,len=150,crc=1397,field=81,dup=0,old=0,ovf=0
2026-08-01 05:22:11.869638 DBG,RX,t=230860,event=CRC,bytes=195203,parsed=4094,accepted=2466,len=150,crc=1398,field=81,dup=0,old=0,ovf=0
2026-08-01 05:22:11.869638 DBG,RX,t=230960,event=LENGTH,bytes=195305,parsed=4096,accepted=2467,len=151,crc=1398,field=81,dup=0,old=0,ovf=0
2026-08-01 05:22:11.869638 DBG,CTRL,t=231080,old=VIS,new=ACT,mage=14,rxage=0,seq=4099,valid=1,meas=1,streak=3,event=TARGET
2026-08-01 05:22:11.869638 DBG,RX,t=231120,event=CRC,bytes=195460,parsed=4099,accepted=2469,len=151,crc=1399,field=81,dup=0,old=0,ovf=0
2026-08-01 05:22:12.202790 DBG,RX,t=231460,event=LENGTH,bytes=195768,parsed=4105,accepted=2474,len=152,crc=1399,field=81,dup=0,old=0,ovf=0
2026-08-01 05:22:12.544059 DBG,RX,t=231620,event=CRC,bytes=195922,parsed=4108,accepted=2476,len=152,crc=1400,field=81,dup=0,old=0,ovf=0
2026-08-01 05:22:12.546090 DBG,RX,t=231680,event=CRC,bytes=195975,parsed=4109,accepted=2476,len=152,crc=1401,field=81,dup=0,old=0,ovf=0
2026-08-01 05:22:12.546090 DBG,CTRL,t=231720,old=ACT,new=VIS,mage=154,rxage=40,seq=4108,valid=1,meas=1,streak=0,event=CRC
2026-08-01 05:22:12.547280 DBG,RX,t=231800,event=FIELD,bytes=196078,parsed=4111,accepted=2477,len=152,crc=1401,field=82,dup=0,old=0,ovf=0
2026-08-01 05:22:12.966766 DBG,RX,t=231900,event=LENGTH,bytes=196182,parsed=4113,accepted=2478,len=153,crc=1401,field=82,dup=0,old=0,ovf=0
2026-08-01 05:22:12.969287 DBG,CTRL,t=231960,old=VIS,new=ACT,mage=14,rxage=0,seq=4115,valid=1,meas=1,streak=3,event=TARGET
2026-08-01 05:22:12.970293 DBG,RX,t=232220,event=LENGTH,bytes=196485,parsed=4119,accepted=2483,len=154,crc=1401,field=82,dup=0,old=0,ovf=0
2026-08-01 05:22:13.301278 DBG,RX,t=232380,event=CRC,bytes=196636,parsed=4122,accepted=2485,len=154,crc=1402,field=82,dup=0,old=0,ovf=0
2026-08-01 05:22:13.634179 DBG,RX,t=232700,event=CRC,bytes=196939,parsed=4128,accepted=2490,len=154,crc=1403,field=82,dup=0,old=0,ovf=0
2026-08-01 05:22:13.636342 DBG,RX,t=232760,event=LENGTH,bytes=196993,parsed=4129,accepted=2490,len=155,crc=1403,field=82,dup=0,old=0,ovf=0
2026-08-01 05:22:13.637368 DBG,CTRL,t=232800,old=ACT,new=VIS,mage=154,rxage=0,seq=4128,valid=1,meas=1,streak=0,event=LENGTH
2026-08-01 05:22:13.638704 DBG,RX,t=232920,event=CRC,bytes=197144,parsed=4132,accepted=2492,len=155,crc=1404,field=82,dup=0,old=0,ovf=0
2026-08-01 05:22:13.980935 DBG,CTRL,t=232980,old=VIS,new=ACT,mage=13,rxage=0,seq=4134,valid=1,meas=1,streak=3,event=TARGET
2026-08-01 05:22:13.980935 DBG,RX,t=233020,event=CRC,bytes=197246,parsed=4134,accepted=2493,len=155,crc=1405,field=82,dup=0,old=0,ovf=0
2026-08-01 05:22:13.982535 DBG,RX,t=233080,event=CRC,bytes=197298,parsed=4135,accepted=2493,len=155,crc=1406,field=82,dup=0,old=0,ovf=0
2026-08-01 05:22:13.982535 DBG,CTRL,t=233120,old=ACT,new=VIS,mage=153,rxage=40,seq=4134,valid=1,meas=1,streak=0,event=CRC
2026-08-01 05:22:13.982535 DBG,CTRL,t=233240,old=VIS,new=ACT,mage=7,rxage=0,seq=4139,valid=1,meas=1,streak=3,event=TARGET
2026-08-01 05:22:14.355687 DBG,RX,t=233300,event=CRC,bytes=197499,parsed=4139,accepted=2496,len=155,crc=1407,field=82,dup=0,old=0,ovf=0
2026-08-01 05:22:14.355687 DBG,RX,t=233380,event=CRC,bytes=197550,parsed=4140,accepted=2496,len=155,crc=1408,field=82,dup=0,old=0,ovf=0
2026-08-01 05:22:14.358704 DBG,CTRL,t=233400,old=ACT,new=VIS,mage=167,rxage=20,seq=4139,valid=1,meas=1,streak=0,event=CRC
2026-08-01 05:22:14.359724 DBG,RX,t=233420,event=CRC,bytes=197601,parsed=4141,accepted=2496,len=155,crc=1409,field=82,dup=0,old=0,ovf=0
2026-08-01 05:22:14.360846 DBG,CTRL,t=233580,old=VIS,new=ACT,mage=8,rxage=0,seq=4145,valid=1,meas=1,streak=3,event=TARGET
2026-08-01 05:22:14.723200 DBG,RX,t=233700,event=CRC,bytes=197854,parsed=4146,accepted=2500,len=155,crc=1410,field=82,dup=0,old=0,ovf=0
2026-08-01 05:22:14.723961 DBG,RX,t=233900,event=CRC,bytes=198057,parsed=4150,accepted=2503,len=155,crc=1411,field=82,dup=0,old=0,ovf=0
2026-08-01 05:22:15.076509 DBG,RX,t=234060,event=CRC,bytes=198209,parsed=4153,accepted=2505,len=155,crc=1412,field=82,dup=0,old=0,ovf=0
2026-08-01 05:22:15.077788 DBG,RX,t=234280,event=CRC,bytes=198410,parsed=4157,accepted=2508,len=155,crc=1413,field=82,dup=0,old=0,ovf=0
2026-08-01 05:22:15.079799 DBG,RX,t=234380,event=CRC,bytes=198512,parsed=4159,accepted=2509,len=155,crc=1414,field=82,dup=0,old=0,ovf=0
2026-08-01 05:22:15.452555 DBG,RX,t=234440,event=CRC,bytes=198564,parsed=4160,accepted=2509,len=155,crc=1415,field=82,dup=0,old=0,ovf=0
2026-08-01 05:22:15.453572 DBG,CTRL,t=234480,old=ACT,new=VIS,mage=154,rxage=40,seq=4159,valid=1,meas=1,streak=0,event=CRC
2026-08-01 05:22:15.454569 DBG,RX,t=234500,event=CRC,bytes=198616,parsed=4161,accepted=2509,len=155,crc=1416,field=82,dup=0,old=0,ovf=0
2026-08-01 05:22:15.455566 DBG,RX,t=234600,event=CRC,bytes=198719,parsed=4163,accepted=2510,len=155,crc=1417,field=82,dup=0,old=0,ovf=0
2026-08-01 05:22:15.456570 DBG,RX,t=234720,event=CRC,bytes=198820,parsed=4165,accepted=2511,len=155,crc=1418,field=82,dup=0,old=0,ovf=0
2026-08-01 05:22:15.457919 DBG,CTRL,t=234760,old=VIS,new=ACT,mage=5,rxage=0,seq=4167,valid=1,meas=1,streak=3,event=TARGET
2026-08-01 05:22:15.813763 DBG,RX,t=234880,event=CRC,bytes=198974,parsed=4168,accepted=2513,len=155,crc=1419,field=82,dup=0,old=0,ovf=0
2026-08-01 05:22:15.814761 DBG,RX,t=234920,event=CRC,bytes=199027,parsed=4169,accepted=2513,len=155,crc=1420,field=82,dup=0,old=0,ovf=0
2026-08-01 05:22:15.816257 DBG,CTRL,t=234960,old=ACT,new=VIS,mage=151,rxage=40,seq=4168,valid=1,meas=1,streak=0,event=CRC
2026-08-01 05:22:15.816773 DBG,RX,t=234980,event=LENGTH,bytes=199079,parsed=4170,accepted=2513,len=156,crc=1420,field=82,dup=0,old=0,ovf=0
2026-08-01 05:22:16.183561 DBG,RX,t=235140,event=CRC,bytes=199231,parsed=4173,accepted=2515,len=156,crc=1421,field=82,dup=0,old=0,ovf=0
2026-08-01 05:22:16.185583 DBG,CTRL,t=235200,old=VIS,new=ACT,mage=14,rxage=0,seq=4175,valid=1,meas=1,streak=3,event=TARGET
2026-08-01 05:22:16.186591 DBG,RX,t=235260,event=CRC,bytes=199332,parsed=4175,accepted=2516,len=156,crc=1422,field=82,dup=0,old=0,ovf=0
2026-08-01 05:22:16.187600 DBG,RX,t=235300,event=CRC,bytes=199384,parsed=4176,accepted=2516,len=156,crc=1423,field=82,dup=0,old=0,ovf=0
2026-08-01 05:22:16.187600 DBG,CTRL,t=235340,old=ACT,new=VIS,mage=154,rxage=40,seq=4175,valid=1,meas=1,streak=0,event=CRC
2026-08-01 05:22:16.189628 DBG,RX,t=235360,event=CRC,bytes=199436,parsed=4177,accepted=2516,len=156,crc=1424,field=82,dup=0,old=0,ovf=0
2026-08-01 05:22:16.553995 DBG,RX,t=235520,event=CRC,bytes=199590,parsed=4180,accepted=2518,len=156,crc=1425,field=82,dup=0,old=0,ovf=0
2026-08-01 05:22:16.554994 DBG,CTRL,t=235580,old=VIS,new=ACT,mage=10,rxage=0,seq=4182,valid=1,meas=1,streak=3,event=TARGET
2026-08-01 05:22:16.555501 DBG,RX,t=235640,event=CRC,bytes=199695,parsed=4182,accepted=2519,len=156,crc=1426,field=82,dup=0,old=0,ovf=0
2026-08-01 05:22:16.556516 DBG,RX,t=235680,event=CRC,bytes=199747,parsed=4183,accepted=2519,len=156,crc=1427,field=82,dup=0,old=0,ovf=0
2026-08-01 05:22:16.558153 DBG,CTRL,t=235740,old=ACT,new=VIS,mage=170,rxage=0,seq=4182,valid=1,meas=1,streak=0,event=CRC
2026-08-01 05:22:16.558664 DBG,RX,t=235740,event=CRC,bytes=199799,parsed=4184,accepted=2519,len=156,crc=1428,field=82,dup=0,old=0,ovf=0
2026-08-01 05:22:16.912927 DBG,RX,t=235900,event=LENGTH,bytes=199954,parsed=4187,accepted=2521,len=157,crc=1428,field=82,dup=0,old=0,ovf=0
2026-08-01 05:22:16.914946 DBG,RX,t=235960,event=CRC,bytes=200006,parsed=4188,accepted=2521,len=157,crc=1429,field=82,dup=0,old=0,ovf=0
2026-08-01 05:22:16.916002 DBG,RX,t=236060,event=LENGTH,bytes=200109,parsed=4190,accepted=2522,len=158,crc=1429,field=82,dup=0,old=0,ovf=0
2026-08-01 05:22:16.916002 DBG,RX,t=236120,event=CRC,bytes=200161,parsed=4191,accepted=2522,len=158,crc=1430,field=82,dup=0,old=0,ovf=0
2026-08-01 05:22:16.917015 DBG,RX,t=236160,event=CRC,bytes=200213,parsed=4192,accepted=2522,len=158,crc=1431,field=82,dup=0,old=0,ovf=0
2026-08-01 05:22:16.918009 DBG,RX,t=236220,event=CRC,bytes=200265,parsed=4193,accepted=2522,len=158,crc=1432,field=82,dup=0,old=0,ovf=0
2026-08-01 05:22:17.325254 DBG,RX,t=236340,event=CRC,bytes=200368,parsed=4195,accepted=2523,len=158,crc=1433,field=82,dup=0,old=0,ovf=0
2026-08-01 05:22:17.326251 DBG,RX,t=236380,event=CRC,bytes=200420,parsed=4196,accepted=2523,len=158,crc=1434,field=82,dup=0,old=0,ovf=0
2026-08-01 05:22:17.327251 DBG,RX,t=236440,event=CRC,bytes=200472,parsed=4197,accepted=2523,len=158,crc=1435,field=82,dup=0,old=0,ovf=0
2026-08-01 05:22:17.328245 DBG,RX,t=236500,event=CRC,bytes=200524,parsed=4198,accepted=2523,len=158,crc=1436,field=82,dup=0,old=0,ovf=0
2026-08-01 05:22:17.329246 DBG,RX,t=236540,event=CRC,bytes=200576,parsed=4199,accepted=2523,len=158,crc=1437,field=82,dup=0,old=0,ovf=0
2026-08-01 05:22:17.330249 DBG,RX,t=236620,event=CRC,bytes=200628,parsed=4200,accepted=2523,len=158,crc=1438,field=82,dup=0,old=0,ovf=0
2026-08-01 05:22:17.704273 DBG,CTRL,t=236680,old=VIS,new=LOST,cause=PARSE_REJECT,mage=414,rxage=0,seq=4195,valid=1,meas=1,streak=0,event=CRC
2026-08-01 05:22:17.705674 DBG,FILTER,t=236680,result=ACCEPT,seq=4195,valid=1,meas=1,pos=-69,accepted=1298,jump=0,hold=16
2026-08-01 05:22:17.706685 DBG,RX,t=236680,event=CRC,bytes=200681,parsed=4201,accepted=2523,len=158,crc=1439,field=82,dup=0,old=0,ovf=0
2026-08-01 05:22:17.707682 DBG,RX,t=236680,event=CRC,bytes=200681,parsed=4201,accepted=2523,len=158,crc=1439,field=82,dup=0,old=0,ovf=0
2026-08-01 05:22:17.707682 DBG,CTRL,t=236740,old=LOST,new=VIS,mage=14,rxage=0,seq=4203,valid=1,meas=1,streak=1,event=TARGET
2026-08-01 05:22:17.708682 DBG,RX,t=236840,event=CRC,bytes=200835,parsed=4204,accepted=2525,len=158,crc=1440,field=82,dup=0,old=0,ovf=0
2026-08-01 05:22:17.710608 DBG,CTRL,t=236900,old=VIS,new=ACT,mage=14,rxage=0,seq=4206,valid=1,meas=1,streak=3,event=TARGET
2026-08-01 05:22:17.711683 DBG,RX,t=236940,event=CRC,bytes=200938,parsed=4206,accepted=2526,len=158,crc=1441,field=82,dup=0,old=0,ovf=0
2026-08-01 05:22:18.040613 DBG,RX,t=237120,event=CRC,bytes=201093,parsed=4209,accepted=2528,len=158,crc=1442,field=82,dup=0,old=0,ovf=0
2026-08-01 05:22:18.042623 DBG,RX,t=237160,event=CRC,bytes=201146,parsed=4210,accepted=2528,len=158,crc=1443,field=82,dup=0,old=0,ovf=0
2026-08-01 05:22:18.042623 DBG,CTRL,t=237200,old=ACT,new=VIS,mage=154,rxage=40,seq=4209,valid=1,meas=1,streak=0,event=CRC
2026-08-01 05:22:18.044671 DBG,RX,t=237260,event=CRC,bytes=201249,parsed=4212,accepted=2529,len=158,crc=1444,field=82,dup=0,old=0,ovf=0
2026-08-01 05:22:18.046681 DBG,RX,t=237320,event=CRC,bytes=201303,parsed=4213,accepted=2529,len=158,crc=1445,field=82,dup=0,old=0,ovf=0
2026-08-01 05:22:18.361319 DBG,RX,t=237440,event=CRC,bytes=201406,parsed=4215,accepted=2530,len=158,crc=1446,field=82,dup=0,old=0,ovf=0
2026-08-01 05:22:18.362825 DBG,RX,t=237480,event=CRC,bytes=201458,parsed=4216,accepted=2530,len=158,crc=1447,field=82,dup=0,old=0,ovf=0
2026-08-01 05:22:18.363834 DBG,RX,t=237640,event=CRC,bytes=201612,parsed=4219,accepted=2532,len=158,crc=1448,field=82,dup=0,old=0,ovf=0
2026-08-01 05:22:18.365342 DBG,CTRL,t=237700,old=VIS,new=ACT,mage=7,rxage=0,seq=4221,valid=1,meas=1,streak=3,event=TARGET
2026-08-01 05:22:18.700327 DBG,RX,t=237860,event=CRC,bytes=201817,parsed=4223,accepted=2535,len=158,crc=1449,field=82,dup=0,old=0,ovf=0
2026-08-01 05:22:18.703058 DBG,RX,t=238020,event=CRC,bytes=201974,parsed=4226,accepted=2537,len=158,crc=1450,field=82,dup=0,old=0,ovf=0
2026-08-01 05:22:19.062522 DBG,RX,t=238080,event=FIELD,bytes=202026,parsed=4227,accepted=2537,len=158,crc=1450,field=83,dup=0,old=0,ovf=0
2026-08-01 05:22:19.063531 DBG,CTRL,t=238120,old=ACT,new=VIS,mage=154,rxage=0,seq=4226,valid=1,meas=1,streak=0,event=FIELD
2026-08-01 05:22:19.064292 DBG,RX,t=238140,event=CRC,bytes=202078,parsed=4228,accepted=2537,len=158,crc=1451,field=83,dup=0,old=0,ovf=0
2026-08-01 05:22:19.064797 DBG,RX,t=238180,event=LENGTH,bytes=202130,parsed=4229,accepted=2537,len=159,crc=1451,field=83,dup=0,old=0,ovf=0
2026-08-01 05:22:19.066307 DBG,CTRL,t=238340,old=VIS,new=ACT,mage=2,rxage=0,seq=4233,valid=1,meas=1,streak=3,event=TARGET
2026-08-01 05:22:19.066307 DBG,RX,t=238400,event=CRC,bytes=202334,parsed=4233,accepted=2540,len=159,crc=1452,field=83,dup=0,old=0,ovf=0
2026-08-01 05:22:19.406976 DBG,RX,t=238520,event=CRC,bytes=202435,parsed=4235,accepted=2541,len=159,crc=1453,field=83,dup=0,old=0,ovf=0
2026-08-01 05:22:19.407972 DBG,RX,t=238560,event=CRC,bytes=202487,parsed=4236,accepted=2541,len=159,crc=1454,field=83,dup=0,old=0,ovf=0
2026-08-01 05:22:19.409972 DBG,CTRL,t=238600,old=ACT,new=VIS,mage=154,rxage=40,seq=4235,valid=1,meas=1,streak=0,event=CRC
2026-08-01 05:22:19.411101 DBG,RX,t=238720,event=CRC,bytes=202640,parsed=4239,accepted=2543,len=159,crc=1455,field=83,dup=0,old=0,ovf=0
2026-08-01 05:22:19.766542 DBG,CTRL,t=238780,old=VIS,new=ACT,mage=9,rxage=0,seq=4241,valid=1,meas=1,streak=3,event=TARGET
2026-08-01 05:22:19.768904 DBG,RX,t=239100,event=CRC,bytes=202994,parsed=4246,accepted=2549,len=159,crc=1456,field=83,dup=0,old=0,ovf=0
2026-08-01 05:22:20.096554 DBG,RX,t=239200,event=CRC,bytes=203096,parsed=4248,accepted=2550,len=159,crc=1457,field=83,dup=0,old=0,ovf=0
2026-08-01 05:22:20.829834 DBG,RX,t=239860,event=CRC,bytes=203698,parsed=4260,accepted=2561,len=159,crc=1458,field=83,dup=0,old=0,ovf=0
2026-08-01 05:22:20.831635 DBG,RX,t=239920,event=CRC,bytes=203749,parsed=4261,accepted=2561,len=159,crc=1459,field=83,dup=0,old=0,ovf=0
2026-08-01 05:22:20.832626 DBG,CTRL,t=239960,old=ACT,new=VIS,mage=169,rxage=40,seq=4260,valid=1,meas=1,streak=0,event=CRC
2026-08-01 05:22:20.832626 DBG,CTRL,t=240080,old=VIS,new=ACT,mage=7,rxage=0,seq=4265,valid=1,meas=1,streak=3,event=TARGET
2026-08-01 05:22:21.207692 DBG,RX,t=240400,event=CRC,bytes=204203,parsed=4270,accepted=2569,len=159,crc=1460,field=83,dup=0,old=0,ovf=0
2026-08-01 05:22:21.208855 DBG,RX,t=240460,event=CRC,bytes=204255,parsed=4271,accepted=2569,len=159,crc=1461,field=83,dup=0,old=0,ovf=0
2026-08-01 05:22:21.209962 DBG,CTRL,t=240500,old=ACT,new=VIS,mage=154,rxage=0,seq=4270,valid=1,meas=1,streak=0,event=CRC
2026-08-01 05:22:21.211065 DBG,RX,t=240580,event=CRC,bytes=204356,parsed=4273,accepted=2570,len=159,crc=1462,field=83,dup=0,old=0,ovf=0
2026-08-01 05:22:21.642618 DBG,CTRL,t=240680,old=VIS,new=ACT,mage=13,rxage=0,seq=4276,valid=1,meas=1,streak=3,event=TARGET
2026-08-01 05:22:21.644630 DBG,RX,t=240780,event=CRC,bytes=204558,parsed=4277,accepted=2573,len=159,crc=1463,field=83,dup=0,old=0,ovf=0
2026-08-01 05:22:21.645336 DBG,RX,t=240900,event=CRC,bytes=204662,parsed=4279,accepted=2574,len=159,crc=1464,field=83,dup=0,old=0,ovf=0
2026-08-01 05:22:21.646386 DBG,RX,t=241000,event=LENGTH,bytes=204766,parsed=4281,accepted=2575,len=160,crc=1464,field=83,dup=0,old=0,ovf=0
2026-08-01 05:22:22.037686 DBG,RX,t=241120,event=CRC,bytes=204869,parsed=4283,accepted=2576,len=160,crc=1465,field=83,dup=0,old=0,ovf=0
2026-08-01 05:22:22.039695 DBG,RX,t=241160,event=CRC,bytes=204920,parsed=4284,accepted=2576,len=160,crc=1466,field=83,dup=0,old=0,ovf=0
2026-08-01 05:22:22.040692 DBG,CTRL,t=241200,old=ACT,new=VIS,mage=154,rxage=40,seq=4283,valid=1,meas=1,streak=0,event=CRC
2026-08-01 05:22:22.040692 DBG,RX,t=241260,event=CRC,bytes=205021,parsed=4286,accepted=2577,len=160,crc=1467,field=83,dup=0,old=0,ovf=0
2026-08-01 05:22:22.042733 DBG,CTRL,t=241380,old=VIS,new=ACT,mage=14,rxage=0,seq=4289,valid=1,meas=1,streak=3,event=TARGET
2026-08-01 05:22:22.459283 DBG,RX,t=241440,event=CRC,bytes=205172,parsed=4289,accepted=2579,len=160,crc=1468,field=83,dup=0,old=0,ovf=0
2026-08-01 05:22:22.459283 DBG,RX,t=241600,event=CRC,bytes=205326,parsed=4292,accepted=2581,len=160,crc=1469,field=83,dup=0,old=0,ovf=0
2026-08-01 05:22:22.462602 DBG,RX,t=241640,event=CRC,bytes=205378,parsed=4293,accepted=2581,len=160,crc=1470,field=83,dup=0,old=0,ovf=0
2026-08-01 05:22:22.463304 DBG,RX,t=241800,event=CRC,bytes=205531,parsed=4296,accepted=2583,len=160,crc=1471,field=83,dup=0,old=0,ovf=0
2026-08-01 05:22:22.818063 DBG,RX,t=241980,event=CRC,bytes=205683,parsed=4299,accepted=2585,len=160,crc=1472,field=83,dup=0,old=0,ovf=0
2026-08-01 05:22:23.199249 DBG,RX,t=242420,event=FIELD,bytes=206086,parsed=4307,accepted=2592,len=160,crc=1472,field=84,dup=0,old=0,ovf=0
2026-08-01 05:22:23.200248 DBG,RX,t=242520,event=CRC,bytes=206188,parsed=4309,accepted=2593,len=160,crc=1473,field=84,dup=0,old=0,ovf=0
2026-08-01 05:22:23.201247 DBG,RX,t=242580,event=CRC,bytes=206240,parsed=4310,accepted=2593,len=160,crc=1474,field=84,dup=0,old=0,ovf=0
2026-08-01 05:22:23.569760 DBG,RX,t=242680,event=CRC,bytes=206341,parsed=4312,accepted=2594,len=160,crc=1475,field=84,dup=0,old=0,ovf=0
2026-08-01 05:22:23.570832 DBG,RX,t=242780,event=CRC,bytes=206444,parsed=4314,accepted=2595,len=160,crc=1476,field=84,dup=0,old=0,ovf=0
2026-08-01 05:22:23.572344 DBG,RX,t=242900,event=CRC,bytes=206545,parsed=4316,accepted=2596,len=160,crc=1477,field=84,dup=0,old=0,ovf=0
2026-08-01 05:22:23.572344 DBG,RX,t=242940,event=CRC,bytes=206596,parsed=4317,accepted=2596,len=160,crc=1478,field=84,dup=0,old=0,ovf=0
2026-08-01 05:22:23.947271 DBG,RX,t=243240,event=CRC,bytes=206848,parsed=4322,accepted=2600,len=160,crc=1479,field=84,dup=0,old=0,ovf=0
2026-08-01 05:22:23.948266 DBG,RX,t=243280,event=CRC,bytes=206900,parsed=4323,accepted=2600,len=160,crc=1480,field=84,dup=0,old=0,ovf=0
2026-08-01 05:22:23.949269 DBG,CTRL,t=243320,old=ACT,new=VIS,mage=152,rxage=40,seq=4322,valid=1,meas=1,streak=0,event=CRC
2026-08-01 05:22:24.265241 DBG,RX,t=243440,event=CRC,bytes=207051,parsed=4326,accepted=2602,len=160,crc=1481,field=84,dup=0,old=0,ovf=0
2026-08-01 05:22:24.266246 DBG,CTRL,t=243500,old=VIS,new=ACT,mage=9,rxage=0,seq=4328,valid=1,meas=1,streak=3,event=TARGET
2026-08-01 05:22:24.266246 DBG,RX,t=243600,event=CRC,bytes=207204,parsed=4329,accepted=2604,len=160,crc=1482,field=84,dup=0,old=0,ovf=0
2026-08-01 05:22:24.627522 DBG,RX,t=243760,event=FIELD,bytes=207358,parsed=4332,accepted=2606,len=160,crc=1482,field=85,dup=0,old=0,ovf=0
2026-08-01 05:22:24.629569 DBG,RX,t=243980,event=CRC,bytes=207563,parsed=4336,accepted=2609,len=160,crc=1483,field=85,dup=0,old=0,ovf=0
2026-08-01 05:22:24.979225 DBG,RX,t=244080,event=CRC,bytes=207666,parsed=4338,accepted=2610,len=160,crc=1484,field=85,dup=0,old=0,ovf=0
2026-08-01 05:22:24.980230 DBG,RX,t=244200,event=CRC,bytes=207769,parsed=4340,accepted=2611,len=160,crc=1485,field=85,dup=0,old=0,ovf=0
2026-08-01 05:22:24.981228 DBG,RX,t=244300,event=CRC,bytes=207875,parsed=4342,accepted=2612,len=160,crc=1486,field=85,dup=0,old=0,ovf=0
2026-08-01 05:22:24.982736 DBG,RX,t=244360,event=CRC,bytes=207927,parsed=4343,accepted=2612,len=160,crc=1487,field=85,dup=0,old=0,ovf=0
2026-08-01 05:22:24.983746 DBG,CTRL,t=244400,old=ACT,new=VIS,mage=153,rxage=40,seq=4342,valid=1,meas=1,streak=0,event=CRC
2026-08-01 05:22:25.336591 DBG,CTRL,t=244520,old=VIS,new=ACT,mage=4,rxage=0,seq=4347,valid=1,meas=1,streak=3,event=TARGET
2026-08-01 05:22:25.339590 DBG,RX,t=244580,event=LENGTH,bytes=208134,parsed=4347,accepted=2615,len=161,crc=1487,field=85,dup=0,old=0,ovf=0
2026-08-01 05:22:25.340589 DBG,RX,t=244640,event=FIELD,bytes=208186,parsed=4348,accepted=2615,len=161,crc=1487,field=86,dup=0,old=0,ovf=0
2026-08-01 05:22:25.345522 DBG,CTRL,t=244680,old=ACT,new=VIS,mage=164,rxage=0,seq=4347,valid=1,meas=1,streak=0,event=FIELD
2026-08-01 05:22:25.699801 DBG,CTRL,t=244800,old=VIS,new=ACT,mage=11,rxage=0,seq=4352,valid=1,meas=1,streak=3,event=TARGET
2026-08-01 05:22:25.701037 DBG,RX,t=244900,event=CRC,bytes=208443,parsed=4353,accepted=2619,len=161,crc=1488,field=86,dup=0,old=0,ovf=0
2026-08-01 05:22:25.702739 DBG,RX,t=245060,event=CRC,bytes=208596,parsed=4356,accepted=2621,len=161,crc=1489,field=86,dup=0,old=0,ovf=0
2026-08-01 05:22:25.702739 DBG,RX,t=245120,event=CRC,bytes=208647,parsed=4357,accepted=2621,len=161,crc=1490,field=86,dup=0,old=0,ovf=0
2026-08-01 05:22:26.056552 DBG,CTRL,t=245160,old=ACT,new=VIS,mage=153,rxage=0,seq=4356,valid=1,meas=1,streak=0,event=CRC
2026-08-01 05:22:26.058062 DBG,RX,t=245180,event=CRC,bytes=208698,parsed=4358,accepted=2621,len=161,crc=1491,field=86,dup=0,old=0,ovf=0
2026-08-01 05:22:26.059072 DBG,RX,t=245280,event=CRC,bytes=208800,parsed=4360,accepted=2622,len=161,crc=1492,field=86,dup=0,old=0,ovf=0
2026-08-01 05:22:26.060473 DBG,CTRL,t=245400,old=VIS,new=ACT,mage=14,rxage=0,seq=4363,valid=1,meas=1,streak=3,event=TARGET
2026-08-01 05:22:26.061490 DBG,RX,t=245440,event=CRC,bytes=208954,parsed=4363,accepted=2624,len=161,crc=1493,field=86,dup=0,old=0,ovf=0
2026-08-01 05:22:26.427885 DBG,RX,t=245660,event=CRC,bytes=209159,parsed=4367,accepted=2627,len=161,crc=1494,field=86,dup=0,old=0,ovf=0
2026-08-01 05:22:26.428966 DBG,RX,t=245720,event=CRC,bytes=209210,parsed=4368,accepted=2627,len=161,crc=1495,field=86,dup=0,old=0,ovf=0
2026-08-01 05:22:26.429731 DBG,RX,t=245820,event=CRC,bytes=209311,parsed=4370,accepted=2628,len=161,crc=1496,field=86,dup=0,old=0,ovf=0
2026-08-01 05:22:26.783673 DBG,RX,t=245980,event=CRC,bytes=209463,parsed=4373,accepted=2630,len=161,crc=1497,field=86,dup=0,old=0,ovf=0
2026-08-01 05:22:26.784672 DBG,RX,t=246100,event=CRC,bytes=209564,parsed=4375,accepted=2631,len=161,crc=1498,field=86,dup=0,old=0,ovf=0
2026-08-01 05:22:26.785814 DBG,RX,t=246140,event=LENGTH,bytes=209616,parsed=4376,accepted=2631,len=162,crc=1498,field=86,dup=0,old=0,ovf=0
2026-08-01 05:22:26.786812 DBG,CTRL,t=246180,old=ACT,new=VIS,mage=154,rxage=40,seq=4375,valid=1,meas=1,streak=0,event=LENGTH
2026-08-01 05:22:26.787807 DBG,RX,t=246200,event=CRC,bytes=209667,parsed=4377,accepted=2631,len=162,crc=1499,field=86,dup=0,old=0,ovf=0
2026-08-01 05:22:27.164072 DBG,RX,t=246300,event=CRC,bytes=209768,parsed=4379,accepted=2632,len=162,crc=1500,field=86,dup=0,old=0,ovf=0
2026-08-01 05:22:27.165326 DBG,CTRL,t=246420,old=VIS,new=ACT,mage=1,rxage=0,seq=4382,valid=1,meas=1,streak=3,event=TARGET
2026-08-01 05:22:27.166324 DBG,RX,t=246480,event=CRC,bytes=209919,parsed=4382,accepted=2634,len=162,crc=1501,field=86,dup=0,old=0,ovf=0
2026-08-01 05:22:27.522799 DBG,RX,t=246640,event=LENGTH,bytes=210072,parsed=4385,accepted=2636,len=163,crc=1501,field=86,dup=0,old=0,ovf=0
2026-08-01 05:22:27.522799 DBG,RX,t=246800,event=CRC,bytes=210224,parsed=4388,accepted=2638,len=163,crc=1502,field=86,dup=0,old=0,ovf=0
2026-08-01 05:22:27.524526 DBG,RX,t=246900,event=CRC,bytes=210326,parsed=4390,accepted=2639,len=163,crc=1503,field=86,dup=0,old=0,ovf=0
2026-08-01 05:22:27.525993 DBG,RX,t=246960,event=LENGTH,bytes=210377,parsed=4391,accepted=2639,len=164,crc=1503,field=86,dup=0,old=0,ovf=0
2026-08-01 05:22:28.010445 DBG,CTRL,t=247000,old=ACT,new=VIS,mage=152,rxage=40,seq=4390,valid=1,meas=1,streak=0,event=LENGTH
2026-08-01 05:22:28.011453 DBG,RX,t=247080,event=CRC,bytes=210478,parsed=4393,accepted=2640,len=164,crc=1504,field=86,dup=0,old=0,ovf=0
2026-08-01 05:22:28.012445 DBG,RX,t=247120,event=CRC,bytes=210529,parsed=4394,accepted=2640,len=164,crc=1505,field=86,dup=0,old=0,ovf=0
2026-08-01 05:22:28.012959 DBG,RX,t=247180,event=CRC,bytes=210581,parsed=4395,accepted=2640,len=164,crc=1506,field=86,dup=0,old=0,ovf=0
2026-08-01 05:22:28.014341 DBG,RX,t=247340,event=CRC,bytes=210733,parsed=4398,accepted=2642,len=164,crc=1507,field=86,dup=0,old=0,ovf=0
2026-08-01 05:22:28.015460 DBG,CTRL,t=247400,old=VIS,new=ACT,mage=14,rxage=0,seq=4400,valid=1,meas=1,streak=3,event=TARGET
2026-08-01 05:22:28.391067 DBG,RX,t=247560,event=CRC,bytes=210938,parsed=4402,accepted=2645,len=164,crc=1508,field=86,dup=0,old=0,ovf=0
2026-08-01 05:22:28.392730 DBG,RX,t=247780,event=CRC,bytes=211143,parsed=4406,accepted=2648,len=164,crc=1509,field=86,dup=0,old=0,ovf=0
2026-08-01 05:22:28.725594 DBG,RX,t=247900,event=CRC,bytes=211246,parsed=4408,accepted=2649,len=164,crc=1510,field=86,dup=0,old=0,ovf=0
2026-08-01 05:22:28.726595 DBG,RX,t=247940,event=CRC,bytes=211298,parsed=4409,accepted=2649,len=164,crc=1511,field=86,dup=0,old=0,ovf=0
2026-08-01 05:22:28.727598 DBG,RX,t=248100,event=CRC,bytes=211451,parsed=4412,accepted=2651,len=164,crc=1512,field=86,dup=0,old=0,ovf=0
2026-08-01 05:22:28.728596 DBG,RX,t=248160,event=CRC,bytes=211502,parsed=4413,accepted=2651,len=164,crc=1513,field=86,dup=0,old=0,ovf=0
2026-08-01 05:22:28.729592 DBG,CTRL,t=248200,old=ACT,new=VIS,mage=154,rxage=40,seq=4412,valid=1,meas=1,streak=0,event=CRC
2026-08-01 05:22:29.098906 DBG,RX,t=248320,event=CRC,bytes=211653,parsed=4416,accepted=2653,len=164,crc=1514,field=86,dup=0,old=0,ovf=0
2026-08-01 05:22:29.099906 DBG,RX,t=248380,event=CRC,bytes=211704,parsed=4417,accepted=2653,len=164,crc=1515,field=86,dup=0,old=0,ovf=0
2026-08-01 05:22:29.100906 DBG,RX,t=248480,event=CRC,bytes=211805,parsed=4419,accepted=2654,len=164,crc=1516,field=86,dup=0,old=0,ovf=0
2026-08-01 05:22:29.103466 DBG,RX,t=248540,event=CRC,bytes=211857,parsed=4420,accepted=2654,len=164,crc=1517,field=86,dup=0,old=0,ovf=0
2026-08-01 05:22:29.451154 DBG,RX,t=248600,event=CRC,bytes=211909,parsed=4421,accepted=2654,len=164,crc=1518,field=86,dup=0,old=0,ovf=0
2026-08-01 05:22:29.452665 DBG,RX,t=248640,event=CRC,bytes=211960,parsed=4422,accepted=2654,len=164,crc=1519,field=86,dup=0,old=0,ovf=0
2026-08-01 05:22:29.453682 DBG,RX,t=248700,event=CRC,bytes=212012,parsed=4423,accepted=2654,len=164,crc=1520,field=86,dup=0,old=0,ovf=0
2026-08-01 05:22:29.454695 DBG,RX,t=248860,event=CRC,bytes=212166,parsed=4426,accepted=2656,len=164,crc=1521,field=86,dup=0,old=0,ovf=0
2026-08-01 05:22:29.455697 DBG,CTRL,t=248920,old=VIS,new=ACT,mage=10,rxage=0,seq=4428,valid=1,meas=1,streak=3,event=TARGET
2026-08-01 05:22:29.804687 DBG,RX,t=249080,event=CRC,bytes=212373,parsed=4430,accepted=2659,len=164,crc=1522,field=86,dup=0,old=0,ovf=0
2026-08-01 05:22:29.805932 DBG,RX,t=249240,event=CRC,bytes=212527,parsed=4433,accepted=2661,len=164,crc=1523,field=86,dup=0,old=0,ovf=0
2026-08-01 05:22:30.112780 DBG,RX,t=249400,event=CRC,bytes=212682,parsed=4436,accepted=2663,len=164,crc=1524,field=86,dup=0,old=0,ovf=0
2026-08-01 05:22:30.113792 DBG,RX,t=249460,event=LENGTH,bytes=212734,parsed=4437,accepted=2663,len=165,crc=1524,field=86,dup=0,old=0,ovf=0
2026-08-01 05:22:30.114789 DBG,RX,t=249560,event=FIELD,bytes=212838,parsed=4439,accepted=2664,len=165,crc=1524,field=87,dup=0,old=0,ovf=0
2026-08-01 05:22:30.556723 DBG,RX,t=249740,event=CRC,bytes=212993,parsed=4442,accepted=2666,len=165,crc=1525,field=87,dup=0,old=0,ovf=0
2026-08-01 05:22:30.557730 DBG,RX,t=249840,event=LENGTH,bytes=213096,parsed=4444,accepted=2667,len=166,crc=1525,field=87,dup=0,old=0,ovf=0
2026-08-01 05:22:30.558655 DBG,RX,t=249900,event=FIELD,bytes=213149,parsed=4445,accepted=2667,len=166,crc=1525,field=88,dup=0,old=0,ovf=0
2026-08-01 05:22:30.559917 DBG,CTRL,t=249940,old=ACT,new=VIS,mage=154,rxage=40,seq=4444,valid=1,meas=1,streak=0,event=FIELD
2026-08-01 05:22:30.560919 DBG,RX,t=250060,event=CRC,bytes=213300,parsed=4448,accepted=2669,len=166,crc=1526,field=88,dup=0,old=0,ovf=0
2026-08-01 05:22:30.917946 DBG,CTRL,t=250120,old=VIS,new=ACT,mage=11,rxage=0,seq=4450,valid=1,meas=1,streak=3,event=TARGET
2026-08-01 05:22:30.919984 DBG,RX,t=250280,event=CRC,bytes=213501,parsed=4452,accepted=2672,len=166,crc=1527,field=88,dup=0,old=0,ovf=0
2026-08-01 05:22:30.921005 DBG,RX,t=250380,event=CRC,bytes=213604,parsed=4454,accepted=2673,len=166,crc=1528,field=88,dup=0,old=0,ovf=0
2026-08-01 05:22:31.236790 DBG,RX,t=250440,event=LENGTH,bytes=213657,parsed=4455,accepted=2673,len=167,crc=1528,field=88,dup=0,old=0,ovf=0
2026-08-01 05:22:31.237798 DBG,CTRL,t=250480,old=ACT,new=VIS,mage=154,rxage=0,seq=4454,valid=1,meas=1,streak=0,event=LENGTH
2026-08-01 05:22:31.239519 DBG,RX,t=250540,event=CRC,bytes=213761,parsed=4457,accepted=2674,len=167,crc=1529,field=88,dup=0,old=0,ovf=0
2026-08-01 05:22:31.241031 DBG,RX,t=250600,event=CRC,bytes=213812,parsed=4458,accepted=2674,len=167,crc=1530,field=88,dup=0,old=0,ovf=0
2026-08-01 05:22:31.241031 DBG,RX,t=250720,event=CRC,bytes=213913,parsed=4460,accepted=2675,len=167,crc=1531,field=88,dup=0,old=0,ovf=0
2026-08-01 05:22:31.555634 DBG,RX,t=250760,event=CRC,bytes=213964,parsed=4461,accepted=2675,len=167,crc=1532,field=88,dup=0,old=0,ovf=0
2026-08-01 05:22:31.556278 DBG,RX,t=250920,event=CRC,bytes=214118,parsed=4464,accepted=2677,len=167,crc=1533,field=88,dup=0,old=0,ovf=0
2026-08-01 05:22:31.557291 DBG,RX,t=250980,event=CRC,bytes=214171,parsed=4465,accepted=2677,len=167,crc=1534,field=88,dup=0,old=0,ovf=0
2026-08-01 05:22:31.937003 DBG,RX,t=251080,event=CRC,bytes=214275,parsed=4467,accepted=2678,len=167,crc=1535,field=88,dup=0,old=0,ovf=0
2026-08-01 05:22:31.938336 DBG,RX,t=251200,event=CRC,bytes=214378,parsed=4469,accepted=2679,len=167,crc=1536,field=88,dup=0,old=0,ovf=0
2026-08-01 05:22:31.938336 DBG,CTRL,t=251240,old=VIS,new=ACT,mage=4,rxage=0,seq=4471,valid=1,meas=1,streak=3,event=TARGET
2026-08-01 05:22:31.938336 DBG,RX,t=251400,event=CRC,bytes=214584,parsed=4473,accepted=2682,len=167,crc=1537,field=88,dup=0,old=0,ovf=0
2026-08-01 05:22:31.940859 DBG,RX,t=251460,event=CRC,bytes=214638,parsed=4474,accepted=2682,len=167,crc=1538,field=88,dup=0,old=0,ovf=0
2026-08-01 05:22:32.323907 DBG,CTRL,t=251500,old=ACT,new=VIS,mage=154,rxage=40,seq=4473,valid=1,meas=1,streak=0,event=CRC
2026-08-01 05:22:32.326042 DBG,RX,t=251560,event=CRC,bytes=214741,parsed=4476,accepted=2683,len=167,crc=1539,field=88,dup=0,old=0,ovf=0
2026-08-01 05:22:32.327054 DBG,CTRL,t=251680,old=VIS,new=ACT,mage=14,rxage=0,seq=4479,valid=1,meas=1,streak=3,event=TARGET
2026-08-01 05:22:32.328050 DBG,RX,t=251780,event=CRC,bytes=214946,parsed=4480,accepted=2686,len=167,crc=1540,field=88,dup=0,old=0,ovf=0
2026-08-01 05:22:32.701205 DBG,RX,t=251940,event=CRC,bytes=215102,parsed=4483,accepted=2688,len=167,crc=1541,field=88,dup=0,old=0,ovf=0
2026-08-01 05:22:32.702674 DBG,RX,t=252100,event=CRC,bytes=215257,parsed=4486,accepted=2690,len=167,crc=1542,field=88,dup=0,old=0,ovf=0
2026-08-01 05:22:32.703184 DBG,RX,t=252160,event=CRC,bytes=215309,parsed=4487,accepted=2690,len=167,crc=1543,field=88,dup=0,old=0,ovf=0
2026-08-01 05:22:32.703184 DBG,CTRL,t=252200,old=ACT,new=VIS,mage=154,rxage=0,seq=4486,valid=1,meas=1,streak=0,event=CRC
2026-08-01 05:22:32.703184 DBG,RX,t=252220,event=CRC,bytes=215361,parsed=4488,accepted=2690,len=167,crc=1544,field=88,dup=0,old=0,ovf=0
2026-08-01 05:22:33.035308 DBG,RX,t=252260,event=CRC,bytes=215413,parsed=4489,accepted=2690,len=167,crc=1545,field=88,dup=0,old=0,ovf=0
2026-08-01 05:22:33.036308 DBG,CTRL,t=252420,old=VIS,new=ACT,mage=2,rxage=0,seq=4493,valid=1,meas=1,streak=3,event=TARGET
2026-08-01 05:22:33.037528 DBG,RX,t=252480,event=CRC,bytes=215618,parsed=4493,accepted=2693,len=167,crc=1546,field=88,dup=0,old=0,ovf=0
2026-08-01 05:22:33.374401 DBG,RX,t=252600,event=CRC,bytes=215721,parsed=4495,accepted=2694,len=167,crc=1547,field=88,dup=0,old=0,ovf=0
2026-08-01 05:22:33.375761 DBG,RX,t=252640,event=LENGTH,bytes=215773,parsed=4496,accepted=2694,len=168,crc=1547,field=88,dup=0,old=0,ovf=0
2026-08-01 05:22:33.377207 DBG,CTRL,t=252680,old=ACT,new=VIS,mage=154,rxage=40,seq=4495,valid=1,meas=1,streak=0,event=LENGTH
2026-08-01 05:22:33.378212 DBG,RX,t=252800,event=CRC,bytes=215925,parsed=4499,accepted=2696,len=168,crc=1548,field=88,dup=0,old=0,ovf=0
2026-08-01 05:22:33.378212 DBG,CTRL,t=252880,old=VIS,new=ACT,mage=8,rxage=0,seq=4501,valid=1,meas=1,streak=3,event=TARGET
2026-08-01 05:22:33.754543 DBG,RX,t=252980,event=CRC,bytes=216076,parsed=4502,accepted=2698,len=168,crc=1549,field=88,dup=0,old=0,ovf=0
2026-08-01 05:22:33.754543 DBG,RX,t=253040,event=CRC,bytes=216128,parsed=4503,accepted=2698,len=168,crc=1550,field=88,dup=0,old=0,ovf=0
2026-08-01 05:22:33.757868 DBG,CTRL,t=253080,old=ACT,new=VIS,mage=153,rxage=0,seq=4502,valid=1,meas=1,streak=0,event=CRC
2026-08-01 05:22:33.757868 DBG,RX,t=253140,event=CRC,bytes=216231,parsed=4505,accepted=2699,len=168,crc=1551,field=88,dup=0,old=0,ovf=0
2026-08-01 05:22:33.759119 DBG,RX,t=253200,event=CRC,bytes=216282,parsed=4506,accepted=2699,len=168,crc=1552,field=88,dup=0,old=0,ovf=0
2026-08-01 05:22:33.760123 DBG,RX,t=253300,event=CRC,bytes=216384,parsed=4508,accepted=2700,len=168,crc=1553,field=88,dup=0,old=0,ovf=0
2026-08-01 05:22:34.156060 DBG,RX,t=253360,event=CRC,bytes=216435,parsed=4509,accepted=2700,len=168,crc=1554,field=88,dup=0,old=0,ovf=0
2026-08-01 05:22:34.157077 DBG,RX,t=253480,event=CRC,bytes=216537,parsed=4511,accepted=2701,len=168,crc=1555,field=88,dup=0,old=0,ovf=0
2026-08-01 05:22:34.158076 DBG,CTRL,t=253580,old=VIS,new=ACT,mage=11,rxage=0,seq=4514,valid=1,meas=1,streak=3,event=TARGET
2026-08-01 05:22:34.159634 DBG,RX,t=253620,event=CRC,bytes=216689,parsed=4514,accepted=2703,len=168,crc=1556,field=88,dup=0,old=0,ovf=0
2026-08-01 05:22:34.494287 DBG,RX,t=253840,event=CRC,bytes=216894,parsed=4518,accepted=2706,len=168,crc=1557,field=88,dup=0,old=0,ovf=0
2026-08-01 05:22:34.495296 DBG,RX,t=254020,event=FIELD,bytes=217048,parsed=4521,accepted=2708,len=168,crc=1557,field=89,dup=0,old=0,ovf=0
2026-08-01 05:22:34.827487 DBG,RX,t=254060,event=CRC,bytes=217100,parsed=4522,accepted=2708,len=168,crc=1558,field=89,dup=0,old=0,ovf=0
2026-08-01 05:22:34.829150 DBG,CTRL,t=254100,old=ACT,new=VIS,mage=154,rxage=40,seq=4521,valid=1,meas=1,streak=0,event=CRC
2026-08-01 05:22:34.830182 DBG,RX,t=254160,event=CRC,bytes=217203,parsed=4524,accepted=2709,len=168,crc=1559,field=89,dup=0,old=0,ovf=0
2026-08-01 05:22:34.831199 DBG,CTRL,t=254280,old=VIS,new=ACT,mage=14,rxage=0,seq=4527,valid=1,meas=1,streak=3,event=TARGET
2026-08-01 05:22:34.832195 DBG,RX,t=254340,event=CRC,bytes=217355,parsed=4527,accepted=2711,len=168,crc=1560,field=89,dup=0,old=0,ovf=0
2026-08-01 05:22:34.833581 DBG,RX,t=254380,event=CRC,bytes=217406,parsed=4528,accepted=2711,len=168,crc=1561,field=89,dup=0,old=0,ovf=0
2026-08-01 05:22:35.197172 DBG,CTRL,t=254420,old=ACT,new=VIS,mage=154,rxage=40,seq=4527,valid=1,meas=1,streak=0,event=CRC
2026-08-01 05:22:35.198271 DBG,RX,t=254500,event=CRC,bytes=217507,parsed=4530,accepted=2712,len=168,crc=1562,field=89,dup=0,old=0,ovf=0
2026-08-01 05:22:35.199344 DBG,CTRL,t=254600,old=VIS,new=ACT,mage=12,rxage=0,seq=4533,valid=1,meas=1,streak=3,event=TARGET
2026-08-01 05:22:35.553904 DBG,RX,t=254820,event=CRC,bytes=217808,parsed=4536,accepted=2717,len=168,crc=1563,field=89,dup=0,old=0,ovf=0
2026-08-01 05:22:35.555414 DBG,RX,t=254860,event=CRC,bytes=217859,parsed=4537,accepted=2717,len=168,crc=1564,field=89,dup=0,old=0,ovf=0
2026-08-01 05:22:35.556430 DBG,RX,t=255040,event=CRC,bytes=218010,parsed=4540,accepted=2719,len=168,crc=1565,field=89,dup=0,old=0,ovf=0
2026-08-01 05:22:35.869253 DBG,RX,t=255140,event=CRC,bytes=218111,parsed=4542,accepted=2720,len=168,crc=1566,field=89,dup=0,old=0,ovf=0
2026-08-01 05:22:35.871121 DBG,RX,t=255240,event=CRC,bytes=218212,parsed=4544,accepted=2721,len=168,crc=1567,field=89,dup=0,old=0,ovf=0
2026-08-01 05:22:35.872467 DBG,RX,t=255300,event=CRC,bytes=218263,parsed=4545,accepted=2721,len=168,crc=1568,field=89,dup=0,old=0,ovf=0
2026-08-01 05:22:35.872467 DBG,CTRL,t=255340,old=ACT,new=VIS,mage=154,rxage=0,seq=4544,valid=1,meas=1,streak=0,event=CRC
2026-08-01 05:22:35.872467 DBG,RX,t=255400,event=CRC,bytes=218365,parsed=4547,accepted=2722,len=168,crc=1569,field=89,dup=0,old=0,ovf=0
2026-08-01 05:22:36.220775 DBG,CTRL,t=255520,old=VIS,new=ACT,mage=13,rxage=0,seq=4550,valid=1,meas=1,streak=3,event=TARGET
2026-08-01 05:22:36.222287 DBG,RX,t=255620,event=CRC,bytes=218568,parsed=4551,accepted=2725,len=168,crc=1570,field=89,dup=0,old=0,ovf=0
2026-08-01 05:22:36.223685 DBG,RX,t=255780,event=CRC,bytes=218722,parsed=4554,accepted=2727,len=168,crc=1571,field=89,dup=0,old=0,ovf=0
2026-08-01 05:22:36.706767 DBG,RX,t=255880,event=CRC,bytes=218825,parsed=4556,accepted=2728,len=168,crc=1572,field=89,dup=0,old=0,ovf=0
2026-08-01 05:22:36.707777 DBG,RX,t=255940,event=CRC,bytes=218877,parsed=4557,accepted=2728,len=168,crc=1573,field=89,dup=0,old=0,ovf=0
2026-08-01 05:22:36.708790 DBG,CTRL,t=255980,old=ACT,new=VIS,mage=153,rxage=40,seq=4556,valid=1,meas=1,streak=0,event=CRC
2026-08-01 05:22:36.709792 DBG,RX,t=256120,event=CRC,bytes=219029,parsed=4560,accepted=2730,len=168,crc=1574,field=89,dup=0,old=0,ovf=0
2026-08-01 05:22:36.710792 DBG,CTRL,t=256180,old=VIS,new=ACT,mage=14,rxage=0,seq=4562,valid=1,meas=1,streak=3,event=TARGET
2026-08-01 05:22:36.712302 DBG,RX,t=256280,event=CRC,bytes=219183,parsed=4563,accepted=2732,len=168,crc=1575,field=89,dup=0,old=0,ovf=0
2026-08-01 05:22:37.050054 DBG,RX,t=256600,event=LENGTH,bytes=219490,parsed=4569,accepted=2737,len=169,crc=1575,field=89,dup=0,old=0,ovf=0
2026-08-01 05:22:37.377795 DBG,RX,t=256920,event=CRC,bytes=219796,parsed=4575,accepted=2742,len=169,crc=1576,field=89,dup=0,old=0,ovf=0
2026-08-01 05:22:37.706892 DBG,RX,t=257140,event=LENGTH,bytes=220001,parsed=4579,accepted=2745,len=170,crc=1576,field=89,dup=0,old=0,ovf=0
2026-08-01 05:22:37.706892 DBG,RX,t=257300,event=CRC,bytes=220155,parsed=4582,accepted=2747,len=170,crc=1577,field=89,dup=0,old=0,ovf=0
2026-08-01 05:22:38.014500 DBG,RX,t=257420,event=CRC,bytes=220258,parsed=4584,accepted=2748,len=170,crc=1578,field=89,dup=0,old=0,ovf=0
2026-08-01 05:22:38.014822 DBG,RX,t=257460,event=CRC,bytes=220311,parsed=4585,accepted=2748,len=170,crc=1579,field=89,dup=0,old=0,ovf=0
2026-08-01 05:22:38.015882 DBG,CTRL,t=257500,old=ACT,new=VIS,mage=152,rxage=40,seq=4584,valid=1,meas=1,streak=0,event=CRC
2026-08-01 05:22:38.320723 DBG,CTRL,t=257620,old=VIS,new=ACT,mage=6,rxage=0,seq=4589,valid=1,meas=1,streak=3,event=TARGET
2026-08-01 05:22:38.320723 DBG,RX,t=257740,event=CRC,bytes=220567,parsed=4590,accepted=2752,len=170,crc=1580,field=89,dup=0,old=0,ovf=0
2026-08-01 05:22:38.610104 DBG,RX,t=258160,event=CRC,bytes=220976,parsed=4598,accepted=2759,len=170,crc=1581,field=89,dup=0,old=0,ovf=0
2026-08-01 05:22:38.933232 DBG,RX,t=258280,event=CRC,bytes=221077,parsed=4600,accepted=2760,len=170,crc=1582,field=89,dup=0,old=0,ovf=0
2026-08-01 05:22:38.934501 DBG,RX,t=258380,event=CRC,bytes=221181,parsed=4602,accepted=2761,len=170,crc=1583,field=89,dup=0,old=0,ovf=0
2026-08-01 05:22:38.935515 DBG,RX,t=258440,event=CRC,bytes=221234,parsed=4603,accepted=2761,len=170,crc=1584,field=89,dup=0,old=0,ovf=0
2026-08-01 05:22:38.935515 DBG,CTRL,t=258480,old=ACT,new=VIS,mage=151,rxage=40,seq=4602,valid=1,meas=1,streak=0,event=CRC
2026-08-01 05:22:38.936513 DBG,RX,t=258500,event=CRC,bytes=221285,parsed=4604,accepted=2761,len=170,crc=1585,field=89,dup=0,old=0,ovf=0
2026-08-01 05:22:39.260722 DBG,RX,t=258660,event=CRC,bytes=221439,parsed=4607,accepted=2763,len=170,crc=1586,field=89,dup=0,old=0,ovf=0
2026-08-01 05:22:39.262231 DBG,CTRL,t=258720,old=VIS,new=ACT,mage=13,rxage=0,seq=4609,valid=1,meas=1,streak=3,event=TARGET
2026-08-01 05:22:39.263254 DBG,RX,t=258780,event=CRC,bytes=221543,parsed=4609,accepted=2764,len=170,crc=1587,field=89,dup=0,old=0,ovf=0
2026-08-01 05:22:39.617504 DBG,RX,t=258880,event=LENGTH,bytes=221647,parsed=4611,accepted=2765,len=171,crc=1587,field=89,dup=0,old=0,ovf=0
2026-08-01 05:22:39.618516 DBG,RX,t=258920,event=CRC,bytes=221699,parsed=4612,accepted=2765,len=171,crc=1588,field=89,dup=0,old=0,ovf=0
2026-08-01 05:22:39.619506 DBG,CTRL,t=258980,old=ACT,new=VIS,mage=169,rxage=0,seq=4611,valid=1,meas=1,streak=0,event=CRC
2026-08-01 05:22:39.620504 DBG,RX,t=258980,event=CRC,bytes=221751,parsed=4613,accepted=2765,len=171,crc=1589,field=89,dup=0,old=0,ovf=0
2026-08-01 05:22:39.620504 DBG,CTRL,t=259140,old=VIS,new=ACT,mage=4,rxage=0,seq=4617,valid=1,meas=1,streak=3,event=TARGET
2026-08-01 05:22:39.622014 DBG,RX,t=259200,event=CRC,bytes=221956,parsed=4617,accepted=2768,len=171,crc=1590,field=89,dup=0,old=0,ovf=0
2026-08-01 05:22:40.216207 DBG,RX,t=259700,event=LENGTH,bytes=222420,parsed=4626,accepted=2776,len=172,crc=1590,field=89,dup=0,old=0,ovf=0
2026-08-01 05:22:40.217545 DBG,RX,t=259800,event=CRC,bytes=222524,parsed=4628,accepted=2777,len=172,crc=1591,field=89,dup=0,old=0,ovf=0
2026-08-01 05:22:40.513400 DBG,RX,t=259860,event=CRC,bytes=222576,parsed=4629,accepted=2777,len=172,crc=1592,field=89,dup=0,old=0,ovf=0
2026-08-01 05:22:40.514923 DBG,CTRL,t=259900,old=ACT,new=VIS,mage=153,rxage=40,seq=4628,valid=1,meas=1,streak=0,event=CRC
2026-08-01 05:22:40.515916 DBG,RX,t=260020,event=CRC,bytes=222730,parsed=4632,accepted=2779,len=172,crc=1593,field=89,dup=0,old=0,ovf=0
2026-08-01 05:22:40.517191 DBG,CTRL,t=260080,old=VIS,new=ACT,mage=11,rxage=0,seq=4634,valid=1,meas=1,streak=3,event=TARGET
2026-08-01 05:22:40.794748 DBG,RX,t=260180,event=CRC,bytes=222884,parsed=4635,accepted=2781,len=172,crc=1594,field=89,dup=0,old=0,ovf=0
2026-08-01 05:22:40.796095 DBG,RX,t=260240,event=CRC,bytes=222936,parsed=4636,accepted=2781,len=172,crc=1595,field=89,dup=0,old=0,ovf=0
2026-08-01 05:22:40.796911 DBG,CTRL,t=260280,old=ACT,new=VIS,mage=154,rxage=40,seq=4635,valid=1,meas=1,streak=0,event=CRC
2026-08-01 05:22:40.796911 DBG,RX,t=260400,event=CRC,bytes=223090,parsed=4639,accepted=2783,len=172,crc=1596,field=89,dup=0,old=0,ovf=0
2026-08-01 05:22:41.105379 DBG,RX,t=260460,event=CRC,bytes=223141,parsed=4640,accepted=2783,len=172,crc=1597,field=89,dup=0,old=0,ovf=0
2026-08-01 05:22:41.106580 DBG,CTRL,t=260620,old=VIS,new=ACT,mage=6,rxage=0,seq=4644,valid=1,meas=1,streak=3,event=TARGET
2026-08-01 05:22:41.352198 DBG,RX,t=260840,event=FIELD,bytes=223500,parsed=4647,accepted=2789,len=172,crc=1597,field=90,dup=0,old=0,ovf=0
2026-08-01 05:22:41.352198 DBG,RX,t=260940,event=CRC,bytes=223604,parsed=4649,accepted=2790,len=172,crc=1598,field=90,dup=0,old=0,ovf=0
2026-08-01 05:22:41.702162 DBG,RX,t=261000,event=CRC,bytes=223655,parsed=4650,accepted=2790,len=172,crc=1599,field=90,dup=0,old=0,ovf=0
2026-08-01 05:22:41.704483 DBG,CTRL,t=261040,old=ACT,new=VIS,mage=154,rxage=40,seq=4649,valid=1,meas=1,streak=0,event=CRC
2026-08-01 05:22:41.705571 DBG,RX,t=261160,event=CRC,bytes=223808,parsed=4653,accepted=2792,len=172,crc=1600,field=90,dup=0,old=0,ovf=0
2026-08-01 05:22:41.707270 DBG,CTRL,t=261220,old=VIS,new=ACT,mage=13,rxage=0,seq=4655,valid=1,meas=1,streak=3,event=TARGET
2026-08-01 05:22:41.708375 DBG,RX,t=261260,event=LENGTH,bytes=223911,parsed=4655,accepted=2793,len=173,crc=1600,field=90,dup=0,old=0,ovf=0
2026-08-01 05:22:41.710569 DBG,RX,t=261320,event=CRC,bytes=223963,parsed=4656,accepted=2793,len=173,crc=1601,field=90,dup=0,old=0,ovf=0
2026-08-01 05:22:42.089997 DBG,CTRL,t=261360,old=ACT,new=VIS,mage=153,rxage=40,seq=4655,valid=1,meas=1,streak=0,event=CRC
2026-08-01 05:22:42.090991 DBG,RX,t=261480,event=CRC,bytes=224118,parsed=4659,accepted=2795,len=173,crc=1602,field=90,dup=0,old=0,ovf=0
2026-08-01 05:22:42.091997 DBG,CTRL,t=261540,old=VIS,new=ACT,mage=12,rxage=0,seq=4661,valid=1,meas=1,streak=3,event=TARGET
2026-08-01 05:22:42.482481 DBG,RX,t=261760,event=CRC,bytes=224373,parsed=4664,accepted=2799,len=173,crc=1603,field=90,dup=0,old=0,ovf=0
2026-08-01 05:22:42.484226 DBG,RX,t=261800,event=CRC,bytes=224426,parsed=4665,accepted=2799,len=173,crc=1604,field=90,dup=0,old=0,ovf=0
2026-08-01 05:22:42.485247 DBG,CTRL,t=261860,old=ACT,new=VIS,mage=168,rxage=0,seq=4664,valid=1,meas=1,streak=0,event=CRC
2026-08-01 05:22:42.486746 DBG,RX,t=261860,event=CRC,bytes=224478,parsed=4666,accepted=2799,len=173,crc=1605,field=90,dup=0,old=0,ovf=0
2026-08-01 05:22:42.487978 DBG,CTRL,t=262020,old=VIS,new=ACT,mage=7,rxage=0,seq=4670,valid=1,meas=1,streak=3,event=TARGET
2026-08-01 05:22:42.850186 DBG,RX,t=262180,event=CRC,bytes=224784,parsed=4672,accepted=2804,len=173,crc=1606,field=90,dup=0,old=0,ovf=0
2026-08-01 05:22:42.851185 DBG,RX,t=262280,event=CRC,bytes=224887,parsed=4674,accepted=2805,len=173,crc=1607,field=90,dup=0,old=0,ovf=0
2026-08-01 05:22:42.852194 DBG,RX,t=262500,event=CRC,bytes=225092,parsed=4678,accepted=2808,len=173,crc=1608,field=90,dup=0,old=0,ovf=0
2026-08-01 05:22:43.180650 DBG,RX,t=262620,event=CRC,bytes=225195,parsed=4680,accepted=2809,len=173,crc=1609,field=90,dup=0,old=0,ovf=0
2026-08-01 05:22:43.183210 DBG,RX,t=262780,event=CRC,bytes=225351,parsed=4683,accepted=2811,len=173,crc=1610,field=90,dup=0,old=0,ovf=0
2026-08-01 05:22:43.504736 DBG,RX,t=262940,event=LENGTH,bytes=225505,parsed=4686,accepted=2813,len=174,crc=1610,field=90,dup=0,old=0,ovf=0
2026-08-01 05:22:43.509433 DBG,RX,t=263000,event=CRC,bytes=225559,parsed=4687,accepted=2813,len=174,crc=1611,field=90,dup=0,old=0,ovf=0
2026-08-01 05:22:43.510451 DBG,CTRL,t=263040,old=ACT,new=VIS,mage=154,rxage=0,seq=4686,valid=1,meas=1,streak=0,event=CRC
2026-08-01 05:22:43.510451 DBG,RX,t=263100,event=CRC,bytes=225662,parsed=4689,accepted=2814,len=174,crc=1612,field=90,dup=0,old=0,ovf=0
2026-08-01 05:22:43.511963 DBG,RX,t=263160,event=LENGTH,bytes=225716,parsed=4690,accepted=2814,len=175,crc=1612,field=90,dup=0,old=0,ovf=0
2026-08-01 05:22:43.871073 DBG,RX,t=263260,event=CRC,bytes=225821,parsed=4692,accepted=2815,len=175,crc=1613,field=90,dup=0,old=0,ovf=0
2026-08-01 05:22:43.872068 DBG,RX,t=263320,event=CRC,bytes=225873,parsed=4693,accepted=2815,len=175,crc=1614,field=90,dup=0,old=0,ovf=0
2026-08-01 05:22:43.873238 DBG,CTRL,t=263480,old=VIS,new=ACT,mage=7,rxage=0,seq=4697,valid=1,meas=1,streak=3,event=TARGET
2026-08-01 05:22:44.233491 DBG,RX,t=263640,event=CRC,bytes=226181,parsed=4699,accepted=2820,len=175,crc=1615,field=90,dup=0,old=0,ovf=0
2026-08-01 05:22:44.234488 DBG,RX,t=263720,event=CRC,bytes=226233,parsed=4700,accepted=2820,len=175,crc=1616,field=90,dup=0,old=0,ovf=0
2026-08-01 05:22:44.235484 DBG,CTRL,t=263740,old=ACT,new=VIS,mage=154,rxage=20,seq=4699,valid=1,meas=1,streak=0,event=CRC
2026-08-01 05:22:44.236488 DBG,RX,t=263760,event=CRC,bytes=226285,parsed=4701,accepted=2820,len=175,crc=1617,field=90,dup=0,old=0,ovf=0
2026-08-01 05:22:44.237482 DBG,RX,t=263820,event=CRC,bytes=226337,parsed=4702,accepted=2820,len=175,crc=1618,field=90,dup=0,old=0,ovf=0
2026-08-01 05:22:44.572331 DBG,RX,t=263980,event=CRC,bytes=226490,parsed=4705,accepted=2822,len=175,crc=1619,field=90,dup=0,old=0,ovf=0
2026-08-01 05:22:44.575069 DBG,CTRL,t=264040,old=VIS,new=ACT,mage=14,rxage=0,seq=4707,valid=1,meas=1,streak=3,event=TARGET
2026-08-01 05:22:44.575069 DBG,RX,t=264100,event=FIELD,bytes=226593,parsed=4707,accepted=2823,len=175,crc=1619,field=91,dup=0,old=0,ovf=0
2026-08-01 05:22:44.575069 DBG,RX,t=264140,event=CRC,bytes=226645,parsed=4708,accepted=2823,len=175,crc=1620,field=91,dup=0,old=0,ovf=0
2026-08-01 05:22:44.578040 DBG,CTRL,t=264180,old=ACT,new=VIS,mage=154,rxage=40,seq=4707,valid=1,meas=1,streak=0,event=CRC
2026-08-01 05:22:44.895944 DBG,RX,t=264260,event=CRC,bytes=226748,parsed=4710,accepted=2824,len=175,crc=1621,field=91,dup=0,old=0,ovf=0
2026-08-01 05:22:44.896953 DBG,RX,t=264300,event=CRC,bytes=226801,parsed=4711,accepted=2824,len=175,crc=1622,field=91,dup=0,old=0,ovf=0
2026-08-01 05:22:44.897948 DBG,RX,t=264360,event=CRC,bytes=226854,parsed=4712,accepted=2824,len=175,crc=1623,field=91,dup=0,old=0,ovf=0
2026-08-01 05:22:44.897948 DBG,CTRL,t=264520,old=VIS,new=ACT,mage=8,rxage=0,seq=4716,valid=1,meas=1,streak=3,event=TARGET
2026-08-01 05:22:45.258539 DBG,RX,t=264860,event=CRC,bytes=227316,parsed=4721,accepted=2832,len=175,crc=1624,field=91,dup=0,old=0,ovf=0
2026-08-01 05:22:45.259796 DBG,RX,t=264900,event=LENGTH,bytes=227368,parsed=4722,accepted=2832,len=176,crc=1624,field=91,dup=0,old=0,ovf=0
2026-08-01 05:22:45.260317 DBG,CTRL,t=264940,old=ACT,new=VIS,mage=154,rxage=40,seq=4721,valid=1,meas=1,streak=0,event=LENGTH
2026-08-01 05:22:45.613577 DBG,RX,t=264960,event=LENGTH,bytes=227421,parsed=4723,accepted=2832,len=177,crc=1624,field=91,dup=0,old=0,ovf=0
2026-08-01 05:22:45.614589 DBG,CTRL,t=265120,old=VIS,new=ACT,mage=13,rxage=0,seq=4727,valid=1,meas=1,streak=3,event=TARGET
2026-08-01 05:22:45.616303 DBG,RX,t=265280,event=CRC,bytes=227730,parsed=4729,accepted=2837,len=177,crc=1625,field=91,dup=0,old=0,ovf=0
2026-08-01 05:22:45.976077 DBG,RX,t=265340,event=CRC,bytes=227782,parsed=4730,accepted=2837,len=177,crc=1626,field=91,dup=0,old=0,ovf=0
2026-08-01 05:22:45.977077 DBG,CTRL,t=265380,old=ACT,new=VIS,mage=165,rxage=0,seq=4729,valid=1,meas=1,streak=0,event=LENGTH
2026-08-01 05:22:45.978076 DBG,RX,t=265380,event=LENGTH,bytes=227834,parsed=4731,accepted=2837,len=178,crc=1626,field=91,dup=0,old=0,ovf=0
2026-08-01 05:22:45.979078 DBG,RX,t=265440,event=FIELD,bytes=227887,parsed=4732,accepted=2837,len=178,crc=1626,field=92,dup=0,old=0,ovf=0
2026-08-01 05:22:45.980637 DBG,CTRL,t=265600,old=VIS,new=ACT,mage=5,rxage=0,seq=4736,valid=1,meas=1,streak=3,event=TARGET
2026-08-01 05:22:46.307056 DBG,RX,t=265820,event=CRC,bytes=228245,parsed=4739,accepted=2843,len=178,crc=1627,field=92,dup=0,old=0,ovf=0
2026-08-01 05:22:46.308521 DBG,RX,t=265940,event=CRC,bytes=228348,parsed=4741,accepted=2844,len=178,crc=1628,field=92,dup=0,old=0,ovf=0
2026-08-01 05:22:46.309693 DBG,RX,t=266000,event=CRC,bytes=228400,parsed=4742,accepted=2844,len=178,crc=1629,field=92,dup=0,old=0,ovf=0
2026-08-01 05:22:46.704764 DBG,CTRL,t=266040,old=ACT,new=VIS,mage=154,rxage=40,seq=4741,valid=1,meas=1,streak=0,event=CRC
2026-08-01 05:22:46.706289 DBG,CTRL,t=266160,old=VIS,new=ACT,mage=6,rxage=0,seq=4746,valid=1,meas=1,streak=3,event=TARGET
2026-08-01 05:22:46.706289 DBG,RX,t=266320,event=CRC,bytes=228702,parsed=4748,accepted=2849,len=178,crc=1630,field=92,dup=0,old=0,ovf=0
2026-08-01 05:22:46.707689 DBG,RX,t=266380,event=CRC,bytes=228753,parsed=4749,accepted=2849,len=178,crc=1631,field=92,dup=0,old=0,ovf=0
2026-08-01 05:22:47.077263 DBG,CTRL,t=266420,old=ACT,new=VIS,mage=154,rxage=0,seq=4748,valid=1,meas=1,streak=0,event=CRC
2026-08-01 05:22:47.078768 DBG,CTRL,t=266540,old=VIS,new=ACT,mage=13,rxage=0,seq=4753,valid=1,meas=1,streak=3,event=TARGET
2026-08-01 05:22:47.079644 DBG,RX,t=266700,event=CRC,bytes=229054,parsed=4755,accepted=2854,len=178,crc=1632,field=92,dup=0,old=0,ovf=0
2026-08-01 05:22:47.457095 DBG,RX,t=266800,event=CRC,bytes=229155,parsed=4757,accepted=2855,len=178,crc=1633,field=92,dup=0,old=0,ovf=0
2026-08-01 05:22:47.457095 DBG,RX,t=266860,event=CRC,bytes=229206,parsed=4758,accepted=2855,len=178,crc=1634,field=92,dup=0,old=0,ovf=0
2026-08-01 05:22:47.457095 DBG,CTRL,t=266900,old=ACT,new=VIS,mage=154,rxage=40,seq=4757,valid=1,meas=1,streak=0,event=CRC
2026-08-01 05:22:47.457095 DBG,CTRL,t=267020,old=VIS,new=ACT,mage=1,rxage=0,seq=4762,valid=1,meas=1,streak=3,event=TARGET
2026-08-01 05:22:47.822296 DBG,RX,t=267400,event=CRC,bytes=229712,parsed=4768,accepted=2864,len=178,crc=1635,field=92,dup=0,old=0,ovf=0
2026-08-01 05:22:47.822296 DBG,RX,t=267520,event=CRC,bytes=229815,parsed=4770,accepted=2865,len=178,crc=1636,field=92,dup=0,old=0,ovf=0
2026-08-01 05:22:48.138010 DBG,RX,t=267560,event=FIELD,bytes=229868,parsed=4771,accepted=2865,len=178,crc=1636,field=93,dup=0,old=0,ovf=0
2026-08-01 05:22:48.139014 DBG,RX,t=267720,event=CRC,bytes=230021,parsed=4774,accepted=2867,len=178,crc=1637,field=93,dup=0,old=0,ovf=0
2026-08-01 05:22:48.486372 DBG,RX,t=267940,event=CRC,bytes=230225,parsed=4778,accepted=2870,len=178,crc=1638,field=93,dup=0,old=0,ovf=0
2026-08-01 05:22:48.838498 DBG,RX,t=268260,event=CRC,bytes=230530,parsed=4784,accepted=2875,len=178,crc=1639,field=93,dup=0,old=0,ovf=0
2026-08-01 05:22:48.840501 DBG,RX,t=268320,event=CRC,bytes=230583,parsed=4785,accepted=2875,len=178,crc=1640,field=93,dup=0,old=0,ovf=0
2026-08-01 05:22:48.841155 DBG,CTRL,t=268360,old=ACT,new=VIS,mage=153,rxage=40,seq=4784,valid=1,meas=1,streak=0,event=CRC
2026-08-01 05:22:48.842168 DBG,RX,t=268480,event=LENGTH,bytes=230737,parsed=4788,accepted=2877,len=179,crc=1640,field=93,dup=0,old=0,ovf=0
2026-08-01 05:22:48.842168 DBG,CTRL,t=268540,old=VIS,new=ACT,mage=14,rxage=0,seq=4790,valid=1,meas=1,streak=3,event=TARGET
2026-08-01 05:22:49.160231 DBG,RX,t=268580,event=CRC,bytes=230840,parsed=4790,accepted=2878,len=179,crc=1641,field=93,dup=0,old=0,ovf=0
2026-08-01 05:22:49.161234 DBG,RX,t=268760,event=CRC,bytes=230994,parsed=4793,accepted=2880,len=179,crc=1642,field=93,dup=0,old=0,ovf=0
2026-08-01 05:22:49.162235 DBG,RX,t=268800,event=CRC,bytes=231046,parsed=4794,accepted=2880,len=179,crc=1643,field=93,dup=0,old=0,ovf=0
2026-08-01 05:22:49.163589 DBG,CTRL,t=268840,old=ACT,new=VIS,mage=154,rxage=40,seq=4793,valid=1,meas=1,streak=0,event=CRC
2026-08-01 05:22:49.541993 DBG,CTRL,t=268960,old=VIS,new=ACT,mage=6,rxage=0,seq=4798,valid=1,meas=1,streak=3,event=TARGET
2026-08-01 05:22:49.989459 DBG,RX,t=269360,event=CRC,bytes=231558,parsed=4804,accepted=2889,len=179,crc=1644,field=93,dup=0,old=0,ovf=0
2026-08-01 05:22:49.990997 DBG,RX,t=269540,event=CRC,bytes=231712,parsed=4807,accepted=2891,len=179,crc=1645,field=93,dup=0,old=0,ovf=0
2026-08-01 05:22:49.990997 DBG,RX,t=269580,event=CRC,bytes=231764,parsed=4808,accepted=2891,len=179,crc=1646,field=93,dup=0,old=0,ovf=0
2026-08-01 05:22:49.992010 DBG,CTRL,t=269620,old=ACT,new=VIS,mage=154,rxage=40,seq=4807,valid=1,meas=1,streak=0,event=CRC
2026-08-01 05:22:49.994181 DBG,RX,t=269640,event=CRC,bytes=231818,parsed=4809,accepted=2891,len=179,crc=1647,field=93,dup=0,old=0,ovf=0
2026-08-01 05:22:49.995193 DBG,RX,t=269700,event=CRC,bytes=231870,parsed=4810,accepted=2891,len=179,crc=1648,field=93,dup=0,old=0,ovf=0
2026-08-01 05:22:50.439275 DBG,RX,t=269740,event=CRC,bytes=231922,parsed=4811,accepted=2891,len=179,crc=1649,field=93,dup=0,old=0,ovf=0
2026-08-01 05:22:50.440294 DBG,RX,t=269900,event=CRC,bytes=232076,parsed=4814,accepted=2893,len=179,crc=1650,field=93,dup=0,old=0,ovf=0
2026-08-01 05:22:50.441307 DBG,RX,t=269960,event=CRC,bytes=232131,parsed=4815,accepted=2893,len=179,crc=1651,field=93,dup=0,old=0,ovf=0
2026-08-01 05:22:50.442313 DBG,RX,t=270120,event=CRC,bytes=232285,parsed=4818,accepted=2895,len=179,crc=1652,field=93,dup=0,old=0,ovf=0
2026-08-01 05:22:50.444080 DBG,CTRL,t=270180,old=VIS,new=ACT,mage=13,rxage=0,seq=4820,valid=1,meas=1,streak=3,event=TARGET
2026-08-01 05:22:50.793285 DBG,RX,t=270280,event=CRC,bytes=232440,parsed=4821,accepted=2897,len=179,crc=1653,field=93,dup=0,old=0,ovf=0
2026-08-01 05:22:50.794286 DBG,RX,t=270440,event=CRC,bytes=232594,parsed=4824,accepted=2899,len=179,crc=1654,field=93,dup=0,old=0,ovf=0
2026-08-01 05:22:50.795658 DBG,RX,t=270500,event=CRC,bytes=232647,parsed=4825,accepted=2899,len=179,crc=1655,field=93,dup=0,old=0,ovf=0
2026-08-01 05:22:50.796674 DBG,CTRL,t=270540,old=ACT,new=VIS,mage=154,rxage=40,seq=4824,valid=1,meas=1,streak=0,event=CRC
2026-08-01 05:22:51.169247 DBG,RX,t=270660,event=CRC,bytes=232802,parsed=4828,accepted=2901,len=179,crc=1656,field=93,dup=0,old=0,ovf=0
2026-08-01 05:22:51.170249 DBG,CTRL,t=270720,old=VIS,new=ACT,mage=11,rxage=0,seq=4830,valid=1,meas=1,streak=3,event=TARGET
2026-08-01 05:22:51.171642 DBG,RX,t=270780,event=CRC,bytes=232905,parsed=4830,accepted=2902,len=179,crc=1657,field=93,dup=0,old=0,ovf=0
2026-08-01 05:22:51.172652 DBG,RX,t=270820,event=CRC,bytes=232957,parsed=4831,accepted=2902,len=179,crc=1658,field=93,dup=0,old=0,ovf=0
2026-08-01 05:22:51.173843 DBG,CTRL,t=270860,old=ACT,new=VIS,mage=151,rxage=40,seq=4830,valid=1,meas=1,streak=0,event=CRC
2026-08-01 05:22:51.174869 DBG,RX,t=270880,event=CRC,bytes=233011,parsed=4832,accepted=2902,len=179,crc=1659,field=93,dup=0,old=0,ovf=0
2026-08-01 05:22:51.548457 DBG,RX,t=270980,event=LENGTH,bytes=233115,parsed=4834,accepted=2903,len=180,crc=1659,field=93,dup=0,old=0,ovf=0
2026-08-01 05:22:51.548457 DBG,CTRL,t=271100,old=VIS,new=ACT,mage=14,rxage=0,seq=4837,valid=1,meas=1,streak=3,event=TARGET
2026-08-01 05:22:51.549930 DBG,RX,t=271200,event=CRC,bytes=233321,parsed=4838,accepted=2906,len=180,crc=1660,field=93,dup=0,old=0,ovf=0
2026-08-01 05:22:51.910984 DBG,RX,t=271640,event=CRC,bytes=233730,parsed=4846,accepted=2913,len=180,crc=1661,field=93,dup=0,old=0,ovf=0
2026-08-01 05:22:52.230029 DBG,RX,t=271800,event=CRC,bytes=233881,parsed=4849,accepted=2915,len=180,crc=1662,field=93,dup=0,old=0,ovf=0
2026-08-01 05:22:52.231027 DBG,RX,t=271960,event=CRC,bytes=234032,parsed=4852,accepted=2917,len=180,crc=1663,field=93,dup=0,old=0,ovf=0
2026-08-01 05:22:52.571195 DBG,RX,t=272060,event=CRC,bytes=234133,parsed=4854,accepted=2918,len=180,crc=1664,field=93,dup=0,old=0,ovf=0
2026-08-01 05:22:52.572699 DBG,RX,t=272120,event=CRC,bytes=234184,parsed=4855,accepted=2918,len=180,crc=1665,field=93,dup=0,old=0,ovf=0
2026-08-01 05:22:52.573533 DBG,CTRL,t=272160,old=ACT,new=VIS,mage=151,rxage=40,seq=4854,valid=1,meas=1,streak=0,event=CRC
2026-08-01 05:22:52.574540 DBG,RX,t=272240,event=CRC,bytes=234285,parsed=4857,accepted=2919,len=180,crc=1666,field=93,dup=0,old=0,ovf=0
2026-08-01 05:22:52.575545 DBG,CTRL,t=272340,old=VIS,new=ACT,mage=9,rxage=0,seq=4860,valid=1,meas=1,streak=3,event=TARGET
2026-08-01 05:22:52.952066 DBG,RX,t=272400,event=CRC,bytes=234436,parsed=4860,accepted=2921,len=180,crc=1667,field=93,dup=0,old=0,ovf=0
2026-08-01 05:22:52.953082 DBG,RX,t=272460,event=CRC,bytes=234489,parsed=4861,accepted=2921,len=180,crc=1668,field=93,dup=0,old=0,ovf=0
2026-08-01 05:22:52.954354 DBG,CTRL,t=272500,old=ACT,new=VIS,mage=169,rxage=0,seq=4860,valid=1,meas=1,streak=0,event=CRC
2026-08-01 05:22:52.955362 DBG,RX,t=272560,event=CRC,bytes=234590,parsed=4863,accepted=2922,len=180,crc=1669,field=93,dup=0,old=0,ovf=0
2026-08-01 05:22:52.956725 DBG,CTRL,t=272680,old=VIS,new=ACT,mage=14,rxage=0,seq=4866,valid=1,meas=1,streak=3,event=TARGET
2026-08-01 05:22:53.315970 DBG,RX,t=272780,event=CRC,bytes=234791,parsed=4867,accepted=2925,len=180,crc=1670,field=93,dup=0,old=0,ovf=0
2026-08-01 05:22:53.317967 DBG,RX,t=272900,event=CRC,bytes=234892,parsed=4869,accepted=2926,len=180,crc=1671,field=93,dup=0,old=0,ovf=0
2026-08-01 05:22:53.318965 DBG,RX,t=272940,event=CRC,bytes=234943,parsed=4870,accepted=2926,len=180,crc=1672,field=93,dup=0,old=0,ovf=0
2026-08-01 05:22:53.319965 DBG,CTRL,t=272980,old=ACT,new=VIS,mage=154,rxage=40,seq=4869,valid=1,meas=1,streak=0,event=CRC
2026-08-01 05:22:53.321476 DBG,RX,t=273000,event=LENGTH,bytes=234994,parsed=4871,accepted=2926,len=181,crc=1672,field=93,dup=0,old=0,ovf=0
2026-08-01 05:22:53.321861 DBG,RX,t=273060,event=CRC,bytes=235045,parsed=4872,accepted=2926,len=181,crc=1673,field=93,dup=0,old=0,ovf=0
2026-08-01 05:22:53.322962 DBG,RX,t=273100,event=CRC,bytes=235097,parsed=4873,accepted=2926,len=181,crc=1674,field=93,dup=0,old=0,ovf=0
2026-08-01 05:22:53.655781 DBG,RX,t=273220,event=FIELD,bytes=235198,parsed=4875,accepted=2927,len=181,crc=1674,field=94,dup=0,old=0,ovf=0
2026-08-01 05:22:53.656299 DBG,RX,t=273260,event=CRC,bytes=235250,parsed=4876,accepted=2927,len=181,crc=1675,field=94,dup=0,old=0,ovf=0
2026-08-01 05:22:53.657219 DBG,RX,t=273320,event=CRC,bytes=235301,parsed=4877,accepted=2927,len=181,crc=1676,field=94,dup=0,old=0,ovf=0
2026-08-01 05:22:53.659364 DBG,RX,t=273380,event=CRC,bytes=235353,parsed=4878,accepted=2927,len=181,crc=1677,field=94,dup=0,old=0,ovf=0
2026-08-01 05:22:53.660412 DBG,RX,t=273420,event=CRC,bytes=235404,parsed=4879,accepted=2927,len=181,crc=1678,field=94,dup=0,old=0,ovf=0
2026-08-01 05:22:54.007726 DBG,CTRL,t=273600,old=VIS,new=ACT,mage=14,rxage=0,seq=4883,valid=1,meas=1,streak=3,event=TARGET
2026-08-01 05:22:54.008574 DBG,RX,t=273660,event=CRC,bytes=235607,parsed=4883,accepted=2930,len=181,crc=1679,field=94,dup=0,old=0,ovf=0
2026-08-01 05:22:54.009587 DBG,RX,t=273760,event=LENGTH,bytes=235710,parsed=4885,accepted=2931,len=182,crc=1679,field=94,dup=0,old=0,ovf=0
2026-08-01 05:22:54.368977 DBG,RX,t=273820,event=CRC,bytes=235763,parsed=4886,accepted=2931,len=182,crc=1680,field=94,dup=0,old=0,ovf=0
2026-08-01 05:22:54.369977 DBG,RX,t=274080,event=CRC,bytes=236019,parsed=4891,accepted=2935,len=182,crc=1681,field=94,dup=0,old=0,ovf=0
2026-08-01 05:22:54.725391 DBG,RX,t=274400,event=CRC,bytes=236324,parsed=4897,accepted=2940,len=182,crc=1682,field=94,dup=0,old=0,ovf=0
2026-08-01 05:22:55.044015 DBG,RX,t=274740,event=CRC,bytes=236625,parsed=4903,accepted=2945,len=182,crc=1683,field=94,dup=0,old=0,ovf=0
2026-08-01 05:22:55.045025 DBG,RX,t=274840,event=CRC,bytes=236726,parsed=4905,accepted=2946,len=182,crc=1684,field=94,dup=0,old=0,ovf=0
2026-08-01 05:22:55.389692 DBG,RX,t=274900,event=CRC,bytes=236777,parsed=4906,accepted=2946,len=182,crc=1685,field=94,dup=0,old=0,ovf=0
2026-08-01 05:22:55.390690 DBG,CTRL,t=274940,old=ACT,new=VIS,mage=154,rxage=40,seq=4905,valid=1,meas=1,streak=0,event=CRC
2026-08-01 05:22:55.392198 DBG,RX,t=275000,event=CRC,bytes=236878,parsed=4908,accepted=2947,len=182,crc=1686,field=94,dup=0,old=0,ovf=0
2026-08-01 05:22:55.393738 DBG,RX,t=275060,event=CRC,bytes=236929,parsed=4909,accepted=2947,len=182,crc=1687,field=94,dup=0,old=0,ovf=0
2026-08-01 05:22:55.746837 DBG,RX,t=275220,event=CRC,bytes=237080,parsed=4912,accepted=2949,len=182,crc=1688,field=94,dup=0,old=0,ovf=0
2026-08-01 05:22:55.747836 DBG,CTRL,t=275280,old=VIS,new=ACT,mage=13,rxage=0,seq=4914,valid=1,meas=1,streak=3,event=TARGET
2026-08-01 05:22:55.749836 DBG,RX,t=275320,event=CRC,bytes=237183,parsed=4914,accepted=2950,len=182,crc=1689,field=94,dup=0,old=0,ovf=0
2026-08-01 05:22:56.122953 DBG,RX,t=275600,event=CRC,bytes=237439,parsed=4919,accepted=2954,len=182,crc=1690,field=94,dup=0,old=0,ovf=0
2026-08-01 05:22:56.123954 DBG,RX,t=275780,event=CRC,bytes=237594,parsed=4922,accepted=2956,len=182,crc=1691,field=94,dup=0,old=0,ovf=0
2026-08-01 05:22:56.439554 DBG,RX,t=276100,event=CRC,bytes=237904,parsed=4928,accepted=2961,len=182,crc=1692,field=94,dup=0,old=0,ovf=0
2026-08-01 05:22:56.440554 DBG,RX,t=276220,event=CRC,bytes=238006,parsed=4930,accepted=2962,len=182,crc=1693,field=94,dup=0,old=0,ovf=0
2026-08-01 05:22:56.440554 DBG,RX,t=276260,event=CRC,bytes=238059,parsed=4931,accepted=2962,len=182,crc=1694,field=94,dup=0,old=0,ovf=0
2026-08-01 05:22:56.790489 DBG,CTRL,t=276300,old=ACT,new=VIS,mage=153,rxage=40,seq=4930,valid=1,meas=1,streak=0,event=CRC
2026-08-01 05:22:56.791996 DBG,RX,t=276320,event=LENGTH,bytes=238110,parsed=4932,accepted=2962,len=183,crc=1694,field=94,dup=0,old=0,ovf=0
2026-08-01 05:22:56.794006 DBG,RX,t=276480,event=LENGTH,bytes=238263,parsed=4935,accepted=2964,len=184,crc=1694,field=94,dup=0,old=0,ovf=0
2026-08-01 05:22:56.795007 DBG,CTRL,t=276540,old=VIS,new=ACT,mage=14,rxage=0,seq=4937,valid=1,meas=1,streak=3,event=TARGET
2026-08-01 05:22:57.162552 DBG,RX,t=276960,event=CRC,bytes=238723,parsed=4944,accepted=2972,len=184,crc=1695,field=94,dup=0,old=0,ovf=0
2026-08-01 05:22:57.560228 DBG,RX,t=277020,event=CRC,bytes=238776,parsed=4945,accepted=2972,len=184,crc=1696,field=94,dup=0,old=0,ovf=0
2026-08-01 05:22:57.560228 DBG,CTRL,t=277060,old=ACT,new=VIS,mage=153,rxage=40,seq=4944,valid=1,meas=1,streak=0,event=CRC
2026-08-01 05:22:57.561745 DBG,RX,t=277140,event=CRC,bytes=238879,parsed=4947,accepted=2973,len=184,crc=1697,field=94,dup=0,old=0,ovf=0
2026-08-01 05:22:57.562761 DBG,CTRL,t=277240,old=VIS,new=ACT,mage=12,rxage=0,seq=4950,valid=1,meas=1,streak=3,event=TARGET
2026-08-01 05:22:57.564068 DBG,RX,t=277340,event=CRC,bytes=239083,parsed=4951,accepted=2976,len=184,crc=1698,field=94,dup=0,old=0,ovf=0
2026-08-01 05:22:57.902154 DBG,RX,t=277500,event=CRC,bytes=239238,parsed=4954,accepted=2978,len=184,crc=1699,field=94,dup=0,old=0,ovf=0
2026-08-01 05:22:57.903170 DBG,RX,t=277560,event=CRC,bytes=239290,parsed=4955,accepted=2978,len=184,crc=1700,field=94,dup=0,old=0,ovf=0
2026-08-01 05:22:57.904171 DBG,CTRL,t=277600,old=ACT,new=VIS,mage=154,rxage=0,seq=4954,valid=1,meas=1,streak=0,event=CRC
2026-08-01 05:22:57.906183 DBG,RX,t=277660,event=CRC,bytes=239393,parsed=4957,accepted=2979,len=184,crc=1701,field=94,dup=0,old=0,ovf=0
2026-08-01 05:22:58.259457 DBG,CTRL,t=277780,old=VIS,new=ACT,mage=14,rxage=0,seq=4960,valid=1,meas=1,streak=3,event=TARGET
2026-08-01 05:22:58.259457 DBG,RX,t=277840,event=CRC,bytes=239546,parsed=4960,accepted=2981,len=184,crc=1702,field=94,dup=0,old=0,ovf=0
2026-08-01 05:22:58.262088 DBG,RX,t=278040,event=CRC,bytes=239751,parsed=4964,accepted=2984,len=184,crc=1703,field=94,dup=0,old=0,ovf=0
2026-08-01 05:22:58.262088 DBG,RX,t=278100,event=FIELD,bytes=239804,parsed=4965,accepted=2984,len=184,crc=1703,field=95,dup=0,old=0,ovf=0
2026-08-01 05:22:58.589625 DBG,CTRL,t=278140,old=ACT,new=VIS,mage=154,rxage=0,seq=4964,valid=1,meas=1,streak=0,event=FIELD
2026-08-01 05:22:58.591854 DBG,CTRL,t=278260,old=VIS,new=ACT,mage=10,rxage=0,seq=4969,valid=1,meas=1,streak=3,event=TARGET
2026-08-01 05:22:58.593121 DBG,RX,t=278360,event=CRC,bytes=240059,parsed=4970,accepted=2988,len=184,crc=1704,field=95,dup=0,old=0,ovf=0
2026-08-01 05:22:58.594132 DBG,RX,t=278420,event=CRC,bytes=240111,parsed=4971,accepted=2988,len=184,crc=1705,field=95,dup=0,old=0,ovf=0
2026-08-01 05:22:58.993639 DBG,CTRL,t=278460,old=ACT,new=VIS,mage=153,rxage=40,seq=4970,valid=1,meas=1,streak=0,event=CRC
2026-08-01 05:22:58.995150 DBG,CTRL,t=278580,old=VIS,new=ACT,mage=8,rxage=0,seq=4975,valid=1,meas=1,streak=3,event=TARGET
2026-08-01 05:22:59.318269 DBG,RX,t=278920,event=CRC,bytes=240569,parsed=4980,accepted=2996,len=184,crc=1706,field=95,dup=0,old=0,ovf=0
2026-08-01 05:22:59.321565 DBG,RX,t=279020,event=CRC,bytes=240670,parsed=4982,accepted=2997,len=184,crc=1707,field=95,dup=0,old=0,ovf=0
2026-08-01 05:22:59.658523 DBG,RX,t=279200,event=CRC,bytes=240822,parsed=4985,accepted=2999,len=184,crc=1708,field=95,dup=0,old=0,ovf=0
2026-08-01 05:22:59.659603 DBG,RX,t=279240,event=FIELD,bytes=240875,parsed=4986,accepted=2999,len=184,crc=1708,field=96,dup=0,old=0,ovf=0
2026-08-01 05:22:59.662008 DBG,CTRL,t=279280,old=ACT,new=VIS,mage=154,rxage=40,seq=4985,valid=1,meas=1,streak=0,event=FIELD
2026-08-01 05:22:59.662539 DBG,RX,t=279300,event=LENGTH,bytes=240926,parsed=4987,accepted=2999,len=185,crc=1708,field=96,dup=0,old=0,ovf=0
2026-08-01 05:22:59.663555 DBG,RX,t=279360,event=CRC,bytes=240977,parsed=4988,accepted=2999,len=185,crc=1709,field=96,dup=0,old=0,ovf=0
2026-08-01 05:22:59.664557 DBG,CTRL,t=279520,old=VIS,new=ACT,mage=13,rxage=0,seq=4992,valid=1,meas=1,streak=3,event=TARGET
2026-08-01 05:22:59.989102 DBG,RX,t=279560,event=LENGTH,bytes=241181,parsed=4992,accepted=3002,len=186,crc=1709,field=96,dup=0,old=0,ovf=0
2026-08-01 05:22:59.990103 DBG,RX,t=279620,event=CRC,bytes=241235,parsed=4993,accepted=3002,len=186,crc=1710,field=96,dup=0,old=0,ovf=0
2026-08-01 05:22:59.991101 DBG,CTRL,t=279660,old=ACT,new=VIS,mage=153,rxage=0,seq=4992,valid=1,meas=1,streak=0,event=CRC
2026-08-01 05:22:59.992100 DBG,CTRL,t=279780,old=VIS,new=ACT,mage=8,rxage=0,seq=4997,valid=1,meas=1,streak=3,event=TARGET
2026-08-01 05:23:00.381503 DBG,RX,t=279940,event=CRC,bytes=241543,parsed=4999,accepted=3007,len=186,crc=1711,field=96,dup=0,old=0,ovf=0
2026-08-01 05:23:00.382015 DBG,RX,t=280060,event=CRC,bytes=241646,parsed=5001,accepted=3008,len=186,crc=1712,field=96,dup=0,old=0,ovf=0
2026-08-01 05:23:00.383543 DBG,RX,t=280220,event=CRC,bytes=241801,parsed=5004,accepted=3010,len=186,crc=1713,field=96,dup=0,old=0,ovf=0
2026-08-01 05:23:00.717606 DBG,RX,t=280280,event=CRC,bytes=241853,parsed=5005,accepted=3010,len=186,crc=1714,field=96,dup=0,old=0,ovf=0
2026-08-01 05:23:00.719609 DBG,CTRL,t=280320,old=ACT,new=VIS,mage=154,rxage=40,seq=5004,valid=1,meas=1,streak=0,event=CRC
2026-08-01 05:23:00.720607 DBG,CTRL,t=280440,old=VIS,new=ACT,mage=8,rxage=0,seq=5009,valid=1,meas=1,streak=3,event=TARGET
2026-08-01 05:23:01.053404 DBG,RX,t=280600,event=CRC,bytes=242158,parsed=5011,accepted=3015,len=186,crc=1715,field=96,dup=0,old=0,ovf=0
2026-08-01 05:23:01.054329 DBG,RX,t=280760,event=LENGTH,bytes=242312,parsed=5014,accepted=3017,len=187,crc=1715,field=96,dup=0,old=0,ovf=0
2026-08-01 05:23:01.055327 DBG,RX,t=280920,event=CRC,bytes=242463,parsed=5017,accepted=3019,len=187,crc=1716,field=96,dup=0,old=0,ovf=0
2026-08-01 05:23:01.390393 DBG,RX,t=281100,event=CRC,bytes=242614,parsed=5020,accepted=3021,len=187,crc=1717,field=96,dup=0,old=0,ovf=0
2026-08-01 05:23:01.392711 DBG,RX,t=281140,event=CRC,bytes=242667,parsed=5021,accepted=3021,len=187,crc=1718,field=96,dup=0,old=0,ovf=0
2026-08-01 05:23:01.393481 DBG,CTRL,t=281180,old=ACT,new=VIS,mage=154,rxage=40,seq=5020,valid=1,meas=1,streak=0,event=CRC
2026-08-01 05:23:01.784285 DBG,CTRL,t=281300,old=VIS,new=ACT,mage=5,rxage=0,seq=5025,valid=1,meas=1,streak=3,event=TARGET
2026-08-01 05:23:01.785292 DBG,RX,t=281360,event=CRC,bytes=242868,parsed=5025,accepted=3024,len=187,crc=1719,field=96,dup=0,old=0,ovf=0
2026-08-01 05:23:01.786252 DBG,RX,t=281620,event=FIELD,bytes=243123,parsed=5030,accepted=3028,len=187,crc=1719,field=97,dup=0,old=0,ovf=0
2026-08-01 05:23:02.122066 DBG,RX,t=281800,event=CRC,bytes=243274,parsed=5033,accepted=3030,len=187,crc=1720,field=97,dup=0,old=0,ovf=0
2026-08-01 05:23:02.122066 DBG,RX,t=281960,event=CRC,bytes=243426,parsed=5036,accepted=3032,len=187,crc=1721,field=97,dup=0,old=0,ovf=0
2026-08-01 05:23:02.122066 DBG,RX,t=282000,event=CRC,bytes=243477,parsed=5037,accepted=3032,len=187,crc=1722,field=97,dup=0,old=0,ovf=0
2026-08-01 05:23:02.461708 DBG,CTRL,t=282040,old=ACT,new=VIS,mage=153,rxage=40,seq=5036,valid=1,meas=1,streak=0,event=CRC
2026-08-01 05:23:02.461708 DBG,RX,t=282060,event=CRC,bytes=243528,parsed=5038,accepted=3032,len=187,crc=1723,field=97,dup=0,old=0,ovf=0
2026-08-01 05:23:02.463177 DBG,RX,t=282180,event=CRC,bytes=243629,parsed=5040,accepted=3033,len=187,crc=1724,field=97,dup=0,old=0,ovf=0
2026-08-01 05:23:02.464193 DBG,CTRL,t=282300,old=VIS,new=ACT,mage=14,rxage=0,seq=5043,valid=1,meas=1,streak=3,event=TARGET
2026-08-01 05:23:02.466194 DBG,RX,t=282340,event=CRC,bytes=243781,parsed=5043,accepted=3035,len=187,crc=1725,field=97,dup=0,old=0,ovf=0
2026-08-01 05:23:02.806456 DBG,RX,t=282560,event=CRC,bytes=243987,parsed=5047,accepted=3038,len=187,crc=1726,field=97,dup=0,old=0,ovf=0
2026-08-01 05:23:03.181134 DBG,RX,t=282720,event=CRC,bytes=244141,parsed=5050,accepted=3040,len=187,crc=1727,field=97,dup=0,old=0,ovf=0
2026-08-01 05:23:03.183299 DBG,RX,t=282780,event=CRC,bytes=244194,parsed=5051,accepted=3040,len=187,crc=1728,field=97,dup=0,old=0,ovf=0
2026-08-01 05:23:03.184285 DBG,RX,t=283040,event=CRC,bytes=244448,parsed=5056,accepted=3044,len=187,crc=1729,field=97,dup=0,old=0,ovf=0
2026-08-01 05:23:03.530847 DBG,RX,t=283100,event=CRC,bytes=244502,parsed=5057,accepted=3044,len=187,crc=1730,field=97,dup=0,old=0,ovf=0
2026-08-01 05:23:03.531845 DBG,CTRL,t=283140,old=ACT,new=VIS,mage=154,rxage=0,seq=5056,valid=1,meas=1,streak=0,event=CRC
2026-08-01 05:23:03.533774 DBG,RX,t=283160,event=CRC,bytes=244553,parsed=5058,accepted=3044,len=187,crc=1731,field=97,dup=0,old=0,ovf=0
2026-08-01 05:23:03.534788 DBG,RX,t=283220,event=CRC,bytes=244604,parsed=5059,accepted=3044,len=187,crc=1732,field=97,dup=0,old=0,ovf=0
2026-08-01 05:23:03.535151 DBG,RX,t=283260,event=LENGTH,bytes=244655,parsed=5060,accepted=3044,len=188,crc=1732,field=97,dup=0,old=0,ovf=0
2026-08-01 05:23:03.536243 DBG,CTRL,t=283420,old=VIS,new=ACT,mage=4,rxage=0,seq=5064,valid=1,meas=1,streak=3,event=TARGET
2026-08-01 05:23:03.883040 DBG,RX,t=283680,event=CRC,bytes=245062,parsed=5068,accepted=3051,len=188,crc=1733,field=97,dup=0,old=0,ovf=0
2026-08-01 05:23:03.884039 DBG,RX,t=283740,event=CRC,bytes=245114,parsed=5069,accepted=3051,len=188,crc=1734,field=97,dup=0,old=0,ovf=0
2026-08-01 05:23:03.884039 DBG,CTRL,t=283780,old=ACT,new=VIS,mage=151,rxage=40,seq=5068,valid=1,meas=1,streak=0,event=CRC
2026-08-01 05:23:04.233778 DBG,RX,t=283900,event=FIELD,bytes=245268,parsed=5072,accepted=3053,len=188,crc=1734,field=98,dup=0,old=0,ovf=0
2026-08-01 05:23:04.234976 DBG,RX,t=283960,event=CRC,bytes=245320,parsed=5073,accepted=3053,len=188,crc=1735,field=98,dup=0,old=0,ovf=0
2026-08-01 05:23:04.235985 DBG,RX,t=284060,event=FIELD,bytes=245423,parsed=5075,accepted=3054,len=188,crc=1735,field=99,dup=0,old=0,ovf=0
2026-08-01 05:23:04.608768 DBG,CTRL,t=284180,old=VIS,new=ACT,mage=14,rxage=0,seq=5078,valid=1,meas=1,streak=3,event=TARGET
2026-08-01 05:23:04.610049 DBG,RX,t=284220,event=CRC,bytes=245577,parsed=5078,accepted=3056,len=188,crc=1736,field=99,dup=0,old=0,ovf=0
2026-08-01 05:23:04.611049 DBG,RX,t=284460,event=CRC,bytes=245783,parsed=5082,accepted=3059,len=188,crc=1737,field=99,dup=0,old=0,ovf=0
2026-08-01 05:23:04.611049 DBG,RX,t=284500,event=CRC,bytes=245835,parsed=5083,accepted=3059,len=188,crc=1738,field=99,dup=0,old=0,ovf=0
2026-08-01 05:23:04.968138 DBG,CTRL,t=284540,old=ACT,new=VIS,mage=152,rxage=40,seq=5082,valid=1,meas=1,streak=0,event=CRC
2026-08-01 05:23:04.968138 DBG,RX,t=284560,event=CRC,bytes=245887,parsed=5084,accepted=3059,len=188,crc=1739,field=99,dup=0,old=0,ovf=0
2026-08-01 05:23:04.968138 DBG,RX,t=284720,event=CRC,bytes=246041,parsed=5087,accepted=3061,len=188,crc=1740,field=99,dup=0,old=0,ovf=0
2026-08-01 05:23:04.971761 DBG,CTRL,t=284780,old=VIS,new=ACT,mage=14,rxage=0,seq=5089,valid=1,meas=1,streak=3,event=TARGET
2026-08-01 05:23:04.973321 DBG,RX,t=284840,event=CRC,bytes=246144,parsed=5089,accepted=3062,len=188,crc=1741,field=99,dup=0,old=0,ovf=0
2026-08-01 05:23:05.310374 DBG,RX,t=284940,event=CRC,bytes=246247,parsed=5091,accepted=3063,len=188,crc=1742,field=99,dup=0,old=0,ovf=0
2026-08-01 05:23:05.311882 DBG,RX,t=285200,event=CRC,bytes=246503,parsed=5096,accepted=3067,len=188,crc=1743,field=99,dup=0,old=0,ovf=0
2026-08-01 05:23:05.654947 DBG,RX,t=285440,event=CRC,bytes=246710,parsed=5100,accepted=3070,len=188,crc=1744,field=99,dup=0,old=0,ovf=0
2026-08-01 05:23:05.656981 DBG,RX,t=285500,event=CRC,bytes=246762,parsed=5101,accepted=3070,len=188,crc=1745,field=99,dup=0,old=0,ovf=0
2026-08-01 05:23:05.657994 DBG,CTRL,t=285520,old=ACT,new=VIS,mage=162,rxage=20,seq=5100,valid=1,meas=1,streak=0,event=CRC
2026-08-01 05:23:05.659496 DBG,RX,t=285560,event=CRC,bytes=246814,parsed=5102,accepted=3070,len=188,crc=1746,field=99,dup=0,old=0,ovf=0
2026-08-01 05:23:06.026253 DBG,RX,t=285660,event=CRC,bytes=246916,parsed=5104,accepted=3071,len=188,crc=1747,field=99,dup=0,old=0,ovf=0
2026-08-01 05:23:06.027763 DBG,RX,t=285760,event=FIELD,bytes=247019,parsed=5106,accepted=3072,len=188,crc=1747,field=100,dup=0,old=0,ovf=0
2026-08-01 05:23:06.027763 DBG,CTRL,t=285820,old=VIS,new=ACT,mage=7,rxage=0,seq=5108,valid=1,meas=1,streak=3,event=TARGET
2026-08-01 05:23:06.371902 DBG,RX,t=285980,event=CRC,bytes=247225,parsed=5110,accepted=3075,len=188,crc=1748,field=100,dup=0,old=0,ovf=0
2026-08-01 05:23:06.373912 DBG,RX,t=286140,event=CRC,bytes=247379,parsed=5113,accepted=3077,len=188,crc=1749,field=100,dup=0,old=0,ovf=0
2026-08-01 05:23:06.374929 DBG,RX,t=286300,event=CRC,bytes=247534,parsed=5116,accepted=3079,len=188,crc=1750,field=100,dup=0,old=0,ovf=0
2026-08-01 05:23:06.730179 DBG,RX,t=286580,event=CRC,bytes=247792,parsed=5121,accepted=3083,len=188,crc=1751,field=100,dup=0,old=0,ovf=0
2026-08-01 05:23:07.074179 DBG,RX,t=286800,event=CRC,bytes=247993,parsed=5125,accepted=3086,len=188,crc=1752,field=100,dup=0,old=0,ovf=0
2026-08-01 05:23:07.074651 DBG,RX,t=286900,event=LENGTH,bytes=248095,parsed=5127,accepted=3087,len=189,crc=1752,field=100,dup=0,old=0,ovf=0
2026-08-01 05:23:07.427995 DBG,RX,t=287060,event=CRC,bytes=248246,parsed=5130,accepted=3089,len=189,crc=1753,field=100,dup=0,old=0,ovf=0
2026-08-01 05:23:07.428990 DBG,RX,t=287240,event=CRC,bytes=248397,parsed=5133,accepted=3091,len=189,crc=1754,field=100,dup=0,old=0,ovf=0
2026-08-01 05:23:07.798587 DBG,RX,t=287440,event=CRC,bytes=248598,parsed=5137,accepted=3094,len=189,crc=1755,field=100,dup=0,old=0,ovf=0
2026-08-01 05:23:07.800098 DBG,RX,t=287560,event=CRC,bytes=248699,parsed=5139,accepted=3095,len=189,crc=1756,field=100,dup=0,old=0,ovf=0
2026-08-01 05:23:07.801611 DBG,RX,t=287600,event=CRC,bytes=248750,parsed=5140,accepted=3095,len=189,crc=1757,field=100,dup=0,old=0,ovf=0
2026-08-01 05:23:07.802626 DBG,CTRL,t=287640,old=ACT,new=VIS,mage=153,rxage=40,seq=5139,valid=1,meas=1,streak=0,event=CRC
2026-08-01 05:23:07.803859 DBG,RX,t=287660,event=CRC,bytes=248801,parsed=5141,accepted=3095,len=189,crc=1758,field=100,dup=0,old=0,ovf=0
2026-08-01 05:23:08.219735 DBG,RX,t=287780,event=CRC,bytes=248902,parsed=5143,accepted=3096,len=189,crc=1759,field=100,dup=0,old=0,ovf=0
2026-08-01 05:23:08.220734 DBG,RX,t=287820,event=CRC,bytes=248953,parsed=5144,accepted=3096,len=189,crc=1760,field=100,dup=0,old=0,ovf=0
2026-08-01 05:23:08.222249 DBG,RX,t=287940,event=CRC,bytes=249055,parsed=5146,accepted=3097,len=189,crc=1761,field=100,dup=0,old=0,ovf=0
2026-08-01 05:23:08.223258 DBG,CTRL,t=288040,old=VIS,new=ACT,mage=12,rxage=0,seq=5149,valid=1,meas=1,streak=3,event=TARGET
2026-08-01 05:23:08.224262 DBG,RX,t=288140,event=CRC,bytes=249261,parsed=5150,accepted=3100,len=189,crc=1762,field=100,dup=0,old=0,ovf=0
2026-08-01 05:23:08.557958 DBG,RX,t=288200,event=CRC,bytes=249313,parsed=5151,accepted=3100,len=189,crc=1763,field=100,dup=0,old=0,ovf=0
2026-08-01 05:23:08.558957 DBG,CTRL,t=288240,old=ACT,new=VIS,mage=154,rxage=40,seq=5150,valid=1,meas=1,streak=0,event=CRC
2026-08-01 05:23:08.560588 DBG,CTRL,t=288360,old=VIS,new=ACT,mage=7,rxage=0,seq=5155,valid=1,meas=1,streak=3,event=TARGET
2026-08-01 05:23:08.938777 DBG,RX,t=288700,event=CRC,bytes=249774,parsed=5160,accepted=3108,len=189,crc=1764,field=100,dup=0,old=0,ovf=0
2026-08-01 05:23:08.939963 DBG,RX,t=288820,event=CRC,bytes=249876,parsed=5162,accepted=3109,len=189,crc=1765,field=100,dup=0,old=0,ovf=0
2026-08-01 05:23:09.282735 DBG,RX,t=289240,event=CRC,bytes=250278,parsed=5170,accepted=3116,len=189,crc=1766,field=100,dup=0,old=0,ovf=0
2026-08-01 05:23:09.606103 DBG,RX,t=289560,event=CRC,bytes=250579,parsed=5176,accepted=3121,len=189,crc=1767,field=100,dup=0,old=0,ovf=0
2026-08-01 05:23:09.921964 DBG,RX,t=289620,event=CRC,bytes=250630,parsed=5177,accepted=3121,len=189,crc=1768,field=100,dup=0,old=0,ovf=0
2026-08-01 05:23:09.922418 DBG,CTRL,t=289660,old=ACT,new=VIS,mage=153,rxage=0,seq=5176,valid=1,meas=1,streak=0,event=CRC
2026-08-01 05:23:09.924096 DBG,RX,t=289720,event=CRC,bytes=250733,parsed=5179,accepted=3122,len=189,crc=1769,field=100,dup=0,old=0,ovf=0
2026-08-01 05:23:09.925244 DBG,CTRL,t=289840,old=VIS,new=ACT,mage=14,rxage=0,seq=5182,valid=1,meas=1,streak=3,event=TARGET
2026-08-01 05:23:09.926753 DBG,RX,t=289880,event=CRC,bytes=250887,parsed=5182,accepted=3124,len=189,crc=1770,field=100,dup=0,old=0,ovf=0
2026-08-01 05:23:10.269632 DBG,RX,t=290060,event=CRC,bytes=251041,parsed=5185,accepted=3126,len=189,crc=1771,field=100,dup=0,old=0,ovf=0
2026-08-01 05:23:10.271656 DBG,RX,t=290260,event=CRC,bytes=251246,parsed=5189,accepted=3129,len=189,crc=1772,field=100,dup=0,old=0,ovf=0
2026-08-01 05:23:10.639712 DBG,RX,t=290380,event=CRC,bytes=251347,parsed=5191,accepted=3130,len=189,crc=1773,field=100,dup=0,old=0,ovf=0
2026-08-01 05:23:10.641627 DBG,RX,t=290480,event=CRC,bytes=251448,parsed=5193,accepted=3131,len=189,crc=1774,field=100,dup=0,old=0,ovf=0
2026-08-01 05:23:10.642887 DBG,RX,t=290580,event=LENGTH,bytes=251553,parsed=5195,accepted=3132,len=190,crc=1774,field=100,dup=0,old=0,ovf=0
2026-08-01 05:23:10.984317 DBG,RX,t=290740,event=CRC,bytes=251704,parsed=5198,accepted=3134,len=190,crc=1775,field=100,dup=0,old=0,ovf=0
2026-08-01 05:23:10.985831 DBG,RX,t=290800,event=CRC,bytes=251757,parsed=5199,accepted=3134,len=190,crc=1776,field=100,dup=0,old=0,ovf=0
2026-08-01 05:23:10.987848 DBG,CTRL,t=290840,old=ACT,new=VIS,mage=154,rxage=40,seq=5198,valid=1,meas=1,streak=0,event=CRC
2026-08-01 05:23:10.988847 DBG,RX,t=290920,event=LENGTH,bytes=251861,parsed=5201,accepted=3135,len=191,crc=1776,field=100,dup=0,old=0,ovf=0
2026-08-01 05:23:11.342694 DBG,CTRL,t=291040,old=VIS,new=ACT,mage=14,rxage=0,seq=5204,valid=1,meas=1,streak=3,event=TARGET
2026-08-01 05:23:11.344706 DBG,RX,t=291080,event=CRC,bytes=252013,parsed=5204,accepted=3137,len=191,crc=1777,field=100,dup=0,old=0,ovf=0
2026-08-01 05:23:11.344706 DBG,RX,t=291140,event=CRC,bytes=252065,parsed=5205,accepted=3137,len=191,crc=1778,field=100,dup=0,old=0,ovf=0
2026-08-01 05:23:11.345970 DBG,CTRL,t=291180,old=ACT,new=VIS,mage=154,rxage=0,seq=5204,valid=1,meas=1,streak=0,event=CRC
2026-08-01 05:23:11.346966 DBG,RX,t=291240,event=CRC,bytes=252168,parsed=5207,accepted=3138,len=191,crc=1779,field=100,dup=0,old=0,ovf=0
2026-08-01 05:23:11.699076 DBG,CTRL,t=291360,old=VIS,new=ACT,mage=14,rxage=0,seq=5210,valid=1,meas=1,streak=3,event=TARGET
2026-08-01 05:23:11.700951 DBG,RX,t=291460,event=CRC,bytes=252374,parsed=5211,accepted=3141,len=191,crc=1780,field=100,dup=0,old=0,ovf=0
2026-08-01 05:23:11.701668 DBG,RX,t=291580,event=CRC,bytes=252477,parsed=5213,accepted=3142,len=191,crc=1781,field=100,dup=0,old=0,ovf=0
2026-08-01 05:23:11.701668 DBG,RX,t=291620,event=CRC,bytes=252529,parsed=5214,accepted=3142,len=191,crc=1782,field=100,dup=0,old=0,ovf=0
2026-08-01 05:23:11.701668 DBG,CTRL,t=291660,old=ACT,new=VIS,mage=153,rxage=40,seq=5213,valid=1,meas=1,streak=0,event=CRC
2026-08-01 05:23:12.076339 DBG,RX,t=291720,event=CRC,bytes=252632,parsed=5216,accepted=3143,len=191,crc=1783,field=100,dup=0,old=0,ovf=0
2026-08-01 05:23:12.077655 DBG,RX,t=291780,event=CRC,bytes=252684,parsed=5217,accepted=3143,len=191,crc=1784,field=100,dup=0,old=0,ovf=0
2026-08-01 05:23:12.078673 DBG,RX,t=291960,event=CRC,bytes=252839,parsed=5220,accepted=3145,len=191,crc=1785,field=100,dup=0,old=0,ovf=0
2026-08-01 05:23:12.079673 DBG,CTRL,t=292020,old=VIS,new=ACT,mage=12,rxage=0,seq=5222,valid=1,meas=1,streak=3,event=TARGET
2026-08-01 05:23:12.415901 DBG,RX,t=292280,event=CRC,bytes=253146,parsed=5226,accepted=3150,len=191,crc=1786,field=100,dup=0,old=0,ovf=0
2026-08-01 05:23:12.746846 DBG,RX,t=292560,event=CRC,bytes=253402,parsed=5231,accepted=3154,len=191,crc=1787,field=100,dup=0,old=0,ovf=0
2026-08-01 05:23:12.747836 DBG,RX,t=292660,event=CRC,bytes=253505,parsed=5233,accepted=3155,len=191,crc=1788,field=100,dup=0,old=0,ovf=0
2026-08-01 05:23:13.111763 DBG,RX,t=292880,event=CRC,bytes=253710,parsed=5237,accepted=3158,len=191,crc=1789,field=100,dup=0,old=0,ovf=0
2026-08-01 05:23:13.113282 DBG,RX,t=292980,event=CRC,bytes=253813,parsed=5239,accepted=3159,len=191,crc=1790,field=100,dup=0,old=0,ovf=0
2026-08-01 05:23:13.114292 DBG,RX,t=293040,event=CRC,bytes=253864,parsed=5240,accepted=3159,len=191,crc=1791,field=100,dup=0,old=0,ovf=0
2026-08-01 05:23:13.115292 DBG,CTRL,t=293080,old=ACT,new=VIS,mage=154,rxage=40,seq=5239,valid=1,meas=1,streak=0,event=CRC
2026-08-01 05:23:13.512500 DBG,RX,t=293220,event=CRC,bytes=254016,parsed=5243,accepted=3161,len=191,crc=1792,field=100,dup=0,old=0,ovf=0
2026-08-01 05:23:13.513499 DBG,RX,t=293260,event=LENGTH,bytes=254069,parsed=5244,accepted=3161,len=192,crc=1792,field=100,dup=0,old=0,ovf=0
2026-08-01 05:23:13.515499 DBG,RX,t=293320,event=LENGTH,bytes=254121,parsed=5245,accepted=3161,len=193,crc=1792,field=100,dup=0,old=0,ovf=0
2026-08-01 05:23:13.516005 DBG,RX,t=293420,event=CRC,bytes=254224,parsed=5247,accepted=3162,len=193,crc=1793,field=100,dup=0,old=0,ovf=0
2026-08-01 05:23:13.518011 DBG,CTRL,t=293540,old=VIS,new=ACT,mage=14,rxage=0,seq=5250,valid=1,meas=1,streak=3,event=TARGET
2026-08-01 05:23:13.883669 DBG,RX,t=293760,event=CRC,bytes=254532,parsed=5253,accepted=3167,len=193,crc=1794,field=100,dup=0,old=0,ovf=0
2026-08-01 05:23:13.885152 DBG,RX,t=293900,event=CRC,bytes=254686,parsed=5256,accepted=3169,len=193,crc=1795,field=100,dup=0,old=0,ovf=0
2026-08-01 05:23:14.243638 DBG,RX,t=293960,event=CRC,bytes=254738,parsed=5257,accepted=3169,len=193,crc=1796,field=100,dup=0,old=0,ovf=0
2026-08-01 05:23:14.243638 DBG,CTRL,t=294000,old=ACT,new=VIS,mage=152,rxage=40,seq=5256,valid=1,meas=1,streak=0,event=CRC
2026-08-01 05:23:14.246164 DBG,RX,t=294120,event=CRC,bytes=254893,parsed=5260,accepted=3171,len=193,crc=1797,field=100,dup=0,old=0,ovf=0
2026-08-01 05:23:14.246164 DBG,RX,t=294180,event=CRC,bytes=254945,parsed=5261,accepted=3171,len=193,crc=1798,field=100,dup=0,old=0,ovf=0
2026-08-01 05:23:14.247833 DBG,RX,t=294240,event=CRC,bytes=254997,parsed=5262,accepted=3171,len=193,crc=1799,field=100,dup=0,old=0,ovf=0
2026-08-01 05:23:14.601735 DBG,RX,t=294340,event=CRC,bytes=255101,parsed=5264,accepted=3172,len=193,crc=1800,field=100,dup=0,old=0,ovf=0
2026-08-01 05:23:14.604383 DBG,RX,t=294400,event=CRC,bytes=255154,parsed=5265,accepted=3172,len=193,crc=1801,field=100,dup=0,old=0,ovf=0
2026-08-01 05:23:14.605385 DBG,CTRL,t=294560,old=VIS,new=ACT,mage=10,rxage=0,seq=5269,valid=1,meas=1,streak=3,event=TARGET
2026-08-01 05:23:14.606387 DBG,CTRL,t=294620,old=ACT,new=VIS,mage=13,rxage=0,seq=5270,valid=1,meas=1,streak=1,event=NEW_SESSION
2026-08-01 05:23:14.993050 DBG,RX,t=294660,event=CRC,bytes=255412,parsed=5270,accepted=3176,len=193,crc=1802,field=100,dup=0,old=0,ovf=0
2026-08-01 05:23:14.994049 DBG,RX,t=294720,event=FIELD,bytes=255464,parsed=5271,accepted=3176,len=193,crc=1802,field=101,dup=0,old=0,ovf=0
2026-08-01 05:23:14.995049 DBG,RX,t=294840,event=CRC,bytes=255568,parsed=5273,accepted=3177,len=193,crc=1803,field=101,dup=0,old=0,ovf=0
2026-08-01 05:23:14.996558 DBG,RX,t=294880,event=CRC,bytes=255620,parsed=5274,accepted=3177,len=193,crc=1804,field=101,dup=0,old=0,ovf=0
2026-08-01 05:23:14.997067 DBG,RX,t=295040,event=CRC,bytes=255775,parsed=5277,accepted=3179,len=193,crc=1805,field=101,dup=0,old=0,ovf=0
2026-08-01 05:23:15.370344 DBG,CTRL,t=295100,old=VIS,new=ACT,mage=11,rxage=0,seq=5279,valid=1,meas=1,streak=3,event=TARGET
2026-08-01 05:23:15.370344 DBG,RX,t=295220,event=CRC,bytes=255929,parsed=5280,accepted=3181,len=193,crc=1806,field=101,dup=0,old=0,ovf=0
2026-08-01 05:23:15.371854 DBG,RX,t=295340,event=CRC,bytes=256032,parsed=5282,accepted=3182,len=193,crc=1807,field=101,dup=0,old=0,ovf=0
2026-08-01 05:23:15.372867 DBG,RX,t=295380,event=CRC,bytes=256084,parsed=5283,accepted=3182,len=193,crc=1808,field=101,dup=0,old=0,ovf=0
2026-08-01 05:23:15.759874 DBG,RX,t=295540,event=FIELD,bytes=256238,parsed=5286,accepted=3184,len=193,crc=1808,field=102,dup=0,old=0,ovf=0
2026-08-01 05:23:15.761385 DBG,RX,t=295600,event=CRC,bytes=256290,parsed=5287,accepted=3184,len=193,crc=1809,field=102,dup=0,old=0,ovf=0
2026-08-01 05:23:15.761918 DBG,CTRL,t=295640,old=ACT,new=VIS,mage=154,rxage=0,seq=5286,valid=1,meas=1,streak=0,event=CRC
2026-08-01 05:23:15.762930 DBG,RX,t=295760,event=CRC,bytes=256445,parsed=5290,accepted=3186,len=193,crc=1810,field=102,dup=0,old=0,ovf=0
2026-08-01 05:23:15.765239 DBG,CTRL,t=295820,old=VIS,new=ACT,mage=10,rxage=0,seq=5292,valid=1,meas=1,streak=3,event=TARGET
2026-08-01 05:23:16.148843 DBG,RX,t=295920,event=CRC,bytes=256599,parsed=5293,accepted=3188,len=193,crc=1811,field=102,dup=0,old=0,ovf=0
2026-08-01 05:23:16.150845 DBG,RX,t=295980,event=LENGTH,bytes=256651,parsed=5294,accepted=3188,len=194,crc=1811,field=102,dup=0,old=0,ovf=0
2026-08-01 05:23:16.152259 DBG,CTRL,t=296020,old=ACT,new=VIS,mage=161,rxage=0,seq=5293,valid=1,meas=1,streak=0,event=LENGTH
2026-08-01 05:23:16.152259 DBG,RX,t=296080,event=CRC,bytes=256754,parsed=5296,accepted=3189,len=194,crc=1812,field=102,dup=0,old=0,ovf=0
2026-08-01 05:23:16.153548 DBG,CTRL,t=296200,old=VIS,new=ACT,mage=14,rxage=0,seq=5299,valid=1,meas=1,streak=3,event=TARGET
2026-08-01 05:23:16.557332 DBG,RX,t=296260,event=FIELD,bytes=256909,parsed=5299,accepted=3191,len=194,crc=1812,field=103,dup=0,old=0,ovf=0
2026-08-01 05:23:16.558638 DBG,RX,t=296480,event=CRC,bytes=257115,parsed=5303,accepted=3194,len=194,crc=1813,field=103,dup=0,old=0,ovf=0
2026-08-01 05:23:16.928671 DBG,RX,t=296740,event=CRC,bytes=257366,parsed=5308,accepted=3198,len=194,crc=1814,field=103,dup=0,old=0,ovf=0
2026-08-01 05:23:16.930644 DBG,RX,t=296800,event=CRC,bytes=257417,parsed=5309,accepted=3198,len=194,crc=1815,field=103,dup=0,old=0,ovf=0
2026-08-01 05:23:16.931688 DBG,CTRL,t=296840,old=ACT,new=VIS,mage=154,rxage=0,seq=5308,valid=1,meas=1,streak=0,event=CRC
2026-08-01 05:23:16.932703 DBG,RX,t=296900,event=CRC,bytes=257518,parsed=5311,accepted=3199,len=194,crc=1816,field=103,dup=0,old=0,ovf=0
2026-08-01 05:23:17.305543 DBG,CTRL,t=297020,old=VIS,new=ACT,mage=13,rxage=0,seq=5314,valid=1,meas=1,streak=3,event=TARGET
2026-08-01 05:23:17.306541 DBG,RX,t=297060,event=CRC,bytes=257669,parsed=5314,accepted=3201,len=194,crc=1817,field=103,dup=0,old=0,ovf=0
2026-08-01 05:23:17.307541 DBG,RX,t=297120,event=CRC,bytes=257720,parsed=5315,accepted=3201,len=194,crc=1818,field=103,dup=0,old=0,ovf=0
2026-08-01 05:23:17.308540 DBG,CTRL,t=297160,old=ACT,new=VIS,mage=153,rxage=40,seq=5314,valid=1,meas=1,streak=0,event=CRC
2026-08-01 05:23:17.309543 DBG,CTRL,t=297280,old=VIS,new=ACT,mage=7,rxage=0,seq=5319,valid=1,meas=1,streak=3,event=TARGET
2026-08-01 05:23:17.310539 DBG,RX,t=297340,event=CRC,bytes=257921,parsed=5319,accepted=3204,len=194,crc=1819,field=103,dup=0,old=0,ovf=0
2026-08-01 05:23:17.688195 DBG,RX,t=297400,event=CRC,bytes=257973,parsed=5320,accepted=3204,len=194,crc=1820,field=103,dup=0,old=0,ovf=0
2026-08-01 05:23:17.689869 DBG,CTRL,t=297440,old=ACT,new=VIS,mage=167,rxage=40,seq=5319,valid=1,meas=1,streak=0,event=CRC
2026-08-01 05:23:17.690883 DBG,RX,t=297500,event=CRC,bytes=258075,parsed=5322,accepted=3205,len=194,crc=1821,field=103,dup=0,old=0,ovf=0
2026-08-01 05:23:17.691883 DBG,CTRL,t=297620,old=VIS,new=ACT,mage=13,rxage=0,seq=5325,valid=1,meas=1,streak=3,event=TARGET
2026-08-01 05:23:18.036316 DBG,RX,t=297780,event=CRC,bytes=258327,parsed=5327,accepted=3209,len=194,crc=1822,field=103,dup=0,old=0,ovf=0
2026-08-01 05:23:18.037321 DBG,RX,t=297840,event=FIELD,bytes=258379,parsed=5328,accepted=3209,len=194,crc=1822,field=104,dup=0,old=0,ovf=0
2026-08-01 05:23:18.038437 DBG,RX,t=298100,event=CRC,bytes=258630,parsed=5333,accepted=3213,len=194,crc=1823,field=104,dup=0,old=0,ovf=0
2026-08-01 05:23:18.420423 DBG,RX,t=298160,event=CRC,bytes=258682,parsed=5334,accepted=3213,len=194,crc=1824,field=104,dup=0,old=0,ovf=0
2026-08-01 05:23:18.421486 DBG,CTRL,t=298200,old=ACT,new=VIS,mage=166,rxage=0,seq=5333,valid=1,meas=1,streak=0,event=CRC
2026-08-01 05:23:18.422089 DBG,RX,t=298200,event=CRC,bytes=258733,parsed=5335,accepted=3213,len=194,crc=1825,field=104,dup=0,old=0,ovf=0
2026-08-01 05:23:18.423808 DBG,CTRL,t=298360,old=VIS,new=ACT,mage=6,rxage=0,seq=5339,valid=1,meas=1,streak=3,event=TARGET
2026-08-01 05:23:18.425349 DBG,RX,t=298420,event=FIELD,bytes=258936,parsed=5339,accepted=3216,len=194,crc=1825,field=105,dup=0,old=0,ovf=0
2026-08-01 05:23:18.425349 DBG,RX,t=298480,event=CRC,bytes=258987,parsed=5340,accepted=3216,len=194,crc=1826,field=105,dup=0,old=0,ovf=0
2026-08-01 05:23:18.779067 DBG,CTRL,t=298520,old=ACT,new=VIS,mage=166,rxage=40,seq=5339,valid=1,meas=1,streak=0,event=CRC
2026-08-01 05:23:18.781079 DBG,RX,t=298540,event=CRC,bytes=259039,parsed=5341,accepted=3216,len=194,crc=1827,field=105,dup=0,old=0,ovf=0
2026-08-01 05:23:18.781664 DBG,RX,t=298640,event=CRC,bytes=259140,parsed=5343,accepted=3217,len=194,crc=1828,field=105,dup=0,old=0,ovf=0
2026-08-01 05:23:18.782677 DBG,CTRL,t=298760,old=VIS,new=ACT,mage=14,rxage=0,seq=5346,valid=1,meas=1,streak=3,event=TARGET
2026-08-01 05:23:18.783674 DBG,RX,t=298800,event=CRC,bytes=259291,parsed=5346,accepted=3219,len=194,crc=1829,field=105,dup=0,old=0,ovf=0
2026-08-01 05:23:19.158103 DBG,RX,t=298980,event=CRC,bytes=259442,parsed=5349,accepted=3221,len=194,crc=1830,field=105,dup=0,old=0,ovf=0
2026-08-01 05:23:19.159104 DBG,RX,t=299180,event=CRC,bytes=259643,parsed=5353,accepted=3224,len=194,crc=1831,field=105,dup=0,old=0,ovf=0
2026-08-01 05:23:19.525950 DBG,RX,t=299400,event=OLD_SEQ,bytes=259846,parsed=5357,accepted=3227,len=194,crc=1831,field=105,dup=0,old=1,ovf=0
2026-08-01 05:23:19.527549 DBG,RX,t=299500,event=CRC,bytes=259947,parsed=5359,accepted=3228,len=194,crc=1832,field=105,dup=0,old=1,ovf=0
2026-08-01 05:23:19.529121 DBG,RX,t=299580,event=CRC,bytes=260000,parsed=5360,accepted=3228,len=194,crc=1833,field=105,dup=0,old=1,ovf=0
2026-08-01 05:23:19.530119 DBG,CTRL,t=299600,old=ACT,new=VIS,mage=154,rxage=20,seq=5359,valid=1,meas=1,streak=0,event=CRC
2026-08-01 05:23:19.891611 DBG,CTRL,t=299740,old=VIS,new=ACT,mage=14,rxage=0,seq=5364,valid=1,meas=1,streak=3,event=TARGET
2026-08-01 05:23:19.893939 DBG,RX,t=299840,event=FIELD,bytes=260257,parsed=5365,accepted=3232,len=194,crc=1833,field=106,dup=0,old=1,ovf=0
2026-08-01 05:23:19.893939 DBG,RX,t=300000,event=CRC,bytes=260412,parsed=5368,accepted=3234,len=194,crc=1834,field=106,dup=0,old=1,ovf=0
2026-08-01 05:23:20.229930 DBG,RX,t=300100,event=CRC,bytes=260516,parsed=5370,accepted=3235,len=194,crc=1835,field=106,dup=0,old=1,ovf=0
2026-08-01 05:23:20.232149 DBG,RX,t=300280,event=FIELD,bytes=260671,parsed=5373,accepted=3237,len=194,crc=1835,field=107,dup=0,old=1,ovf=0
2026-08-01 05:23:20.234163 DBG,RX,t=300320,event=CRC,bytes=260722,parsed=5374,accepted=3237,len=194,crc=1836,field=107,dup=0,old=1,ovf=0
2026-08-01 05:23:20.641534 DBG,CTRL,t=300360,old=ACT,new=VIS,mage=153,rxage=40,seq=5373,valid=1,meas=1,streak=0,event=CRC
2026-08-01 05:23:20.644600 DBG,CTRL,t=300480,old=VIS,new=ACT,mage=5,rxage=0,seq=5378,valid=1,meas=1,streak=3,event=TARGET
2026-08-01 05:23:21.025222 DBG,RX,t=300920,event=LENGTH,bytes=261285,parsed=5385,accepted=3247,len=195,crc=1836,field=107,dup=0,old=1,ovf=0
2026-08-01 05:23:21.026222 DBG,RX,t=301020,event=CRC,bytes=261388,parsed=5387,accepted=3248,len=195,crc=1837,field=107,dup=0,old=1,ovf=0
2026-08-01 05:23:21.407866 DBG,RX,t=301180,event=CRC,bytes=261540,parsed=5390,accepted=3250,len=195,crc=1838,field=107,dup=0,old=1,ovf=0
2026-08-01 05:23:21.410737 DBG,RX,t=301240,event=CRC,bytes=261592,parsed=5391,accepted=3250,len=195,crc=1839,field=107,dup=0,old=1,ovf=0
2026-08-01 05:23:21.412262 DBG,CTRL,t=301280,old=ACT,new=VIS,mage=153,rxage=40,seq=5390,valid=1,meas=1,streak=0,event=CRC
2026-08-01 05:23:21.413553 DBG,CTRL,t=301400,old=VIS,new=ACT,mage=6,rxage=0,seq=5395,valid=1,meas=1,streak=3,event=TARGET
2026-08-01 05:23:21.414367 DBG,RX,t=301520,event=CRC,bytes=261848,parsed=5396,accepted=3254,len=195,crc=1840,field=107,dup=0,old=1,ovf=0
2026-08-01 05:23:21.792502 DBG,RX,t=301560,event=CRC,bytes=261900,parsed=5397,accepted=3254,len=195,crc=1841,field=107,dup=0,old=1,ovf=0
2026-08-01 05:23:21.793671 DBG,CTRL,t=301600,old=ACT,new=VIS,mage=151,rxage=40,seq=5396,valid=1,meas=1,streak=0,event=CRC
2026-08-01 05:23:21.794671 DBG,RX,t=301620,event=LENGTH,bytes=261952,parsed=5398,accepted=3254,len=196,crc=1841,field=107,dup=0,old=1,ovf=0
2026-08-01 05:23:21.795672 DBG,RX,t=301680,event=CRC,bytes=262004,parsed=5399,accepted=3254,len=196,crc=1842,field=107,dup=0,old=1,ovf=0
2026-08-01 05:23:21.796869 DBG,CTRL,t=301860,old=VIS,new=ACT,mage=8,rxage=0,seq=5403,valid=1,meas=1,streak=3,event=TARGET
2026-08-01 05:23:22.212195 DBG,RX,t=302020,event=CRC,bytes=262311,parsed=5405,accepted=3259,len=196,crc=1843,field=107,dup=0,old=1,ovf=0
2026-08-01 05:23:22.213703 DBG,RX,t=302180,event=CRC,bytes=262466,parsed=5408,accepted=3261,len=196,crc=1844,field=107,dup=0,old=1,ovf=0
2026-08-01 05:23:22.214712 DBG,RX,t=302300,event=CRC,bytes=262569,parsed=5410,accepted=3262,len=196,crc=1845,field=107,dup=0,old=1,ovf=0
2026-08-01 05:23:22.215713 DBG,RX,t=302340,event=LENGTH,bytes=262622,parsed=5411,accepted=3262,len=197,crc=1845,field=107,dup=0,old=1,ovf=0
2026-08-01 05:23:22.598448 DBG,RX,t=302560,event=CRC,bytes=262827,parsed=5415,accepted=3265,len=197,crc=1846,field=107,dup=0,old=1,ovf=0
2026-08-01 05:23:22.599890 DBG,RX,t=302680,event=CRC,bytes=262929,parsed=5417,accepted=3266,len=197,crc=1847,field=107,dup=0,old=1,ovf=0
2026-08-01 05:23:22.600580 DBG,RX,t=302720,event=CRC,bytes=262980,parsed=5418,accepted=3266,len=197,crc=1848,field=107,dup=0,old=1,ovf=0
2026-08-01 05:23:22.974420 DBG,CTRL,t=302760,old=ACT,new=VIS,mage=153,rxage=40,seq=5417,valid=1,meas=1,streak=0,event=CRC
2026-08-01 05:23:22.975422 DBG,RX,t=302900,event=CRC,bytes=263131,parsed=5421,accepted=3268,len=197,crc=1849,field=107,dup=0,old=1,ovf=0
2026-08-01 05:23:22.976932 DBG,RX,t=302940,event=CRC,bytes=263182,parsed=5422,accepted=3268,len=197,crc=1850,field=107,dup=0,old=1,ovf=0
2026-08-01 05:23:22.977944 DBG,RX,t=303000,event=CRC,bytes=263234,parsed=5423,accepted=3268,len=197,crc=1851,field=107,dup=0,old=1,ovf=0
2026-08-01 05:23:22.978961 DBG,RX,t=303060,event=CRC,bytes=263286,parsed=5424,accepted=3268,len=197,crc=1852,field=107,dup=0,old=1,ovf=0
2026-08-01 05:23:22.979683 DBG,RX,t=303100,event=CRC,bytes=263338,parsed=5425,accepted=3268,len=197,crc=1853,field=107,dup=0,old=1,ovf=0
2026-08-01 05:23:23.386927 DBG,RX,t=303260,event=CRC,bytes=263492,parsed=5428,accepted=3270,len=197,crc=1854,field=107,dup=0,old=1,ovf=0
2026-08-01 05:23:23.387486 DBG,CTRL,t=303320,old=VIS,new=ACT,mage=8,rxage=0,seq=5430,valid=1,meas=1,streak=3,event=TARGET
2026-08-01 05:23:23.780750 DBG,RX,t=303580,event=CRC,bytes=263799,parsed=5434,accepted=3275,len=197,crc=1855,field=107,dup=0,old=1,ovf=0
2026-08-01 05:23:23.781754 DBG,RX,t=303760,event=CRC,bytes=263953,parsed=5437,accepted=3277,len=197,crc=1856,field=107,dup=0,old=1,ovf=0
2026-08-01 05:23:23.783341 DBG,RX,t=303800,event=CRC,bytes=264005,parsed=5438,accepted=3277,len=197,crc=1857,field=107,dup=0,old=1,ovf=0
2026-08-01 05:23:23.785194 DBG,CTRL,t=303840,old=ACT,new=VIS,mage=153,rxage=40,seq=5437,valid=1,meas=1,streak=0,event=CRC
2026-08-01 05:23:23.786377 DBG,RX,t=303860,event=CRC,bytes=264058,parsed=5439,accepted=3277,len=197,crc=1858,field=107,dup=0,old=1,ovf=0
2026-08-01 05:23:24.149058 DBG,RX,t=304020,event=CRC,bytes=264209,parsed=5442,accepted=3279,len=197,crc=1859,field=107,dup=0,old=1,ovf=0
2026-08-01 05:23:24.150251 DBG,CTRL,t=304080,old=VIS,new=ACT,mage=9,rxage=0,seq=5444,valid=1,meas=1,streak=3,event=TARGET
2026-08-01 05:23:24.151254 DBG,RX,t=304240,event=LENGTH,bytes=264410,parsed=5446,accepted=3282,len=198,crc=1859,field=107,dup=0,old=1,ovf=0
2026-08-01 05:23:24.531741 DBG,RX,t=304340,event=CRC,bytes=264511,parsed=5448,accepted=3283,len=198,crc=1860,field=107,dup=0,old=1,ovf=0
2026-08-01 05:23:24.531741 DBG,RX,t=304560,event=CRC,bytes=264714,parsed=5452,accepted=3286,len=198,crc=1861,field=107,dup=0,old=1,ovf=0
2026-08-01 05:23:24.915096 DBG,RX,t=304880,event=CRC,bytes=265015,parsed=5458,accepted=3291,len=198,crc=1862,field=107,dup=0,old=1,ovf=0
2026-08-01 05:23:24.916733 DBG,RX,t=305020,event=CRC,bytes=265116,parsed=5460,accepted=3292,len=198,crc=1863,field=107,dup=0,old=1,ovf=0
2026-08-01 05:23:24.917239 DBG,RX,t=305060,event=CRC,bytes=265168,parsed=5461,accepted=3292,len=198,crc=1864,field=107,dup=0,old=1,ovf=0
2026-08-01 05:23:25.315743 DBG,CTRL,t=305100,old=ACT,new=VIS,mage=168,rxage=40,seq=5460,valid=1,meas=1,streak=0,event=CRC
2026-08-01 05:23:25.316746 DBG,CTRL,t=305220,old=VIS,new=ACT,mage=9,rxage=0,seq=5465,valid=1,meas=1,streak=3,event=TARGET
2026-08-01 05:23:25.316746 DBG,RX,t=305320,event=CRC,bytes=265422,parsed=5466,accepted=3296,len=198,crc=1865,field=107,dup=0,old=1,ovf=0
2026-08-01 05:23:25.318254 DBG,RX,t=305380,event=CRC,bytes=265474,parsed=5467,accepted=3296,len=198,crc=1866,field=107,dup=0,old=1,ovf=0
2026-08-01 05:23:25.319784 DBG,CTRL,t=305420,old=ACT,new=VIS,mage=152,rxage=40,seq=5466,valid=1,meas=1,streak=0,event=CRC
2026-08-01 05:23:25.697109 DBG,RX,t=305540,event=CRC,bytes=265626,parsed=5470,accepted=3298,len=198,crc=1867,field=107,dup=0,old=1,ovf=0
2026-08-01 05:23:25.697109 DBG,CTRL,t=305600,old=VIS,new=ACT,mage=10,rxage=0,seq=5472,valid=1,meas=1,streak=3,event=TARGET
2026-08-01 05:23:25.697109 DBG,RX,t=305660,event=CRC,bytes=265728,parsed=5472,accepted=3299,len=198,crc=1868,field=107,dup=0,old=1,ovf=0
2026-08-01 05:23:25.697109 DBG,RX,t=305860,event=LENGTH,bytes=265931,parsed=5476,accepted=3302,len=199,crc=1868,field=107,dup=0,old=1,ovf=0
2026-08-01 05:23:26.121172 DBG,RX,t=305920,event=CRC,bytes=265983,parsed=5477,accepted=3302,len=199,crc=1869,field=107,dup=0,old=1,ovf=0
2026-08-01 05:23:26.121872 DBG,CTRL,t=305960,old=ACT,new=VIS,mage=153,rxage=0,seq=5476,valid=1,meas=1,streak=0,event=CRC
2026-08-01 05:23:26.123065 DBG,RX,t=306020,event=CRC,bytes=266084,parsed=5479,accepted=3303,len=199,crc=1870,field=107,dup=0,old=1,ovf=0
2026-08-01 05:23:26.124064 DBG,RX,t=306140,event=CRC,bytes=266185,parsed=5481,accepted=3304,len=199,crc=1871,field=107,dup=0,old=1,ovf=0
2026-08-01 05:23:26.125063 DBG,CTRL,t=306200,old=VIS,new=ACT,mage=14,rxage=0,seq=5483,valid=1,meas=1,streak=3,event=TARGET
2026-08-01 05:23:26.540470 DBG,RX,t=306360,event=CRC,bytes=266387,parsed=5485,accepted=3307,len=199,crc=1872,field=107,dup=0,old=1,ovf=0
2026-08-01 05:23:26.541569 DBG,RX,t=306520,event=CRC,bytes=266538,parsed=5488,accepted=3309,len=199,crc=1873,field=107,dup=0,old=1,ovf=0
2026-08-01 05:23:26.543115 DBG,RX,t=306620,event=CRC,bytes=266639,parsed=5490,accepted=3310,len=199,crc=1874,field=107,dup=0,old=1,ovf=0
2026-08-01 05:23:26.938540 DBG,RX,t=306800,event=CRC,bytes=266791,parsed=5493,accepted=3312,len=199,crc=1875,field=107,dup=0,old=1,ovf=0
2026-08-01 05:23:26.939551 DBG,RX,t=306960,event=CRC,bytes=266942,parsed=5496,accepted=3314,len=199,crc=1876,field=107,dup=0,old=1,ovf=0
2026-08-01 05:23:27.330201 DBG,RX,t=307240,event=CRC,bytes=267193,parsed=5501,accepted=3318,len=199,crc=1877,field=107,dup=0,old=1,ovf=0
2026-08-01 05:23:27.331959 DBG,RX,t=307280,event=CRC,bytes=267246,parsed=5502,accepted=3318,len=199,crc=1878,field=107,dup=0,old=1,ovf=0
2026-08-01 05:23:27.332971 DBG,CTRL,t=307320,old=ACT,new=VIS,mage=153,rxage=40,seq=5501,valid=1,meas=1,streak=0,event=CRC
2026-08-01 05:23:27.334844 DBG,RX,t=307460,event=CRC,bytes=267397,parsed=5505,accepted=3320,len=199,crc=1879,field=107,dup=0,old=1,ovf=0
2026-08-01 05:23:27.335856 DBG,CTRL,t=307500,old=VIS,new=ACT,mage=10,rxage=0,seq=5507,valid=1,meas=1,streak=3,event=TARGET
2026-08-01 05:23:27.756869 DBG,RX,t=307560,event=CRC,bytes=267498,parsed=5507,accepted=3321,len=199,crc=1880,field=107,dup=0,old=1,ovf=0
2026-08-01 05:23:27.758216 DBG,RX,t=307600,event=CRC,bytes=267549,parsed=5508,accepted=3321,len=199,crc=1881,field=107,dup=0,old=1,ovf=0
2026-08-01 05:23:27.759664 DBG,CTRL,t=307660,old=ACT,new=VIS,mage=170,rxage=0,seq=5507,valid=1,meas=1,streak=0,event=CRC
2026-08-01 05:23:27.760675 DBG,RX,t=307660,event=CRC,bytes=267600,parsed=5509,accepted=3321,len=199,crc=1882,field=107,dup=0,old=1,ovf=0
2026-08-01 05:23:27.761380 DBG,CTRL,t=307820,old=VIS,new=ACT,mage=7,rxage=0,seq=5513,valid=1,meas=1,streak=3,event=TARGET
2026-08-01 05:23:27.762771 DBG,RX,t=307880,event=CRC,bytes=267801,parsed=5513,accepted=3324,len=199,crc=1883,field=107,dup=0,old=1,ovf=0
2026-08-01 05:23:28.172812 DBG,RX,t=307980,event=CRC,bytes=267902,parsed=5515,accepted=3325,len=199,crc=1884,field=107,dup=0,old=1,ovf=0
2026-08-01 05:23:28.174187 DBG,RX,t=308040,event=CRC,bytes=267953,parsed=5516,accepted=3325,len=199,crc=1885,field=107,dup=0,old=1,ovf=0
2026-08-01 05:23:28.175288 DBG,CTRL,t=308080,old=ACT,new=VIS,mage=154,rxage=40,seq=5515,valid=1,meas=1,streak=0,event=CRC
2026-08-01 05:23:28.175288 DBG,RX,t=308140,event=CRC,bytes=268054,parsed=5518,accepted=3326,len=199,crc=1886,field=107,dup=0,old=1,ovf=0
2026-08-01 05:23:28.176808 DBG,RX,t=308200,event=LENGTH,bytes=268105,parsed=5519,accepted=3326,len=200,crc=1886,field=107,dup=0,old=1,ovf=0
2026-08-01 05:23:28.178819 DBG,CTRL,t=308380,old=VIS,new=ACT,mage=9,rxage=0,seq=5523,valid=1,meas=1,streak=3,event=TARGET
2026-08-01 05:23:28.556741 DBG,RX,t=308540,event=CRC,bytes=268406,parsed=5525,accepted=3331,len=200,crc=1887,field=107,dup=0,old=1,ovf=0
2026-08-01 05:23:28.557738 DBG,RX,t=308760,event=CRC,bytes=268608,parsed=5529,accepted=3334,len=200,crc=1888,field=107,dup=0,old=1,ovf=0
2026-08-01 05:23:29.291443 DBG,RX,t=309300,event=CRC,bytes=269109,parsed=5539,accepted=3343,len=200,crc=1889,field=107,dup=0,old=1,ovf=0
2026-08-01 05:23:29.292453 DBG,RX,t=309380,event=CRC,bytes=269160,parsed=5540,accepted=3343,len=200,crc=1890,field=107,dup=0,old=1,ovf=0
2026-08-01 05:23:29.294453 DBG,CTRL,t=309400,old=ACT,new=VIS,mage=168,rxage=20,seq=5539,valid=1,meas=1,streak=0,event=CRC
2026-08-01 05:23:29.294453 DBG,RX,t=309440,event=CRC,bytes=269213,parsed=5541,accepted=3343,len=200,crc=1891,field=107,dup=0,old=1,ovf=0
2026-08-01 05:23:29.296212 DBG,RX,t=309480,event=CRC,bytes=269267,parsed=5542,accepted=3343,len=200,crc=1892,field=107,dup=0,old=1,ovf=0
2026-08-01 05:23:29.677632 DBG,RX,t=309580,event=LENGTH,bytes=269370,parsed=5544,accepted=3344,len=201,crc=1892,field=107,dup=0,old=1,ovf=0
2026-08-01 05:23:29.679633 DBG,CTRL,t=309700,old=VIS,new=ACT,mage=14,rxage=0,seq=5547,valid=1,meas=1,streak=3,event=TARGET
2026-08-01 05:23:29.680109 DBG,RX,t=309760,event=CRC,bytes=269524,parsed=5547,accepted=3346,len=201,crc=1893,field=107,dup=0,old=1,ovf=0
2026-08-01 05:23:29.681617 DBG,RX,t=309860,event=CRC,bytes=269626,parsed=5549,accepted=3347,len=201,crc=1894,field=107,dup=0,old=1,ovf=0
2026-08-01 05:23:30.026764 DBG,RX,t=309960,event=CRC,bytes=269728,parsed=5551,accepted=3348,len=201,crc=1895,field=107,dup=0,old=1,ovf=0
2026-08-01 05:23:30.027776 DBG,RX,t=310180,event=CRC,bytes=269931,parsed=5555,accepted=3351,len=201,crc=1896,field=107,dup=0,old=1,ovf=0
2026-08-01 05:23:30.028775 DBG,RX,t=310240,event=CRC,bytes=269983,parsed=5556,accepted=3351,len=201,crc=1897,field=107,dup=0,old=1,ovf=0
2026-08-01 05:23:30.360194 DBG,CTRL,t=310280,old=ACT,new=VIS,mage=165,rxage=0,seq=5555,valid=1,meas=1,streak=0,event=CRC
2026-08-01 05:23:30.361726 DBG,CTRL,t=310400,old=VIS,new=ACT,mage=14,rxage=0,seq=5560,valid=1,meas=1,streak=3,event=TARGET
2026-08-01 05:23:30.362739 DBG,RX,t=310500,event=CRC,bytes=270236,parsed=5561,accepted=3355,len=201,crc=1898,field=107,dup=0,old=1,ovf=0
2026-08-01 05:23:30.363739 DBG,RX,t=310560,event=CRC,bytes=270288,parsed=5562,accepted=3355,len=201,crc=1899,field=107,dup=0,old=1,ovf=0
2026-08-01 05:23:30.364743 DBG,CTRL,t=310600,old=ACT,new=VIS,mage=154,rxage=40,seq=5561,valid=1,meas=1,streak=0,event=CRC
2026-08-01 05:23:30.726967 DBG,RX,t=310660,event=CRC,bytes=270390,parsed=5564,accepted=3356,len=201,crc=1900,field=107,dup=0,old=1,ovf=0
2026-08-01 05:23:30.727968 DBG,CTRL,t=310780,old=VIS,new=ACT,mage=14,rxage=0,seq=5567,valid=1,meas=1,streak=3,event=TARGET
2026-08-01 05:23:30.728968 DBG,RX,t=310840,event=CRC,bytes=270545,parsed=5567,accepted=3358,len=201,crc=1901,field=107,dup=0,old=1,ovf=0
2026-08-01 05:23:30.730423 DBG,RX,t=310880,event=CRC,bytes=270596,parsed=5568,accepted=3358,len=201,crc=1902,field=107,dup=0,old=1,ovf=0
2026-08-01 05:23:30.731442 DBG,CTRL,t=310920,old=ACT,new=VIS,mage=154,rxage=40,seq=5567,valid=1,meas=1,streak=0,event=CRC
2026-08-01 05:23:31.109437 DBG,RX,t=310980,event=LENGTH,bytes=270700,parsed=5570,accepted=3359,len=202,crc=1902,field=107,dup=0,old=1,ovf=0
2026-08-01 05:23:31.110429 DBG,RX,t=311040,event=CRC,bytes=270752,parsed=5571,accepted=3359,len=202,crc=1903,field=107,dup=0,old=1,ovf=0
2026-08-01 05:23:31.111845 DBG,CTRL,t=311200,old=VIS,new=ACT,mage=6,rxage=0,seq=5575,valid=1,meas=1,streak=3,event=TARGET
2026-08-01 05:23:31.113371 DBG,RX,t=311320,event=CRC,bytes=271007,parsed=5576,accepted=3363,len=202,crc=1904,field=107,dup=0,old=1,ovf=0
2026-08-01 05:23:31.114392 DBG,RX,t=311360,event=CRC,bytes=271060,parsed=5577,accepted=3363,len=202,crc=1905,field=107,dup=0,old=1,ovf=0
2026-08-01 05:23:31.451251 DBG,RX,t=311540,event=CRC,bytes=271214,parsed=5580,accepted=3365,len=202,crc=1906,field=107,dup=0,old=1,ovf=0
2026-08-01 05:23:31.452644 DBG,RX,t=311600,event=CRC,bytes=271266,parsed=5581,accepted=3365,len=202,crc=1907,field=107,dup=0,old=1,ovf=0
2026-08-01 05:23:31.453752 DBG,CTRL,t=311620,old=ACT,new=VIS,mage=154,rxage=20,seq=5580,valid=1,meas=1,streak=0,event=CRC
2026-08-01 05:23:31.454741 DBG,RX,t=311660,event=CRC,bytes=271319,parsed=5582,accepted=3365,len=202,crc=1908,field=107,dup=0,old=1,ovf=0
2026-08-01 05:23:31.455817 DBG,RX,t=311700,event=CRC,bytes=271371,parsed=5583,accepted=3365,len=202,crc=1909,field=107,dup=0,old=1,ovf=0
2026-08-01 05:23:31.804670 DBG,CTRL,t=311860,old=VIS,new=ACT,mage=5,rxage=0,seq=5587,valid=1,meas=1,streak=3,event=TARGET
2026-08-01 05:23:32.150291 DBG,RX,t=312180,event=CRC,bytes=271825,parsed=5592,accepted=3373,len=202,crc=1910,field=107,dup=0,old=1,ovf=0
2026-08-01 05:23:32.151288 DBG,RX,t=312360,event=CRC,bytes=271976,parsed=5595,accepted=3375,len=202,crc=1911,field=107,dup=0,old=1,ovf=0
2026-08-01 05:23:32.152475 DBG,RX,t=312400,event=CRC,bytes=272027,parsed=5596,accepted=3375,len=202,crc=1912,field=107,dup=0,old=1,ovf=0
2026-08-01 05:23:32.533236 DBG,CTRL,t=312440,old=ACT,new=VIS,mage=154,rxage=40,seq=5595,valid=1,meas=1,streak=0,event=CRC
2026-08-01 05:23:32.534330 DBG,RX,t=312560,event=CRC,bytes=272179,parsed=5599,accepted=3377,len=202,crc=1913,field=107,dup=0,old=1,ovf=0
2026-08-01 05:23:32.535809 DBG,CTRL,t=312640,old=VIS,new=ACT,mage=14,rxage=0,seq=5601,valid=1,meas=1,streak=3,event=TARGET
2026-08-01 05:23:32.536818 DBG,RX,t=312680,event=CRC,bytes=272282,parsed=5601,accepted=3378,len=202,crc=1914,field=107,dup=0,old=1,ovf=0
2026-08-01 05:23:32.537819 DBG,RX,t=312740,event=CRC,bytes=272334,parsed=5602,accepted=3378,len=202,crc=1915,field=107,dup=0,old=1,ovf=0
2026-08-01 05:23:32.537819 DBG,CTRL,t=312780,old=ACT,new=VIS,mage=154,rxage=40,seq=5601,valid=1,meas=1,streak=0,event=CRC
2026-08-01 05:23:32.908245 DBG,RX,t=312900,event=LENGTH,bytes=272487,parsed=5605,accepted=3380,len=203,crc=1915,field=107,dup=0,old=1,ovf=0
2026-08-01 05:23:32.909248 DBG,CTRL,t=312960,old=VIS,new=ACT,mage=14,rxage=0,seq=5607,valid=1,meas=1,streak=3,event=TARGET
2026-08-01 05:23:32.910250 DBG,RX,t=313060,event=CRC,bytes=272638,parsed=5608,accepted=3382,len=203,crc=1916,field=107,dup=0,old=1,ovf=0
2026-08-01 05:23:33.246599 DBG,RX,t=313240,event=CRC,bytes=272791,parsed=5611,accepted=3384,len=203,crc=1917,field=107,dup=0,old=1,ovf=0
2026-08-01 05:23:33.247607 DBG,RX,t=313400,event=CRC,bytes=272943,parsed=5614,accepted=3386,len=203,crc=1918,field=107,dup=0,old=1,ovf=0
2026-08-01 05:23:33.247607 DBG,RX,t=313460,event=FIELD,bytes=272996,parsed=5615,accepted=3386,len=203,crc=1918,field=108,dup=0,old=1,ovf=0
2026-08-01 05:23:33.249125 DBG,CTRL,t=313500,old=ACT,new=VIS,mage=154,rxage=0,seq=5614,valid=1,meas=1,streak=0,event=FIELD
2026-08-01 05:23:33.250204 DBG,RX,t=313520,event=CRC,bytes=273047,parsed=5616,accepted=3386,len=203,crc=1919,field=108,dup=0,old=1,ovf=0
2026-08-01 05:23:33.613190 DBG,RX,t=313620,event=CRC,bytes=273150,parsed=5618,accepted=3387,len=203,crc=1920,field=108,dup=0,old=1,ovf=0
2026-08-01 05:23:33.614791 DBG,CTRL,t=313740,old=VIS,new=ACT,mage=14,rxage=0,seq=5621,valid=1,meas=1,streak=3,event=TARGET
2026-08-01 05:23:33.981188 DBG,RX,t=314000,event=CRC,bytes=273503,parsed=5625,accepted=3393,len=203,crc=1921,field=108,dup=0,old=1,ovf=0
2026-08-01 05:23:33.984563 DBG,RX,t=314160,event=LENGTH,bytes=273656,parsed=5628,accepted=3395,len=204,crc=1921,field=108,dup=0,old=1,ovf=0
2026-08-01 05:23:33.985574 DBG,RX,t=314260,event=CRC,bytes=273758,parsed=5630,accepted=3396,len=204,crc=1922,field=108,dup=0,old=1,ovf=0
2026-08-01 05:23:34.329393 DBG,RX,t=314380,event=CRC,bytes=273862,parsed=5632,accepted=3397,len=204,crc=1923,field=108,dup=0,old=1,ovf=0
2026-08-01 05:23:34.330390 DBG,RX,t=314580,event=FIELD,bytes=274064,parsed=5636,accepted=3400,len=204,crc=1923,field=109,dup=0,old=1,ovf=0
2026-08-01 05:23:34.643345 DBG,RX,t=314640,event=CRC,bytes=274117,parsed=5637,accepted=3400,len=204,crc=1924,field=109,dup=0,old=1,ovf=0
2026-08-01 05:23:34.644344 DBG,CTRL,t=314680,old=ACT,new=VIS,mage=154,rxage=0,seq=5636,valid=1,meas=1,streak=0,event=CRC
2026-08-01 05:23:34.645854 DBG,RX,t=314760,event=CRC,bytes=274219,parsed=5639,accepted=3401,len=204,crc=1925,field=109,dup=0,old=1,ovf=0
2026-08-01 05:23:34.646867 DBG,RX,t=314820,event=CRC,bytes=274271,parsed=5640,accepted=3401,len=204,crc=1926,field=109,dup=0,old=1,ovf=0
2026-08-01 05:23:34.980371 DBG,RX,t=314980,event=CRC,bytes=274422,parsed=5643,accepted=3403,len=204,crc=1927,field=109,dup=0,old=1,ovf=0
2026-08-01 05:23:34.982502 DBG,CTRL,t=315040,old=VIS,new=ACT,mage=14,rxage=0,seq=5645,valid=1,meas=1,streak=3,event=TARGET
2026-08-01 05:23:34.983507 DBG,RX,t=315100,event=CRC,bytes=274523,parsed=5645,accepted=3404,len=204,crc=1928,field=109,dup=0,old=1,ovf=0
2026-08-01 05:23:34.984502 DBG,RX,t=315200,event=CRC,bytes=274626,parsed=5647,accepted=3405,len=204,crc=1929,field=109,dup=0,old=1,ovf=0
2026-08-01 05:23:34.985505 DBG,RX,t=315240,event=CRC,bytes=274679,parsed=5648,accepted=3405,len=204,crc=1930,field=109,dup=0,old=1,ovf=0
2026-08-01 05:23:35.737483 DBG,RX,t=315680,event=CRC,bytes=275086,parsed=5656,accepted=3412,len=204,crc=1931,field=109,dup=0,old=1,ovf=0
2026-08-01 05:23:35.738489 DBG,RX,t=315780,event=CRC,bytes=275187,parsed=5658,accepted=3413,len=204,crc=1932,field=109,dup=0,old=1,ovf=0
2026-08-01 05:23:35.740002 DBG,RX,t=315840,event=CRC,bytes=275241,parsed=5659,accepted=3413,len=204,crc=1933,field=109,dup=0,old=1,ovf=0
2026-08-01 05:23:35.740002 DBG,CTRL,t=315880,old=ACT,new=VIS,mage=153,rxage=40,seq=5658,valid=1,meas=1,streak=0,event=CRC
2026-08-01 05:23:35.741568 DBG,CTRL,t=316000,old=VIS,new=ACT,mage=6,rxage=0,seq=5663,valid=1,meas=1,streak=3,event=TARGET
2026-08-01 05:23:36.064525 DBG,RX,t=316160,event=CRC,bytes=275544,parsed=5665,accepted=3418,len=204,crc=1934,field=109,dup=0,old=1,ovf=0
2026-08-01 05:23:36.421789 DBG,RX,t=316380,event=CRC,bytes=275745,parsed=5669,accepted=3421,len=204,crc=1935,field=109,dup=0,old=1,ovf=0
2026-08-01 05:23:36.425398 DBG,RX,t=316640,event=CRC,bytes=275996,parsed=5674,accepted=3425,len=204,crc=1936,field=109,dup=0,old=1,ovf=0
2026-08-01 05:23:36.426412 DBG,RX,t=316700,event=CRC,bytes=276048,parsed=5675,accepted=3425,len=204,crc=1937,field=109,dup=0,old=1,ovf=0
2026-08-01 05:23:36.428022 DBG,CTRL,t=316740,old=ACT,new=VIS,mage=151,rxage=40,seq=5674,valid=1,meas=1,streak=0,event=CRC
2026-08-01 05:23:36.874309 DBG,RX,t=316860,event=CRC,bytes=276199,parsed=5678,accepted=3427,len=204,crc=1938,field=109,dup=0,old=1,ovf=0
2026-08-01 05:23:36.875145 DBG,RX,t=316920,event=CRC,bytes=276250,parsed=5679,accepted=3427,len=204,crc=1939,field=109,dup=0,old=1,ovf=0
2026-08-01 05:23:36.876351 DBG,RX,t=316980,event=CRC,bytes=276303,parsed=5680,accepted=3427,len=204,crc=1940,field=109,dup=0,old=1,ovf=0
2026-08-01 05:23:36.877586 DBG,RX,t=317080,event=CRC,bytes=276406,parsed=5682,accepted=3428,len=204,crc=1941,field=109,dup=0,old=1,ovf=0
2026-08-01 05:23:37.248605 DBG,CTRL,t=317200,old=VIS,new=ACT,mage=14,rxage=0,seq=5685,valid=1,meas=1,streak=3,event=TARGET
2026-08-01 05:23:37.249611 DBG,RX,t=317240,event=CRC,bytes=276560,parsed=5685,accepted=3430,len=204,crc=1942,field=109,dup=0,old=1,ovf=0
2026-08-01 05:23:37.249611 DBG,RX,t=317300,event=CRC,bytes=276612,parsed=5686,accepted=3430,len=204,crc=1943,field=109,dup=0,old=1,ovf=0
2026-08-01 05:23:37.251530 DBG,CTRL,t=317340,old=ACT,new=VIS,mage=154,rxage=40,seq=5685,valid=1,meas=1,streak=0,event=CRC
2026-08-01 05:23:37.251926 DBG,RX,t=317400,event=CRC,bytes=276715,parsed=5688,accepted=3431,len=204,crc=1944,field=109,dup=0,old=1,ovf=0
2026-08-01 05:23:37.253086 DBG,RX,t=317460,event=LENGTH,bytes=276768,parsed=5689,accepted=3431,len=205,crc=1944,field=109,dup=0,old=1,ovf=0
2026-08-01 05:23:37.586788 DBG,CTRL,t=317620,old=VIS,new=ACT,mage=4,rxage=0,seq=5693,valid=1,meas=1,streak=3,event=TARGET
2026-08-01 05:23:37.588806 DBG,RX,t=317680,event=LENGTH,bytes=276977,parsed=5693,accepted=3434,len=206,crc=1944,field=109,dup=0,old=1,ovf=0
2026-08-01 05:23:37.949510 DBG,RX,t=318000,event=CRC,bytes=277284,parsed=5699,accepted=3439,len=206,crc=1945,field=109,dup=0,old=1,ovf=0
2026-08-01 05:23:37.951422 DBG,RX,t=318080,event=CRC,bytes=277336,parsed=5700,accepted=3439,len=206,crc=1946,field=109,dup=0,old=1,ovf=0
2026-08-01 05:23:37.951422 DBG,CTRL,t=318100,old=ACT,new=VIS,mage=162,rxage=20,seq=5699,valid=1,meas=1,streak=0,event=CRC
2026-08-01 05:23:37.951422 DBG,RX,t=318200,event=CRC,bytes=277437,parsed=5702,accepted=3440,len=206,crc=1947,field=109,dup=0,old=1,ovf=0
2026-08-01 05:23:38.314176 DBG,CTRL,t=318300,old=VIS,new=ACT,mage=13,rxage=0,seq=5705,valid=1,meas=1,streak=3,event=TARGET
2026-08-01 05:23:38.314176 DBG,RX,t=318400,event=CRC,bytes=277638,parsed=5706,accepted=3443,len=206,crc=1948,field=109,dup=0,old=1,ovf=0
2026-08-01 05:23:38.661272 DBG,RX,t=318720,event=CRC,bytes=277940,parsed=5712,accepted=3448,len=206,crc=1949,field=109,dup=0,old=1,ovf=0
2026-08-01 05:23:38.662358 DBG,RX,t=318780,event=CRC,bytes=277991,parsed=5713,accepted=3448,len=206,crc=1950,field=109,dup=0,old=1,ovf=0
2026-08-01 05:23:38.663367 DBG,CTRL,t=318820,old=ACT,new=VIS,mage=154,rxage=40,seq=5712,valid=1,meas=1,streak=0,event=CRC
2026-08-01 05:23:38.664884 DBG,CTRL,t=318940,old=VIS,new=ACT,mage=8,rxage=0,seq=5717,valid=1,meas=1,streak=3,event=TARGET
2026-08-01 05:23:38.983514 DBG,RX,t=319100,event=LENGTH,bytes=278292,parsed=5719,accepted=3453,len=207,crc=1950,field=109,dup=0,old=1,ovf=0
2026-08-01 05:23:38.984529 DBG,RX,t=319160,event=CRC,bytes=278343,parsed=5720,accepted=3453,len=207,crc=1951,field=109,dup=0,old=1,ovf=0
2026-08-01 05:23:38.985522 DBG,CTRL,t=319200,old=ACT,new=VIS,mage=154,rxage=40,seq=5719,valid=1,meas=1,streak=0,event=CRC
2026-08-01 05:23:38.986947 DBG,CTRL,t=319320,old=VIS,new=ACT,mage=2,rxage=0,seq=5724,valid=1,meas=1,streak=3,event=TARGET
2026-08-01 05:23:39.317653 DBG,RX,t=319380,event=CRC,bytes=278546,parsed=5724,accepted=3456,len=207,crc=1952,field=109,dup=0,old=1,ovf=0
2026-08-01 05:23:39.678189 DBG,RX,t=319700,event=CRC,bytes=278847,parsed=5730,accepted=3461,len=207,crc=1953,field=109,dup=0,old=1,ovf=0
2026-08-01 05:23:39.679699 DBG,RX,t=319760,event=CRC,bytes=278898,parsed=5731,accepted=3461,len=207,crc=1954,field=109,dup=0,old=1,ovf=0
2026-08-01 05:23:39.679699 DBG,CTRL,t=319800,old=ACT,new=VIS,mage=154,rxage=0,seq=5730,valid=1,meas=1,streak=0,event=CRC
2026-08-01 05:23:39.681227 DBG,RX,t=319820,event=CRC,bytes=278951,parsed=5732,accepted=3461,len=207,crc=1955,field=109,dup=0,old=1,ovf=0
2026-08-01 05:23:39.682237 DBG,RX,t=319860,event=CRC,bytes=279003,parsed=5733,accepted=3461,len=207,crc=1956,field=109,dup=0,old=1,ovf=0
2026-08-01 05:23:39.683239 DBG,RX,t=320020,event=CRC,bytes=279157,parsed=5736,accepted=3463,len=207,crc=1957,field=109,dup=0,old=1,ovf=0
2026-08-01 05:23:40.033494 DBG,RX,t=320080,event=CRC,bytes=279208,parsed=5737,accepted=3463,len=207,crc=1958,field=109,dup=0,old=1,ovf=0
2026-08-01 05:23:40.033494 DBG,RX,t=320200,event=CRC,bytes=279311,parsed=5739,accepted=3464,len=207,crc=1959,field=109,dup=0,old=1,ovf=0
2026-08-01 05:23:40.035508 DBG,RX,t=320240,event=CRC,bytes=279365,parsed=5740,accepted=3464,len=207,crc=1960,field=109,dup=0,old=1,ovf=0
2026-08-01 05:23:40.361600 DBG,CTRL,t=320400,old=VIS,new=ACT,mage=2,rxage=0,seq=5744,valid=1,meas=1,streak=3,event=TARGET
2026-08-01 05:23:40.361600 DBG,RX,t=320620,event=CRC,bytes=279723,parsed=5747,accepted=3470,len=207,crc=1961,field=109,dup=0,old=1,ovf=0
2026-08-01 05:23:40.361600 DBG,RX,t=320700,event=CRC,bytes=279775,parsed=5748,accepted=3470,len=207,crc=1962,field=109,dup=0,old=1,ovf=0
2026-08-01 05:23:40.365856 DBG,CTRL,t=320720,old=ACT,new=VIS,mage=165,rxage=20,seq=5747,valid=1,meas=1,streak=0,event=CRC
2026-08-01 05:23:40.696777 DBG,CTRL,t=320860,old=VIS,new=ACT,mage=14,rxage=0,seq=5752,valid=1,meas=1,streak=3,event=TARGET
2026-08-01 05:23:40.699385 DBG,RX,t=320960,event=CRC,bytes=280032,parsed=5753,accepted=3474,len=207,crc=1963,field=109,dup=0,old=1,ovf=0
2026-08-01 05:23:41.037050 DBG,RX,t=321180,event=CRC,bytes=280237,parsed=5757,accepted=3477,len=207,crc=1964,field=109,dup=0,old=1,ovf=0
2026-08-01 05:23:41.038556 DBG,RX,t=321280,event=CRC,bytes=280341,parsed=5759,accepted=3478,len=207,crc=1965,field=109,dup=0,old=1,ovf=0
2026-08-01 05:23:41.040308 DBG,RX,t=321360,event=CRC,bytes=280395,parsed=5760,accepted=3478,len=207,crc=1966,field=109,dup=0,old=1,ovf=0
2026-08-01 05:23:41.041389 DBG,CTRL,t=321380,old=ACT,new=VIS,mage=154,rxage=20,seq=5759,valid=1,meas=1,streak=0,event=CRC
2026-08-01 05:23:41.400381 DBG,RX,t=321520,event=CRC,bytes=280548,parsed=5763,accepted=3480,len=207,crc=1967,field=109,dup=0,old=1,ovf=0
2026-08-01 05:23:41.402409 DBG,CTRL,t=321580,old=VIS,new=ACT,mage=14,rxage=0,seq=5765,valid=1,meas=1,streak=3,event=TARGET
2026-08-01 05:23:41.402917 DBG,RX,t=321640,event=CRC,bytes=280649,parsed=5765,accepted=3481,len=207,crc=1968,field=109,dup=0,old=1,ovf=0
2026-08-01 05:23:41.404518 DBG,RX,t=321680,event=CRC,bytes=280702,parsed=5766,accepted=3481,len=207,crc=1969,field=109,dup=0,old=1,ovf=0
2026-08-01 05:23:41.405955 DBG,CTRL,t=321720,old=ACT,new=VIS,mage=154,rxage=40,seq=5765,valid=1,meas=1,streak=0,event=CRC
2026-08-01 05:23:41.741516 DBG,RX,t=321780,event=LENGTH,bytes=280805,parsed=5768,accepted=3482,len=208,crc=1969,field=109,dup=0,old=1,ovf=0
2026-08-01 05:23:41.741516 DBG,RX,t=321840,event=CRC,bytes=280856,parsed=5769,accepted=3482,len=208,crc=1970,field=109,dup=0,old=1,ovf=0
2026-08-01 05:23:41.743524 DBG,RX,t=322000,event=CRC,bytes=281007,parsed=5772,accepted=3484,len=208,crc=1971,field=109,dup=0,old=1,ovf=0
2026-08-01 05:23:41.744283 DBG,RX,t=322060,event=CRC,bytes=281058,parsed=5773,accepted=3484,len=208,crc=1972,field=109,dup=0,old=1,ovf=0
2026-08-01 05:23:41.745432 DBG,RX,t=322120,event=CRC,bytes=281111,parsed=5774,accepted=3484,len=208,crc=1973,field=109,dup=0,old=1,ovf=0
2026-08-01 05:23:42.111672 DBG,RX,t=322160,event=CRC,bytes=281162,parsed=5775,accepted=3484,len=208,crc=1974,field=109,dup=0,old=1,ovf=0
2026-08-01 05:23:42.112682 DBG,RX,t=322320,event=CRC,bytes=281314,parsed=5778,accepted=3486,len=208,crc=1975,field=109,dup=0,old=1,ovf=0
2026-08-01 05:23:42.113692 DBG,RX,t=322380,event=LENGTH,bytes=281367,parsed=5779,accepted=3486,len=209,crc=1975,field=109,dup=0,old=1,ovf=0
2026-08-01 05:23:42.114672 DBG,RX,t=322440,event=LENGTH,bytes=281419,parsed=5780,accepted=3486,len=210,crc=1975,field=109,dup=0,old=1,ovf=0
2026-08-01 05:23:42.453396 DBG,CTRL,t=322600,old=VIS,new=ACT,mage=11,rxage=0,seq=5784,valid=1,meas=1,streak=3,event=TARGET
2026-08-01 05:23:42.809438 DBG,RX,t=322860,event=CRC,bytes=281828,parsed=5788,accepted=3493,len=210,crc=1976,field=109,dup=0,old=1,ovf=0
2026-08-01 05:23:42.811485 DBG,RX,t=323020,event=CRC,bytes=281982,parsed=5791,accepted=3495,len=210,crc=1977,field=109,dup=0,old=1,ovf=0
2026-08-01 05:23:42.812994 DBG,RX,t=323180,event=FIELD,bytes=282137,parsed=5794,accepted=3497,len=210,crc=1977,field=110,dup=0,old=1,ovf=0
2026-08-01 05:23:43.150148 DBG,RX,t=323360,event=CRC,bytes=282291,parsed=5797,accepted=3499,len=210,crc=1978,field=110,dup=0,old=1,ovf=0
2026-08-01 05:23:43.151655 DBG,RX,t=323400,event=CRC,bytes=282345,parsed=5798,accepted=3499,len=210,crc=1979,field=110,dup=0,old=1,ovf=0
2026-08-01 05:23:43.153061 DBG,CTRL,t=323440,old=ACT,new=VIS,mage=154,rxage=40,seq=5797,valid=1,meas=1,streak=0,event=CRC
2026-08-01 05:23:43.153574 DBG,RX,t=323520,event=CRC,bytes=282448,parsed=5800,accepted=3500,len=210,crc=1980,field=110,dup=0,old=1,ovf=0
2026-08-01 05:23:43.507734 DBG,RX,t=323580,event=CRC,bytes=282501,parsed=5801,accepted=3500,len=210,crc=1981,field=110,dup=0,old=1,ovf=0
2026-08-01 05:23:43.508550 DBG,RX,t=323680,event=CRC,bytes=282602,parsed=5803,accepted=3501,len=210,crc=1982,field=110,dup=0,old=1,ovf=0
2026-08-01 05:23:43.509127 DBG,CTRL,t=323800,old=VIS,new=ACT,mage=14,rxage=0,seq=5806,valid=1,meas=1,streak=3,event=TARGET
2026-08-01 05:23:43.510136 DBG,RX,t=323840,event=CRC,bytes=282753,parsed=5806,accepted=3503,len=210,crc=1983,field=110,dup=0,old=1,ovf=0
2026-08-01 05:23:43.511953 DBG,RX,t=323900,event=LENGTH,bytes=282807,parsed=5807,accepted=3503,len=211,crc=1983,field=110,dup=0,old=1,ovf=0
2026-08-01 05:23:43.879839 DBG,CTRL,t=323940,old=ACT,new=VIS,mage=154,rxage=0,seq=5806,valid=1,meas=1,streak=0,event=LENGTH
2026-08-01 05:23:43.879839 DBG,CTRL,t=324060,old=VIS,new=ACT,mage=9,rxage=0,seq=5811,valid=1,meas=1,streak=3,event=TARGET
2026-08-01 05:23:43.881751 DBG,RX,t=324120,event=CRC,bytes=283010,parsed=5811,accepted=3506,len=211,crc=1984,field=110,dup=0,old=1,ovf=0
2026-08-01 05:23:43.883749 DBG,RX,t=324160,event=CRC,bytes=283062,parsed=5812,accepted=3506,len=211,crc=1985,field=110,dup=0,old=1,ovf=0
2026-08-01 05:23:44.259461 DBG,RX,t=324380,event=CRC,bytes=283268,parsed=5816,accepted=3509,len=211,crc=1986,field=110,dup=0,old=1,ovf=0
2026-08-01 05:23:44.570463 DBG,RX,t=324940,event=CRC,bytes=283769,parsed=5826,accepted=3518,len=211,crc=1987,field=110,dup=0,old=1,ovf=0
2026-08-01 05:23:44.932297 DBG,RX,t=325040,event=LENGTH,bytes=283870,parsed=5828,accepted=3519,len=212,crc=1987,field=110,dup=0,old=1,ovf=0
2026-08-01 05:23:44.933587 DBG,RX,t=325100,event=CRC,bytes=283921,parsed=5829,accepted=3519,len=212,crc=1988,field=110,dup=0,old=1,ovf=0
2026-08-01 05:23:44.934597 DBG,CTRL,t=325140,old=ACT,new=VIS,mage=154,rxage=40,seq=5828,valid=1,meas=1,streak=0,event=CRC
2026-08-01 05:23:44.935598 DBG,RX,t=325220,event=CRC,bytes=284022,parsed=5831,accepted=3520,len=212,crc=1989,field=110,dup=0,old=1,ovf=0
2026-08-01 05:23:44.936601 DBG,RX,t=325260,event=CRC,bytes=284074,parsed=5832,accepted=3520,len=212,crc=1990,field=110,dup=0,old=1,ovf=0
2026-08-01 05:23:45.310221 DBG,CTRL,t=325420,old=VIS,new=ACT,mage=4,rxage=0,seq=5836,valid=1,meas=1,streak=3,event=TARGET
2026-08-01 05:23:45.311559 DBG,RX,t=325580,event=CRC,bytes=284375,parsed=5838,accepted=3525,len=212,crc=1991,field=110,dup=0,old=1,ovf=0
2026-08-01 05:23:45.731421 DBG,RX,t=325800,event=CRC,bytes=284577,parsed=5842,accepted=3528,len=212,crc=1992,field=110,dup=0,old=1,ovf=0
2026-08-01 05:23:46.075669 DBG,RX,t=326240,event=CRC,bytes=284978,parsed=5850,accepted=3535,len=212,crc=1993,field=110,dup=0,old=1,ovf=0
2026-08-01 05:23:46.076672 DBG,RX,t=326340,event=LENGTH,bytes=285080,parsed=5852,accepted=3536,len=213,crc=1993,field=110,dup=0,old=1,ovf=0
2026-08-01 05:23:46.077933 DBG,RX,t=326440,event=CRC,bytes=285183,parsed=5854,accepted=3537,len=213,crc=1994,field=110,dup=0,old=1,ovf=0
2026-08-01 05:23:46.077933 DBG,RX,t=326500,event=LENGTH,bytes=285235,parsed=5855,accepted=3537,len=214,crc=1994,field=110,dup=0,old=1,ovf=0
2026-08-01 05:23:46.452756 DBG,CTRL,t=326540,old=ACT,new=VIS,mage=154,rxage=0,seq=5854,valid=1,meas=1,streak=0,event=LENGTH
2026-08-01 05:23:46.456718 DBG,RX,t=326560,event=FIELD,bytes=285286,parsed=5856,accepted=3537,len=214,crc=1994,field=111,dup=0,old=1,ovf=0
2026-08-01 05:23:46.457231 DBG,RX,t=326600,event=CRC,bytes=285337,parsed=5857,accepted=3537,len=214,crc=1995,field=111,dup=0,old=1,ovf=0
2026-08-01 05:23:46.458684 DBG,RX,t=326660,event=CRC,bytes=285388,parsed=5858,accepted=3537,len=214,crc=1996,field=111,dup=0,old=1,ovf=0
2026-08-01 05:23:46.459702 DBG,CTRL,t=326820,old=VIS,new=ACT,mage=3,rxage=0,seq=5862,valid=1,meas=1,streak=3,event=TARGET
2026-08-01 05:23:46.855996 DBG,RX,t=327040,event=CRC,bytes=285739,parsed=5865,accepted=3543,len=214,crc=1997,field=111,dup=0,old=1,ovf=0
2026-08-01 05:23:46.857254 DBG,RX,t=327200,event=CRC,bytes=285890,parsed=5868,accepted=3545,len=214,crc=1998,field=111,dup=0,old=1,ovf=0
2026-08-01 05:23:47.239481 DBG,RX,t=327360,event=CRC,bytes=286041,parsed=5871,accepted=3547,len=214,crc=1999,field=111,dup=0,old=1,ovf=0
2026-08-01 05:23:47.241048 DBG,RX,t=327460,event=CRC,bytes=286142,parsed=5873,accepted=3548,len=214,crc=2000,field=111,dup=0,old=1,ovf=0
2026-08-01 05:23:47.242060 DBG,RX,t=327520,event=CRC,bytes=286195,parsed=5874,accepted=3548,len=214,crc=2001,field=111,dup=0,old=1,ovf=0
2026-08-01 05:23:47.243263 DBG,CTRL,t=327560,old=ACT,new=VIS,mage=153,rxage=40,seq=5873,valid=1,meas=1,streak=0,event=CRC
2026-08-01 05:23:47.244271 DBG,RX,t=327620,event=FIELD,bytes=286297,parsed=5876,accepted=3549,len=214,crc=2001,field=112,dup=0,old=1,ovf=0
2026-08-01 05:23:47.607677 DBG,CTRL,t=327740,old=VIS,new=ACT,mage=14,rxage=0,seq=5879,valid=1,meas=1,streak=3,event=TARGET
2026-08-01 05:23:47.608694 DBG,RX,t=328020,event=LENGTH,bytes=286649,parsed=5883,accepted=3555,len=215,crc=2001,field=112,dup=0,old=1,ovf=0
2026-08-01 05:23:47.971233 DBG,RX,t=328180,event=CRC,bytes=286802,parsed=5886,accepted=3557,len=215,crc=2002,field=112,dup=0,old=1,ovf=0
2026-08-01 05:23:47.971233 DBG,RX,t=328280,event=CRC,bytes=286903,parsed=5888,accepted=3558,len=215,crc=2003,field=112,dup=0,old=1,ovf=0
2026-08-01 05:23:47.972650 DBG,RX,t=328340,event=CRC,bytes=286954,parsed=5889,accepted=3558,len=215,crc=2004,field=112,dup=0,old=1,ovf=0
2026-08-01 05:23:47.974421 DBG,CTRL,t=328380,old=ACT,new=VIS,mage=151,rxage=40,seq=5888,valid=1,meas=1,streak=0,event=CRC
2026-08-01 05:23:47.974421 DBG,RX,t=328400,event=CRC,bytes=287005,parsed=5890,accepted=3558,len=215,crc=2005,field=112,dup=0,old=1,ovf=0
2026-08-01 05:23:48.338692 DBG,CTRL,t=328560,old=VIS,new=ACT,mage=9,rxage=0,seq=5894,valid=1,meas=1,streak=3,event=TARGET
2026-08-01 05:23:48.718796 DBG,RX,t=328820,event=CRC,bytes=287406,parsed=5898,accepted=3565,len=215,crc=2006,field=112,dup=0,old=1,ovf=0
2026-08-01 05:23:48.719802 DBG,RX,t=328880,event=LENGTH,bytes=287458,parsed=5899,accepted=3565,len=216,crc=2006,field=112,dup=0,old=1,ovf=0
2026-08-01 05:23:48.719802 DBG,CTRL,t=328920,old=ACT,new=VIS,mage=153,rxage=40,seq=5898,valid=1,meas=1,streak=0,event=LENGTH
2026-08-01 05:23:48.721312 DBG,RX,t=329000,event=CRC,bytes=287560,parsed=5901,accepted=3566,len=216,crc=2007,field=112,dup=0,old=1,ovf=0
2026-08-01 05:23:48.722326 DBG,RX,t=329120,event=CRC,bytes=287662,parsed=5903,accepted=3567,len=216,crc=2008,field=112,dup=0,old=1,ovf=0
2026-08-01 05:23:48.723335 DBG,CTRL,t=329160,old=VIS,new=ACT,mage=8,rxage=0,seq=5905,valid=1,meas=1,streak=3,event=TARGET
2026-08-01 05:23:49.063356 DBG,RX,t=329280,event=CRC,bytes=287814,parsed=5906,accepted=3569,len=216,crc=2009,field=112,dup=0,old=1,ovf=0
2026-08-01 05:23:49.064354 DBG,RX,t=329320,event=CRC,bytes=287867,parsed=5907,accepted=3569,len=216,crc=2010,field=112,dup=0,old=1,ovf=0
2026-08-01 05:23:49.065355 DBG,CTRL,t=329360,old=ACT,new=VIS,mage=151,rxage=40,seq=5906,valid=1,meas=1,streak=0,event=CRC
2026-08-01 05:23:49.066984 DBG,CTRL,t=329480,old=VIS,new=ACT,mage=4,rxage=0,seq=5911,valid=1,meas=1,streak=3,event=TARGET
2026-08-01 05:23:49.409545 DBG,RX,t=329660,event=CRC,bytes=288168,parsed=5913,accepted=3574,len=216,crc=2011,field=112,dup=0,old=1,ovf=0
2026-08-01 05:23:49.409545 DBG,RX,t=329700,event=LENGTH,bytes=288221,parsed=5914,accepted=3574,len=217,crc=2011,field=112,dup=0,old=1,ovf=0
2026-08-01 05:23:49.411075 DBG,CTRL,t=329740,old=ACT,new=VIS,mage=154,rxage=40,seq=5913,valid=1,meas=1,streak=0,event=LENGTH
2026-08-01 05:23:49.412093 DBG,RX,t=329800,event=CRC,bytes=288322,parsed=5916,accepted=3575,len=217,crc=2012,field=112,dup=0,old=1,ovf=0
2026-08-01 05:23:49.414517 DBG,RX,t=329860,event=CRC,bytes=288373,parsed=5917,accepted=3575,len=217,crc=2013,field=112,dup=0,old=1,ovf=0
2026-08-01 05:23:49.771638 DBG,RX,t=330020,event=CRC,bytes=288526,parsed=5920,accepted=3577,len=217,crc=2014,field=112,dup=0,old=1,ovf=0
2026-08-01 05:23:49.772646 DBG,RX,t=330080,event=CRC,bytes=288577,parsed=5921,accepted=3577,len=217,crc=2015,field=112,dup=0,old=1,ovf=0
2026-08-01 05:23:49.773646 DBG,RX,t=330240,event=LENGTH,bytes=288729,parsed=5924,accepted=3579,len=218,crc=2015,field=112,dup=0,old=1,ovf=0
2026-08-01 05:23:50.147137 DBG,RX,t=330300,event=CRC,bytes=288781,parsed=5925,accepted=3579,len=218,crc=2016,field=112,dup=0,old=1,ovf=0
2026-08-01 05:23:50.148140 DBG,CTRL,t=330460,old=VIS,new=ACT,mage=11,rxage=0,seq=5929,valid=1,meas=1,streak=3,event=TARGET
2026-08-01 05:23:50.461657 DBG,RX,t=330740,event=CRC,bytes=289190,parsed=5933,accepted=3586,len=218,crc=2017,field=112,dup=0,old=1,ovf=0
2026-08-01 05:23:50.462669 DBG,RX,t=330780,event=CRC,bytes=289243,parsed=5934,accepted=3586,len=218,crc=2018,field=112,dup=0,old=1,ovf=0
2026-08-01 05:23:50.464119 DBG,CTRL,t=330820,old=ACT,new=VIS,mage=154,rxage=40,seq=5933,valid=1,meas=1,streak=0,event=CRC
2026-08-01 05:23:50.464119 DBG,RX,t=330940,event=CRC,bytes=289397,parsed=5937,accepted=3588,len=218,crc=2019,field=112,dup=0,old=1,ovf=0
2026-08-01 05:23:50.817249 DBG,CTRL,t=331000,old=VIS,new=ACT,mage=13,rxage=0,seq=5939,valid=1,meas=1,streak=3,event=TARGET
2026-08-01 05:23:50.818344 DBG,RX,t=331120,event=CRC,bytes=289551,parsed=5940,accepted=3590,len=218,crc=2020,field=112,dup=0,old=1,ovf=0
2026-08-01 05:23:50.819710 DBG,RX,t=331220,event=CRC,bytes=289654,parsed=5942,accepted=3591,len=218,crc=2021,field=112,dup=0,old=1,ovf=0
2026-08-01 05:23:50.820715 DBG,RX,t=331280,event=CRC,bytes=289706,parsed=5943,accepted=3591,len=218,crc=2022,field=112,dup=0,old=1,ovf=0
2026-08-01 05:23:51.168869 DBG,CTRL,t=331320,old=ACT,new=VIS,mage=154,rxage=40,seq=5942,valid=1,meas=1,streak=0,event=CRC
2026-08-01 05:23:51.169871 DBG,RX,t=331440,event=CRC,bytes=289860,parsed=5946,accepted=3593,len=218,crc=2023,field=112,dup=0,old=1,ovf=0
2026-08-01 05:23:51.171380 DBG,RX,t=331500,event=CRC,bytes=289914,parsed=5947,accepted=3593,len=218,crc=2024,field=112,dup=0,old=1,ovf=0
2026-08-01 05:23:51.172388 DBG,RX,t=331600,event=CRC,bytes=290017,parsed=5949,accepted=3594,len=218,crc=2025,field=112,dup=0,old=1,ovf=0
2026-08-01 05:23:51.580118 DBG,CTRL,t=331720,old=VIS,new=ACT,mage=13,rxage=0,seq=5952,valid=1,meas=1,streak=3,event=TARGET
2026-08-01 05:23:51.581405 DBG,RX,t=331820,event=CRC,bytes=290222,parsed=5953,accepted=3597,len=218,crc=2026,field=112,dup=0,old=1,ovf=0
2026-08-01 05:23:51.582418 DBG,RX,t=331880,event=CRC,bytes=290274,parsed=5954,accepted=3597,len=218,crc=2027,field=112,dup=0,old=1,ovf=0
2026-08-01 05:23:51.583883 DBG,CTRL,t=331920,old=ACT,new=VIS,mage=165,rxage=0,seq=5953,valid=1,meas=1,streak=0,event=CRC
2026-08-01 05:23:51.583883 DBG,RX,t=331940,event=CRC,bytes=290326,parsed=5955,accepted=3597,len=218,crc=2028,field=112,dup=0,old=1,ovf=0
2026-08-01 05:23:51.584893 DBG,RX,t=331980,event=CRC,bytes=290378,parsed=5956,accepted=3597,len=218,crc=2029,field=112,dup=0,old=1,ovf=0
2026-08-01 05:23:51.586717 DBG,RX,t=332080,event=CRC,bytes=290481,parsed=5958,accepted=3598,len=218,crc=2030,field=112,dup=0,old=1,ovf=0
2026-08-01 05:23:51.949072 DBG,RX,t=332200,event=CRC,bytes=290587,parsed=5960,accepted=3599,len=218,crc=2031,field=112,dup=0,old=1,ovf=0
2026-08-01 05:23:51.951033 DBG,CTRL,t=332260,old=VIS,new=ACT,mage=14,rxage=0,seq=5962,valid=1,meas=1,streak=3,event=TARGET
2026-08-01 05:23:51.951627 DBG,RX,t=332360,event=CRC,bytes=290742,parsed=5963,accepted=3601,len=218,crc=2032,field=112,dup=0,old=1,ovf=0
2026-08-01 05:23:52.302200 DBG,RX,t=332480,event=CRC,bytes=290845,parsed=5965,accepted=3602,len=218,crc=2033,field=112,dup=0,old=1,ovf=0
2026-08-01 05:23:52.303213 DBG,RX,t=332620,event=CRC,bytes=291000,parsed=5968,accepted=3604,len=218,crc=2034,field=112,dup=0,old=1,ovf=0
2026-08-01 05:23:52.304207 DBG,RX,t=332680,event=CRC,bytes=291052,parsed=5969,accepted=3604,len=218,crc=2035,field=112,dup=0,old=1,ovf=0
2026-08-01 05:23:52.305381 DBG,CTRL,t=332720,old=ACT,new=VIS,mage=153,rxage=40,seq=5968,valid=1,meas=1,streak=0,event=CRC
2026-08-01 05:23:52.671933 DBG,RX,t=332840,event=CRC,bytes=291206,parsed=5972,accepted=3606,len=218,crc=2036,field=112,dup=0,old=1,ovf=0
2026-08-01 05:23:52.674225 DBG,RX,t=332900,event=CRC,bytes=291258,parsed=5973,accepted=3606,len=218,crc=2037,field=112,dup=0,old=1,ovf=0
2026-08-01 05:23:52.675558 DBG,RX,t=332960,event=CRC,bytes=291310,parsed=5974,accepted=3606,len=218,crc=2038,field=112,dup=0,old=1,ovf=0
2026-08-01 05:23:52.684736 DBG,RX,t=333000,event=CRC,bytes=291363,parsed=5975,accepted=3606,len=218,crc=2039,field=112,dup=0,old=1,ovf=0
2026-08-01 05:23:52.688879 DBG,RX,t=333160,event=CRC,bytes=291517,parsed=5978,accepted=3608,len=218,crc=2040,field=112,dup=0,old=1,ovf=0
2026-08-01 05:23:53.098587 DBG,RX,t=333220,event=CRC,bytes=291570,parsed=5979,accepted=3608,len=218,crc=2041,field=112,dup=0,old=1,ovf=0
2026-08-01 05:23:53.099836 DBG,RX,t=333380,event=CRC,bytes=291725,parsed=5982,accepted=3610,len=218,crc=2042,field=112,dup=0,old=1,ovf=0
2026-08-01 05:23:53.100835 DBG,RX,t=333440,event=CRC,bytes=291777,parsed=5983,accepted=3610,len=218,crc=2043,field=112,dup=0,old=1,ovf=0
2026-08-01 05:23:53.101342 DBG,RX,t=333600,event=CRC,bytes=291932,parsed=5986,accepted=3612,len=218,crc=2044,field=112,dup=0,old=1,ovf=0
2026-08-01 05:23:53.447850 DBG,CTRL,t=333660,old=VIS,new=ACT,mage=9,rxage=0,seq=5988,valid=1,meas=1,streak=3,event=TARGET
2026-08-01 05:23:53.447850 DBG,RX,t=333820,event=LENGTH,bytes=292137,parsed=5990,accepted=3615,len=219,crc=2044,field=112,dup=0,old=1,ovf=0
2026-08-01 05:23:53.823650 DBG,RX,t=333980,event=CRC,bytes=292291,parsed=5993,accepted=3617,len=219,crc=2045,field=112,dup=0,old=1,ovf=0
2026-08-01 05:23:53.824670 DBG,RX,t=334140,event=CRC,bytes=292445,parsed=5996,accepted=3619,len=219,crc=2046,field=112,dup=0,old=1,ovf=0
2026-08-01 05:23:53.825668 DBG,RX,t=334200,event=CRC,bytes=292497,parsed=5997,accepted=3619,len=219,crc=2047,field=112,dup=0,old=1,ovf=0
2026-08-01 05:23:53.827126 DBG,CTRL,t=334240,old=ACT,new=VIS,mage=154,rxage=0,seq=5996,valid=1,meas=1,streak=0,event=CRC
2026-08-01 05:23:54.218544 DBG,RX,t=334380,event=CRC,bytes=292651,parsed=6000,accepted=3621,len=219,crc=2048,field=112,dup=0,old=1,ovf=0
2026-08-01 05:23:54.219862 DBG,CTRL,t=334440,old=VIS,new=ACT,mage=10,rxage=0,seq=6002,valid=1,meas=1,streak=3,event=TARGET
2026-08-01 05:23:54.220870 DBG,RX,t=334600,event=CRC,bytes=292856,parsed=6004,accepted=3624,len=219,crc=2049,field=112,dup=0,old=1,ovf=0
2026-08-01 05:23:54.582876 DBG,RX,t=334760,event=CRC,bytes=293011,parsed=6007,accepted=3626,len=219,crc=2050,field=112,dup=0,old=1,ovf=0
2026-08-01 05:23:54.582876 DBG,RX,t=334820,event=CRC,bytes=293063,parsed=6008,accepted=3626,len=219,crc=2051,field=112,dup=0,old=1,ovf=0
2026-08-01 05:23:54.585376 DBG,CTRL,t=334860,old=ACT,new=VIS,mage=164,rxage=0,seq=6007,valid=1,meas=1,streak=0,event=CRC
2026-08-01 05:23:54.586390 DBG,RX,t=334880,event=CRC,bytes=293115,parsed=6009,accepted=3626,len=219,crc=2052,field=112,dup=0,old=1,ovf=0
2026-08-01 05:23:54.587383 DBG,RX,t=335020,event=CRC,bytes=293267,parsed=6012,accepted=3628,len=219,crc=2053,field=112,dup=0,old=1,ovf=0
2026-08-01 05:23:54.588839 DBG,CTRL,t=335080,old=VIS,new=ACT,mage=4,rxage=0,seq=6014,valid=1,meas=1,streak=3,event=TARGET
2026-08-01 05:23:55.001054 DBG,RX,t=335200,event=CRC,bytes=293418,parsed=6015,accepted=3630,len=219,crc=2054,field=112,dup=0,old=1,ovf=0
2026-08-01 05:23:55.003290 DBG,RX,t=335240,event=CRC,bytes=293470,parsed=6016,accepted=3630,len=219,crc=2055,field=112,dup=0,old=1,ovf=0
2026-08-01 05:23:55.004302 DBG,CTRL,t=335280,old=ACT,new=VIS,mage=154,rxage=40,seq=6015,valid=1,meas=1,streak=0,event=CRC
2026-08-01 05:23:55.005306 DBG,RX,t=335360,event=CRC,bytes=293571,parsed=6018,accepted=3631,len=219,crc=2056,field=112,dup=0,old=1,ovf=0
2026-08-01 05:23:55.006942 DBG,RX,t=335400,event=CRC,bytes=293623,parsed=6019,accepted=3631,len=219,crc=2057,field=112,dup=0,old=1,ovf=0
2026-08-01 05:23:55.007888 DBG,RX,t=335460,event=CRC,bytes=293677,parsed=6020,accepted=3631,len=219,crc=2058,field=112,dup=0,old=1,ovf=0
2026-08-01 05:23:55.007888 DBG,RX,t=335520,event=LENGTH,bytes=293729,parsed=6021,accepted=3631,len=220,crc=2058,field=112,dup=0,old=1,ovf=0
2026-08-01 05:23:55.377524 DBG,RX,t=335680,event=CRC,bytes=293881,parsed=6024,accepted=3633,len=220,crc=2059,field=112,dup=0,old=1,ovf=0
2026-08-01 05:23:55.378523 DBG,CTRL,t=335740,old=VIS,new=ACT,mage=11,rxage=0,seq=6026,valid=1,meas=1,streak=3,event=TARGET
2026-08-01 05:23:55.379521 DBG,RX,t=335800,event=CRC,bytes=293984,parsed=6026,accepted=3634,len=220,crc=2060,field=112,dup=0,old=1,ovf=0
2026-08-01 05:23:55.755131 DBG,RX,t=336220,event=CRC,bytes=294392,parsed=6034,accepted=3641,len=220,crc=2061,field=112,dup=0,old=1,ovf=0
2026-08-01 05:23:56.113113 DBG,RX,t=336600,event=CRC,bytes=294744,parsed=6041,accepted=3647,len=220,crc=2062,field=112,dup=0,old=1,ovf=0
2026-08-01 05:23:56.437867 DBG,RX,t=336720,event=FIELD,bytes=294845,parsed=6043,accepted=3648,len=220,crc=2062,field=113,dup=0,old=1,ovf=0
2026-08-01 05:23:56.439876 DBG,RX,t=336760,event=CRC,bytes=294896,parsed=6044,accepted=3648,len=220,crc=2063,field=113,dup=0,old=1,ovf=0
2026-08-01 05:23:56.440875 DBG,CTRL,t=336800,old=ACT,new=VIS,mage=153,rxage=40,seq=6043,valid=1,meas=1,streak=0,event=CRC
2026-08-01 05:23:56.440875 DBG,RX,t=336880,event=CRC,bytes=294997,parsed=6046,accepted=3649,len=220,crc=2064,field=113,dup=0,old=1,ovf=0
2026-08-01 05:23:56.442092 DBG,RX,t=336920,event=CRC,bytes=295048,parsed=6047,accepted=3649,len=220,crc=2065,field=113,dup=0,old=1,ovf=0
2026-08-01 05:23:56.814321 DBG,CTRL,t=337040,old=VIS,new=ACT,mage=14,rxage=0,seq=6050,valid=1,meas=1,streak=3,event=TARGET
2026-08-01 05:23:56.817058 DBG,RX,t=337080,event=CRC,bytes=295201,parsed=6050,accepted=3651,len=220,crc=2066,field=113,dup=0,old=1,ovf=0
2026-08-01 05:23:56.818062 DBG,RX,t=337140,event=CRC,bytes=295252,parsed=6051,accepted=3651,len=220,crc=2067,field=113,dup=0,old=1,ovf=0
2026-08-01 05:23:56.818062 DBG,CTRL,t=337180,old=ACT,new=VIS,mage=154,rxage=0,seq=6050,valid=1,meas=1,streak=0,event=CRC
2026-08-01 05:23:56.819569 DBG,CTRL,t=337300,old=VIS,new=ACT,mage=9,rxage=0,seq=6055,valid=1,meas=1,streak=3,event=TARGET
2026-08-01 05:23:57.179426 DBG,RX,t=337460,event=CRC,bytes=295553,parsed=6057,accepted=3656,len=220,crc=2068,field=113,dup=0,old=1,ovf=0
2026-08-01 05:23:57.181006 DBG,RX,t=337640,event=CRC,bytes=295705,parsed=6060,accepted=3658,len=220,crc=2069,field=113,dup=0,old=1,ovf=0
2026-08-01 05:23:57.182040 DBG,RX,t=337700,event=CRC,bytes=295758,parsed=6061,accepted=3658,len=220,crc=2070,field=113,dup=0,old=1,ovf=0
2026-08-01 05:23:57.183323 DBG,CTRL,t=337720,old=ACT,new=VIS,mage=154,rxage=20,seq=6060,valid=1,meas=1,streak=0,event=CRC
2026-08-01 05:23:57.556947 DBG,RX,t=337760,event=CRC,bytes=295810,parsed=6062,accepted=3658,len=220,crc=2071,field=113,dup=0,old=1,ovf=0
2026-08-01 05:23:57.556947 DBG,CTRL,t=337920,old=VIS,new=ACT,mage=13,rxage=0,seq=6066,valid=1,meas=1,streak=3,event=TARGET
2026-08-01 05:23:57.558239 DBG,RX,t=337960,event=CRC,bytes=296011,parsed=6066,accepted=3661,len=220,crc=2072,field=113,dup=0,old=1,ovf=0
2026-08-01 05:23:57.559241 DBG,RX,t=338020,event=CRC,bytes=296062,parsed=6067,accepted=3661,len=220,crc=2073,field=113,dup=0,old=1,ovf=0
2026-08-01 05:23:57.560240 DBG,CTRL,t=338060,old=ACT,new=VIS,mage=153,rxage=0,seq=6066,valid=1,meas=1,streak=0,event=CRC
2026-08-01 05:23:57.886312 DBG,RX,t=338180,event=CRC,bytes=296215,parsed=6070,accepted=3663,len=220,crc=2074,field=113,dup=0,old=1,ovf=0
2026-08-01 05:23:57.886312 DBG,CTRL,t=338240,old=VIS,new=ACT,mage=11,rxage=0,seq=6072,valid=1,meas=1,streak=3,event=TARGET
2026-08-01 05:23:57.887607 DBG,RX,t=338280,event=FIELD,bytes=296317,parsed=6072,accepted=3664,len=220,crc=2074,field=114,dup=0,old=1,ovf=0
2026-08-01 05:23:58.266932 DBG,RX,t=338560,event=CRC,bytes=296569,parsed=6077,accepted=3668,len=220,crc=2075,field=114,dup=0,old=1,ovf=0
2026-08-01 05:23:58.268072 DBG,RX,t=338660,event=CRC,bytes=296670,parsed=6079,accepted=3669,len=220,crc=2076,field=114,dup=0,old=1,ovf=0
2026-08-01 05:23:58.269174 DBG,RX,t=338720,event=CRC,bytes=296722,parsed=6080,accepted=3669,len=220,crc=2077,field=114,dup=0,old=1,ovf=0
2026-08-01 05:23:58.270294 DBG,CTRL,t=338760,old=ACT,new=VIS,mage=153,rxage=40,seq=6079,valid=1,meas=1,streak=0,event=CRC
2026-08-01 05:23:58.271369 DBG,RX,t=338780,event=LENGTH,bytes=296773,parsed=6081,accepted=3669,len=221,crc=2077,field=114,dup=0,old=1,ovf=0
2026-08-01 05:23:58.675444 DBG,RX,t=338880,event=FIELD,bytes=296874,parsed=6083,accepted=3670,len=221,crc=2077,field=115,dup=0,old=1,ovf=0
2026-08-01 05:23:58.676828 DBG,CTRL,t=339000,old=VIS,new=ACT,mage=14,rxage=0,seq=6086,valid=1,meas=1,streak=3,event=TARGET
2026-08-01 05:23:58.677836 DBG,RX,t=339040,event=LENGTH,bytes=297026,parsed=6086,accepted=3672,len=222,crc=2077,field=115,dup=0,old=1,ovf=0
2026-08-01 05:23:58.678847 DBG,RX,t=339100,event=CRC,bytes=297077,parsed=6087,accepted=3672,len=222,crc=2078,field=115,dup=0,old=1,ovf=0
2026-08-01 05:23:58.679847 DBG,CTRL,t=339140,old=ACT,new=VIS,mage=154,rxage=0,seq=6086,valid=1,meas=1,streak=0,event=CRC
2026-08-01 05:23:58.681362 DBG,RX,t=339140,event=CRC,bytes=297128,parsed=6088,accepted=3672,len=222,crc=2079,field=115,dup=0,old=1,ovf=0
2026-08-01 05:23:59.073652 DBG,RX,t=339320,event=CRC,bytes=297279,parsed=6091,accepted=3674,len=222,crc=2080,field=115,dup=0,old=1,ovf=0
2026-08-01 05:23:59.074655 DBG,RX,t=339360,event=CRC,bytes=297330,parsed=6092,accepted=3674,len=222,crc=2081,field=115,dup=0,old=1,ovf=0
2026-08-01 05:23:59.075654 DBG,RX,t=339420,event=CRC,bytes=297381,parsed=6093,accepted=3674,len=222,crc=2082,field=115,dup=0,old=1,ovf=0
2026-08-01 05:23:59.077334 DBG,RX,t=339520,event=CRC,bytes=297483,parsed=6095,accepted=3675,len=222,crc=2083,field=115,dup=0,old=1,ovf=0
2026-08-01 05:23:59.078344 DBG,CTRL,t=339640,old=VIS,new=ACT,mage=14,rxage=0,seq=6098,valid=1,meas=1,streak=3,event=TARGET
2026-08-01 05:23:59.434456 DBG,RX,t=339680,event=CRC,bytes=297635,parsed=6098,accepted=3677,len=222,crc=2084,field=115,dup=0,old=1,ovf=0
2026-08-01 05:23:59.435452 DBG,RX,t=339800,event=CRC,bytes=297738,parsed=6100,accepted=3678,len=222,crc=2085,field=115,dup=0,old=1,ovf=0
2026-08-01 05:23:59.436451 DBG,RX,t=339860,event=CRC,bytes=297791,parsed=6101,accepted=3678,len=222,crc=2086,field=115,dup=0,old=1,ovf=0
2026-08-01 05:23:59.437543 DBG,CTRL,t=339900,old=ACT,new=VIS,mage=168,rxage=40,seq=6100,valid=1,meas=1,streak=0,event=CRC
2026-08-01 05:23:59.438555 DBG,RX,t=339980,event=CRC,bytes=297894,parsed=6103,accepted=3679,len=222,crc=2087,field=115,dup=0,old=1,ovf=0
2026-08-01 05:23:59.439555 DBG,RX,t=340020,event=CRC,bytes=297946,parsed=6104,accepted=3679,len=222,crc=2088,field=115,dup=0,old=1,ovf=0
2026-08-01 05:23:59.814482 DBG,RX,t=340080,event=CRC,bytes=297999,parsed=6105,accepted=3679,len=222,crc=2089,field=115,dup=0,old=1,ovf=0
2026-08-01 05:23:59.815796 DBG,CTRL,t=340240,old=VIS,new=ACT,mage=11,rxage=0,seq=6109,valid=1,meas=1,streak=3,event=TARGET
2026-08-01 05:23:59.816808 DBG,RX,t=340400,event=CRC,bytes=298308,parsed=6111,accepted=3684,len=222,crc=2090,field=115,dup=0,old=1,ovf=0
2026-08-01 05:24:00.207051 DBG,RX,t=340560,event=LENGTH,bytes=298463,parsed=6114,accepted=3686,len=223,crc=2090,field=115,dup=0,old=1,ovf=0
2026-08-01 05:24:00.208050 DBG,RX,t=340720,event=CRC,bytes=298618,parsed=6117,accepted=3688,len=223,crc=2091,field=115,dup=0,old=1,ovf=0
2026-08-01 05:24:00.568937 DBG,RX,t=340900,event=CRC,bytes=298772,parsed=6120,accepted=3690,len=223,crc=2092,field=115,dup=0,old=1,ovf=0
2026-08-01 05:24:00.569951 DBG,RX,t=340960,event=CRC,bytes=298824,parsed=6121,accepted=3690,len=223,crc=2093,field=115,dup=0,old=1,ovf=0
2026-08-01 05:24:00.570958 DBG,CTRL,t=340980,old=ACT,new=VIS,mage=154,rxage=20,seq=6120,valid=1,meas=1,streak=0,event=CRC
2026-08-01 05:24:00.572079 DBG,CTRL,t=341120,old=VIS,new=ACT,mage=13,rxage=0,seq=6125,valid=1,meas=1,streak=3,event=TARGET
2026-08-01 05:24:00.917887 DBG,RX,t=341280,event=CRC,bytes=299129,parsed=6127,accepted=3695,len=223,crc=2094,field=115,dup=0,old=1,ovf=0
2026-08-01 05:24:00.918895 DBG,RX,t=341380,event=CRC,bytes=299230,parsed=6129,accepted=3696,len=223,crc=2095,field=115,dup=0,old=1,ovf=0
2026-08-01 05:24:01.279359 DBG,RX,t=341600,event=CRC,bytes=299432,parsed=6133,accepted=3699,len=223,crc=2096,field=115,dup=0,old=1,ovf=0
2026-08-01 05:24:01.280882 DBG,RX,t=341760,event=CRC,bytes=299585,parsed=6136,accepted=3701,len=223,crc=2097,field=115,dup=0,old=1,ovf=0
2026-08-01 05:24:01.281401 DBG,RX,t=341860,event=CRC,bytes=299687,parsed=6138,accepted=3702,len=223,crc=2098,field=115,dup=0,old=1,ovf=0
2026-08-01 05:24:01.687927 DBG,RX,t=341920,event=CRC,bytes=299738,parsed=6139,accepted=3702,len=223,crc=2099,field=115,dup=0,old=1,ovf=0
2026-08-01 05:24:01.691175 DBG,CTRL,t=341960,old=ACT,new=VIS,mage=152,rxage=40,seq=6138,valid=1,meas=1,streak=0,event=CRC
2026-08-01 05:24:01.692187 DBG,RX,t=342080,event=CRC,bytes=299890,parsed=6142,accepted=3704,len=223,crc=2100,field=115,dup=0,old=1,ovf=0
2026-08-01 05:24:01.693187 DBG,RX,t=342140,event=CRC,bytes=299941,parsed=6143,accepted=3704,len=223,crc=2101,field=115,dup=0,old=1,ovf=0
2026-08-01 05:24:01.694416 DBG,RX,t=342260,event=CRC,bytes=300042,parsed=6145,accepted=3705,len=223,crc=2102,field=115,dup=0,old=1,ovf=0
2026-08-01 05:24:01.695423 DBG,RX,t=342300,event=CRC,bytes=300093,parsed=6146,accepted=3705,len=223,crc=2103,field=115,dup=0,old=1,ovf=0
2026-08-01 05:24:02.047561 DBG,RX,t=342460,event=FIELD,bytes=300245,parsed=6149,accepted=3707,len=223,crc=2103,field=116,dup=0,old=1,ovf=0
2026-08-01 05:24:02.048576 DBG,CTRL,t=342520,old=VIS,new=ACT,mage=13,rxage=0,seq=6151,valid=1,meas=1,streak=3,event=TARGET
2026-08-01 05:24:02.049945 DBG,RX,t=342580,event=CRC,bytes=300347,parsed=6151,accepted=3708,len=223,crc=2104,field=116,dup=0,old=1,ovf=0
2026-08-01 05:24:02.389366 DBG,RX,t=343000,event=CRC,bytes=300756,parsed=6159,accepted=3715,len=223,crc=2105,field=116,dup=0,old=1,ovf=0
2026-08-01 05:24:02.732187 DBG,RX,t=343280,event=CRC,bytes=301011,parsed=6164,accepted=3719,len=223,crc=2106,field=116,dup=0,old=1,ovf=0
2026-08-01 05:24:03.094417 DBG,RX,t=343440,event=CRC,bytes=301162,parsed=6167,accepted=3721,len=223,crc=2107,field=116,dup=0,old=1,ovf=0
2026-08-01 05:24:03.095415 DBG,RX,t=343640,event=CRC,bytes=301363,parsed=6171,accepted=3724,len=223,crc=2108,field=116,dup=0,old=1,ovf=0
2026-08-01 05:24:03.449293 DBG,RX,t=343800,event=CRC,bytes=301514,parsed=6174,accepted=3726,len=223,crc=2109,field=116,dup=0,old=1,ovf=0
2026-08-01 05:24:03.451303 DBG,RX,t=343980,event=CRC,bytes=301665,parsed=6177,accepted=3728,len=223,crc=2110,field=116,dup=0,old=1,ovf=0
2026-08-01 05:24:03.793862 DBG,RX,t=344140,event=CRC,bytes=301816,parsed=6180,accepted=3730,len=223,crc=2111,field=116,dup=0,old=1,ovf=0
2026-08-01 05:24:03.795376 DBG,RX,t=344200,event=CRC,bytes=301867,parsed=6181,accepted=3730,len=223,crc=2112,field=116,dup=0,old=1,ovf=0
2026-08-01 05:24:03.797132 DBG,CTRL,t=344220,old=ACT,new=VIS,mage=154,rxage=20,seq=6180,valid=1,meas=1,streak=0,event=CRC
2026-08-01 05:24:03.797651 DBG,RX,t=344320,event=CRC,bytes=301968,parsed=6183,accepted=3731,len=223,crc=2113,field=116,dup=0,old=1,ovf=0
2026-08-01 05:24:03.798705 DBG,CTRL,t=344420,old=VIS,new=ACT,mage=13,rxage=0,seq=6186,valid=1,meas=1,streak=3,event=TARGET
2026-08-01 05:24:04.156297 DBG,RX,t=344460,event=CRC,bytes=302120,parsed=6186,accepted=3733,len=223,crc=2114,field=116,dup=0,old=1,ovf=0
2026-08-01 05:24:04.158576 DBG,RX,t=344620,event=CRC,bytes=302271,parsed=6189,accepted=3735,len=223,crc=2115,field=116,dup=0,old=1,ovf=0
2026-08-01 05:24:04.159574 DBG,RX,t=344680,event=CRC,bytes=302322,parsed=6190,accepted=3735,len=223,crc=2116,field=116,dup=0,old=1,ovf=0
2026-08-01 05:24:04.160084 DBG,CTRL,t=344720,old=ACT,new=VIS,mage=154,rxage=40,seq=6189,valid=1,meas=1,streak=0,event=CRC
2026-08-01 05:24:04.524597 DBG,CTRL,t=344840,old=VIS,new=ACT,mage=5,rxage=0,seq=6194,valid=1,meas=1,streak=3,event=TARGET
2026-08-01 05:24:04.526111 DBG,RX,t=345160,event=CRC,bytes=302773,parsed=6199,accepted=3743,len=223,crc=2117,field=116,dup=0,old=1,ovf=0
2026-08-01 05:24:04.892216 DBG,RX,t=345240,event=CRC,bytes=302824,parsed=6200,accepted=3743,len=223,crc=2118,field=116,dup=0,old=1,ovf=0
2026-08-01 05:24:04.893217 DBG,CTRL,t=345260,old=ACT,new=VIS,mage=153,rxage=20,seq=6199,valid=1,meas=1,streak=0,event=CRC
2026-08-01 05:24:04.894214 DBG,RX,t=345400,event=CRC,bytes=302975,parsed=6203,accepted=3745,len=223,crc=2119,field=116,dup=0,old=1,ovf=0
2026-08-01 05:24:04.895217 DBG,RX,t=345440,event=CRC,bytes=303027,parsed=6204,accepted=3745,len=223,crc=2120,field=116,dup=0,old=1,ovf=0
2026-08-01 05:24:04.896939 DBG,RX,t=345500,event=CRC,bytes=303078,parsed=6205,accepted=3745,len=223,crc=2121,field=116,dup=0,old=1,ovf=0
2026-08-01 05:24:05.224406 DBG,RX,t=345660,event=CRC,bytes=303229,parsed=6208,accepted=3747,len=223,crc=2122,field=116,dup=0,old=1,ovf=0
2026-08-01 05:24:05.224406 DBG,CTRL,t=345720,old=VIS,new=ACT,mage=9,rxage=0,seq=6210,valid=1,meas=1,streak=3,event=TARGET
2026-08-01 05:24:05.549483 DBG,RX,t=345980,event=CRC,bytes=303537,parsed=6214,accepted=3752,len=223,crc=2123,field=116,dup=0,old=1,ovf=0
2026-08-01 05:24:05.551964 DBG,RX,t=346040,event=CRC,bytes=303589,parsed=6215,accepted=3752,len=223,crc=2124,field=116,dup=0,old=1,ovf=0
2026-08-01 05:24:05.553047 DBG,CTRL,t=346080,old=ACT,new=VIS,mage=154,rxage=0,seq=6214,valid=1,meas=1,streak=0,event=CRC
2026-08-01 05:24:05.553365 DBG,CTRL,t=346200,old=VIS,new=ACT,mage=7,rxage=0,seq=6219,valid=1,meas=1,streak=3,event=TARGET
2026-08-01 05:24:05.931135 DBG,RX,t=346260,event=CRC,bytes=303794,parsed=6219,accepted=3755,len=223,crc=2125,field=116,dup=0,old=1,ovf=0
2026-08-01 05:24:05.932145 DBG,RX,t=346420,event=CRC,bytes=303948,parsed=6222,accepted=3757,len=223,crc=2126,field=116,dup=0,old=1,ovf=0
2026-08-01 05:24:05.933149 DBG,RX,t=346480,event=FIELD,bytes=304001,parsed=6223,accepted=3757,len=223,crc=2126,field=117,dup=0,old=1,ovf=0
2026-08-01 05:24:05.934832 DBG,CTRL,t=346520,old=ACT,new=VIS,mage=154,rxage=0,seq=6222,valid=1,meas=1,streak=0,event=FIELD
2026-08-01 05:24:05.935959 DBG,RX,t=346540,event=CRC,bytes=304053,parsed=6224,accepted=3757,len=223,crc=2127,field=117,dup=0,old=1,ovf=0
2026-08-01 05:24:05.936960 DBG,RX,t=346580,event=LENGTH,bytes=304107,parsed=6225,accepted=3757,len=224,crc=2127,field=117,dup=0,old=1,ovf=0
2026-08-01 05:24:06.284767 DBG,RX,t=346740,event=CRC,bytes=304258,parsed=6228,accepted=3759,len=224,crc=2128,field=117,dup=0,old=1,ovf=0
2026-08-01 05:24:06.286472 DBG,RX,t=346800,event=CRC,bytes=304309,parsed=6229,accepted=3759,len=224,crc=2129,field=117,dup=0,old=1,ovf=0
2026-08-01 05:24:06.286472 DBG,CTRL,t=346960,old=VIS,new=ACT,mage=13,rxage=0,seq=6233,valid=1,meas=1,streak=3,event=TARGET
2026-08-01 05:24:06.613219 DBG,RX,t=347120,event=CRC,bytes=304617,parsed=6235,accepted=3764,len=224,crc=2130,field=117,dup=0,old=1,ovf=0
2026-08-01 05:24:06.614896 DBG,RX,t=347280,event=CRC,bytes=304771,parsed=6238,accepted=3766,len=224,crc=2131,field=117,dup=0,old=1,ovf=0
2026-08-01 05:24:06.965032 DBG,RX,t=347400,event=CRC,bytes=304874,parsed=6240,accepted=3767,len=224,crc=2132,field=117,dup=0,old=1,ovf=0
2026-08-01 05:24:06.967889 DBG,RX,t=347460,event=CRC,bytes=304926,parsed=6241,accepted=3767,len=224,crc=2133,field=117,dup=0,old=1,ovf=0
2026-08-01 05:24:06.969377 DBG,CTRL,t=347480,old=ACT,new=VIS,mage=153,rxage=20,seq=6240,valid=1,meas=1,streak=0,event=CRC
2026-08-01 05:24:06.969377 DBG,RX,t=347520,event=CRC,bytes=304977,parsed=6242,accepted=3767,len=224,crc=2134,field=117,dup=0,old=1,ovf=0
2026-08-01 05:24:06.970900 DBG,RX,t=347560,event=CRC,bytes=305028,parsed=6243,accepted=3767,len=224,crc=2135,field=117,dup=0,old=1,ovf=0
2026-08-01 05:24:07.324847 DBG,CTRL,t=347720,old=VIS,new=ACT,mage=3,rxage=0,seq=6247,valid=1,meas=1,streak=3,event=TARGET
2026-08-01 05:24:07.326066 DBG,RX,t=347780,event=CRC,bytes=305230,parsed=6247,accepted=3770,len=224,crc=2136,field=117,dup=0,old=1,ovf=0
2026-08-01 05:24:07.327066 DBG,RX,t=348000,event=CRC,bytes=305431,parsed=6251,accepted=3773,len=224,crc=2137,field=117,dup=0,old=1,ovf=0
2026-08-01 05:24:07.689266 DBG,RX,t=348040,event=CRC,bytes=305482,parsed=6252,accepted=3773,len=224,crc=2138,field=117,dup=0,old=1,ovf=0
2026-08-01 05:24:07.691203 DBG,CTRL,t=348100,old=ACT,new=VIS,mage=169,rxage=0,seq=6251,valid=1,meas=1,streak=0,event=CRC
2026-08-01 05:24:07.692741 DBG,RX,t=348100,event=CRC,bytes=305532,parsed=6253,accepted=3773,len=224,crc=2139,field=117,dup=0,old=1,ovf=0
2026-08-01 05:24:07.693761 DBG,FILTER,t=348160,result=VALID_0,seq=6255,valid=0,meas=0,pos=0,accepted=2548,jump=0,hold=16
2026-08-01 05:24:07.694762 DBG,RX,t=348260,event=LENGTH,bytes=305681,parsed=6256,accepted=3775,len=225,crc=2139,field=117,dup=0,old=1,ovf=0
2026-08-01 05:24:07.695785 DBG,CTRL,t=348340,old=VIS,new=LOST,cause=VALID_0,mage=409,rxage=20,seq=6258,valid=0,meas=0,streak=0,event=NO_TARGET
2026-08-01 05:24:07.695785 DBG,FILTER,t=348340,result=VALID_0,seq=6258,valid=0,meas=0,pos=0,accepted=2548,jump=0,hold=16
2026-08-01 05:24:07.697423 DBG,RX,t=348340,event=NO_TARGET,bytes=305730,parsed=6257,accepted=3776,len=225,crc=2139,field=117,dup=0,old=1,ovf=0
2026-08-01 05:24:08.044485 DBG,RX,t=348600,event=CRC,bytes=305979,parsed=6262,accepted=3780,len=225,crc=2140,field=117,dup=0,old=1,ovf=0
2026-08-01 05:24:08.044994 DBG,RX,t=348660,event=CRC,bytes=306029,parsed=6263,accepted=3780,len=225,crc=2141,field=117,dup=0,old=1,ovf=0
2026-08-01 05:24:08.046005 DBG,RX,t=348720,event=CRC,bytes=306079,parsed=6264,accepted=3780,len=225,crc=2142,field=117,dup=0,old=1,ovf=0
2026-08-01 05:24:08.492741 DBG,RX,t=348760,event=CRC,bytes=306129,parsed=6265,accepted=3780,len=225,crc=2143,field=117,dup=0,old=1,ovf=0
2026-08-01 05:24:08.493764 DBG,RX,t=348920,event=CRC,bytes=306278,parsed=6268,accepted=3782,len=225,crc=2144,field=117,dup=0,old=1,ovf=0
2026-08-01 05:24:08.495275 DBG,RX,t=349080,event=CRC,bytes=306428,parsed=6271,accepted=3784,len=225,crc=2145,field=117,dup=0,old=1,ovf=0
2026-08-01 05:24:08.889787 DBG,RX,t=349340,event=CRC,bytes=306674,parsed=6276,accepted=3788,len=225,crc=2146,field=117,dup=0,old=1,ovf=0
2026-08-01 05:24:08.891294 DBG,RX,t=349400,event=CRC,bytes=306724,parsed=6277,accepted=3788,len=225,crc=2147,field=117,dup=0,old=1,ovf=0
2026-08-01 05:24:09.253943 DBG,RX,t=349780,event=CRC,bytes=307069,parsed=6284,accepted=3794,len=225,crc=2148,field=117,dup=0,old=1,ovf=0
2026-08-01 05:24:09.255688 DBG,RX,t=349940,event=CRC,bytes=307217,parsed=6287,accepted=3796,len=225,crc=2149,field=117,dup=0,old=1,ovf=0
2026-08-01 05:24:09.665774 DBG,RX,t=350140,event=CRC,bytes=307415,parsed=6291,accepted=3799,len=225,crc=2150,field=117,dup=0,old=1,ovf=0
2026-08-01 05:24:09.666872 DBG,RX,t=350240,event=CRC,bytes=307514,parsed=6293,accepted=3800,len=225,crc=2151,field=117,dup=0,old=1,ovf=0
2026-08-01 05:24:10.035067 DBG,RX,t=350400,event=CRC,bytes=307664,parsed=6296,accepted=3802,len=225,crc=2152,field=117,dup=0,old=1,ovf=0
2026-08-01 05:24:10.036075 DBG,RX,t=350460,event=CRC,bytes=307714,parsed=6297,accepted=3802,len=225,crc=2153,field=117,dup=0,old=1,ovf=0
2026-08-01 05:24:10.037076 DBG,RX,t=350560,event=CRC,bytes=307814,parsed=6299,accepted=3803,len=225,crc=2154,field=117,dup=0,old=1,ovf=0
2026-08-01 05:24:10.038973 DBG,RX,t=350760,event=CRC,bytes=307963,parsed=6302,accepted=3805,len=225,crc=2155,field=117,dup=0,old=1,ovf=0
2026-08-01 05:24:10.416348 DBG,RX,t=350860,event=FIELD,bytes=308063,parsed=6304,accepted=3806,len=225,crc=2155,field=118,dup=0,old=1,ovf=0
2026-08-01 05:24:10.417810 DBG,RX,t=351020,event=CRC,bytes=308211,parsed=6307,accepted=3808,len=225,crc=2156,field=118,dup=0,old=1,ovf=0
2026-08-01 05:24:10.797625 DBG,RX,t=351180,event=CRC,bytes=308360,parsed=6310,accepted=3810,len=225,crc=2157,field=118,dup=0,old=1,ovf=0
2026-08-01 05:24:10.798969 DBG,RX,t=351340,event=CRC,bytes=308508,parsed=6313,accepted=3812,len=225,crc=2158,field=118,dup=0,old=1,ovf=0
2026-08-01 05:24:10.799980 DBG,RX,t=351460,event=CRC,bytes=308607,parsed=6315,accepted=3813,len=225,crc=2159,field=118,dup=0,old=1,ovf=0
2026-08-01 05:24:11.160760 DBG,RX,t=351600,event=CRC,bytes=308755,parsed=6318,accepted=3815,len=225,crc=2160,field=118,dup=0,old=1,ovf=0
2026-08-01 05:24:11.160760 DBG,RX,t=351660,event=CRC,bytes=308806,parsed=6319,accepted=3815,len=225,crc=2161,field=118,dup=0,old=1,ovf=0
2026-08-01 05:24:11.162260 DBG,RX,t=351720,event=CRC,bytes=308856,parsed=6320,accepted=3815,len=225,crc=2162,field=118,dup=0,old=1,ovf=0
2026-08-01 05:24:11.572776 DBG,RX,t=352000,event=CRC,bytes=309102,parsed=6325,accepted=3819,len=225,crc=2163,field=118,dup=0,old=1,ovf=0
2026-08-01 05:24:11.573777 DBG,RX,t=352140,event=CRC,bytes=309250,parsed=6328,accepted=3821,len=225,crc=2164,field=118,dup=0,old=1,ovf=0
2026-08-01 05:24:11.574775 DBG,RX,t=352200,event=CRC,bytes=309300,parsed=6329,accepted=3821,len=225,crc=2165,field=118,dup=0,old=1,ovf=0
2026-08-01 05:24:11.575157 DBG,RX,t=352320,event=CRC,bytes=309399,parsed=6331,accepted=3822,len=225,crc=2166,field=118,dup=0,old=1,ovf=0
2026-08-01 05:24:11.955525 DBG,RX,t=352360,event=CRC,bytes=309449,parsed=6332,accepted=3822,len=225,crc=2167,field=118,dup=0,old=1,ovf=0
2026-08-01 05:24:11.956527 DBG,RX,t=352460,event=CRC,bytes=309548,parsed=6334,accepted=3823,len=225,crc=2168,field=118,dup=0,old=1,ovf=0
2026-08-01 05:24:11.957672 DBG,RX,t=352620,event=CRC,bytes=309696,parsed=6337,accepted=3825,len=225,crc=2169,field=118,dup=0,old=1,ovf=0
2026-08-01 05:24:11.958672 DBG,RX,t=352680,event=CRC,bytes=309746,parsed=6338,accepted=3825,len=225,crc=2170,field=118,dup=0,old=1,ovf=0
2026-08-01 05:24:12.356282 DBG,RX,t=352780,event=CRC,bytes=309845,parsed=6340,accepted=3826,len=225,crc=2171,field=118,dup=0,old=1,ovf=0
2026-08-01 05:24:12.357286 DBG,RX,t=352840,event=CRC,bytes=309895,parsed=6341,accepted=3826,len=225,crc=2172,field=118,dup=0,old=1,ovf=0
2026-08-01 05:24:12.357286 DBG,RX,t=352960,event=CRC,bytes=309994,parsed=6343,accepted=3827,len=225,crc=2173,field=118,dup=0,old=1,ovf=0
2026-08-01 05:24:12.359284 DBG,RX,t=353000,event=LENGTH,bytes=310045,parsed=6344,accepted=3827,len=226,crc=2173,field=118,dup=0,old=1,ovf=0
2026-08-01 05:24:12.719078 DBG,RX,t=353260,event=CRC,bytes=310292,parsed=6349,accepted=3831,len=226,crc=2174,field=118,dup=0,old=1,ovf=0
2026-08-01 05:24:12.719078 DBG,RX,t=353380,event=CRC,bytes=310395,parsed=6351,accepted=3832,len=226,crc=2175,field=118,dup=0,old=1,ovf=0
2026-08-01 05:24:13.107650 DBG,RX,t=353580,event=FIELD,bytes=310593,parsed=6355,accepted=3835,len=226,crc=2175,field=119,dup=0,old=1,ovf=0
2026-08-01 05:24:13.108663 DBG,RX,t=353680,event=CRC,bytes=310692,parsed=6357,accepted=3836,len=226,crc=2176,field=119,dup=0,old=1,ovf=0
2026-08-01 05:24:13.109659 DBG,RX,t=353740,event=CRC,bytes=310744,parsed=6358,accepted=3836,len=226,crc=2177,field=119,dup=0,old=1,ovf=0
2026-08-01 05:24:13.110662 DBG,RX,t=353860,event=CRC,bytes=310843,parsed=6360,accepted=3837,len=226,crc=2178,field=119,dup=0,old=1,ovf=0
2026-08-01 05:24:13.474632 DBG,RX,t=354060,event=CRC,bytes=311040,parsed=6364,accepted=3840,len=226,crc=2179,field=119,dup=0,old=1,ovf=0
2026-08-01 05:24:13.475609 DBG,RX,t=354240,event=CRC,bytes=311188,parsed=6367,accepted=3842,len=226,crc=2180,field=119,dup=0,old=1,ovf=0
2026-08-01 05:24:13.887079 DBG,RX,t=354280,event=CRC,bytes=311238,parsed=6368,accepted=3842,len=226,crc=2181,field=119,dup=0,old=1,ovf=0
2026-08-01 05:24:13.888591 DBG,RX,t=354440,event=CRC,bytes=311387,parsed=6371,accepted=3844,len=226,crc=2182,field=119,dup=0,old=1,ovf=0
2026-08-01 05:24:13.889612 DBG,RX,t=354560,event=CRC,bytes=311486,parsed=6373,accepted=3845,len=226,crc=2183,field=119,dup=0,old=1,ovf=0
2026-08-01 05:24:13.890608 DBG,RX,t=354600,event=CRC,bytes=311536,parsed=6374,accepted=3845,len=226,crc=2184,field=119,dup=0,old=1,ovf=0
2026-08-01 05:24:14.271971 DBG,RX,t=354700,event=LENGTH,bytes=311636,parsed=6376,accepted=3846,len=227,crc=2184,field=119,dup=0,old=1,ovf=0
2026-08-01 05:24:14.272992 DBG,RX,t=354760,event=CRC,bytes=311686,parsed=6377,accepted=3846,len=227,crc=2185,field=119,dup=0,old=1,ovf=0
2026-08-01 05:24:14.273993 DBG,RX,t=354820,event=CRC,bytes=311736,parsed=6378,accepted=3846,len=227,crc=2186,field=119,dup=0,old=1,ovf=0
2026-08-01 05:24:14.274994 DBG,RX,t=354860,event=CRC,bytes=311787,parsed=6379,accepted=3846,len=227,crc=2187,field=119,dup=0,old=1,ovf=0
2026-08-01 05:24:14.275995 DBG,RX,t=354920,event=CRC,bytes=311837,parsed=6380,accepted=3846,len=227,crc=2188,field=119,dup=0,old=1,ovf=0
2026-08-01 05:24:14.675668 DBG,RX,t=355080,event=LENGTH,bytes=311986,parsed=6383,accepted=3848,len=228,crc=2188,field=119,dup=0,old=1,ovf=0
2026-08-01 05:24:14.676680 DBG,RX,t=355240,event=CRC,bytes=312134,parsed=6386,accepted=3850,len=228,crc=2189,field=119,dup=0,old=1,ovf=0
2026-08-01 05:24:14.677974 DBG,RX,t=355300,event=LENGTH,bytes=312184,parsed=6387,accepted=3850,len=229,crc=2189,field=119,dup=0,old=1,ovf=0
2026-08-01 05:24:14.679313 DBG,RX,t=355360,event=CRC,bytes=312234,parsed=6388,accepted=3850,len=229,crc=2190,field=119,dup=0,old=1,ovf=0
2026-08-01 05:24:15.071162 DBG,RX,t=355500,event=LENGTH,bytes=312385,parsed=6391,accepted=3852,len=230,crc=2190,field=119,dup=0,old=1,ovf=0
2026-08-01 05:24:15.072173 DBG,RX,t=355660,event=CRC,bytes=312533,parsed=6394,accepted=3854,len=230,crc=2191,field=119,dup=0,old=1,ovf=0
2026-08-01 05:24:15.073006 DBG,RX,t=355780,event=LENGTH,bytes=312633,parsed=6396,accepted=3855,len=231,crc=2191,field=119,dup=0,old=1,ovf=0
2026-08-01 05:24:15.445884 DBG,RX,t=355940,event=CRC,bytes=312782,parsed=6399,accepted=3857,len=231,crc=2192,field=119,dup=0,old=1,ovf=0
2026-08-01 05:24:15.446894 DBG,RX,t=356060,event=CRC,bytes=312882,parsed=6401,accepted=3858,len=231,crc=2193,field=119,dup=0,old=1,ovf=0
2026-08-01 05:24:15.447896 DBG,RX,t=356200,event=FIELD,bytes=313031,parsed=6404,accepted=3860,len=231,crc=2193,field=120,dup=0,old=1,ovf=0
2026-08-01 05:24:15.816006 DBG,RX,t=356380,event=CRC,bytes=313180,parsed=6407,accepted=3862,len=231,crc=2194,field=120,dup=0,old=1,ovf=0
2026-08-01 05:24:16.199511 DBG,RX,t=356620,event=CRC,bytes=313427,parsed=6412,accepted=3866,len=231,crc=2195,field=120,dup=0,old=1,ovf=0
2026-08-01 05:24:16.201854 DBG,RX,t=356680,event=CRC,bytes=313478,parsed=6413,accepted=3866,len=231,crc=2196,field=120,dup=0,old=1,ovf=0
2026-08-01 05:24:16.203509 DBG,RX,t=356800,event=CRC,bytes=313578,parsed=6415,accepted=3867,len=231,crc=2197,field=120,dup=0,old=1,ovf=0
2026-08-01 05:24:16.204523 DBG,RX,t=356840,event=CRC,bytes=313628,parsed=6416,accepted=3867,len=231,crc=2198,field=120,dup=0,old=1,ovf=0
2026-08-01 05:24:16.205525 DBG,RX,t=357000,event=LENGTH,bytes=313776,parsed=6419,accepted=3869,len=232,crc=2198,field=120,dup=0,old=1,ovf=0
2026-08-01 05:24:16.583396 DBG,RX,t=357060,event=CRC,bytes=313827,parsed=6420,accepted=3869,len=232,crc=2199,field=120,dup=0,old=1,ovf=0
2026-08-01 05:24:16.584401 DBG,RX,t=357120,event=CRC,bytes=313877,parsed=6421,accepted=3869,len=232,crc=2200,field=120,dup=0,old=1,ovf=0
2026-08-01 05:24:16.585522 DBG,RX,t=357280,event=CRC,bytes=314026,parsed=6424,accepted=3871,len=232,crc=2201,field=120,dup=0,old=1,ovf=0
2026-08-01 05:24:16.587299 DBG,RX,t=357340,event=LENGTH,bytes=314076,parsed=6425,accepted=3871,len=233,crc=2201,field=120,dup=0,old=1,ovf=0
2026-08-01 05:24:16.587856 DBG,RX,t=357380,event=CRC,bytes=314126,parsed=6426,accepted=3871,len=233,crc=2202,field=120,dup=0,old=1,ovf=0
2026-08-01 05:24:16.968098 DBG,RX,t=357440,event=CRC,bytes=314176,parsed=6427,accepted=3871,len=233,crc=2203,field=120,dup=0,old=1,ovf=0
2026-08-01 05:24:16.969109 DBG,RX,t=357540,event=CRC,bytes=314275,parsed=6429,accepted=3872,len=233,crc=2204,field=120,dup=0,old=1,ovf=0
2026-08-01 05:24:16.970623 DBG,RX,t=357700,event=CRC,bytes=314425,parsed=6432,accepted=3874,len=233,crc=2205,field=120,dup=0,old=1,ovf=0
2026-08-01 05:24:16.971636 DBG,RX,t=357760,event=CRC,bytes=314476,parsed=6433,accepted=3874,len=233,crc=2206,field=120,dup=0,old=1,ovf=0
2026-08-01 05:24:17.315143 DBG,RX,t=357860,event=LENGTH,bytes=314576,parsed=6435,accepted=3875,len=234,crc=2206,field=120,dup=0,old=1,ovf=0
2026-08-01 05:24:17.315143 DBG,RX,t=357920,event=CRC,bytes=314626,parsed=6436,accepted=3875,len=234,crc=2207,field=120,dup=0,old=1,ovf=0
2026-08-01 05:24:17.315143 DBG,RX,t=358020,event=CRC,bytes=314726,parsed=6438,accepted=3876,len=234,crc=2208,field=120,dup=0,old=1,ovf=0
2026-08-01 05:24:17.319596 DBG,RX,t=358080,event=CRC,bytes=314776,parsed=6439,accepted=3876,len=234,crc=2209,field=120,dup=0,old=1,ovf=0
2026-08-01 05:24:17.793861 DBG,RX,t=358200,event=FIELD,bytes=314876,parsed=6441,accepted=3877,len=234,crc=2209,field=121,dup=0,old=1,ovf=0
2026-08-01 05:24:17.793861 DBG,RX,t=358340,event=CRC,bytes=315024,parsed=6444,accepted=3879,len=234,crc=2210,field=121,dup=0,old=1,ovf=0
2026-08-01 05:24:17.793861 DBG,RX,t=358400,event=LENGTH,bytes=315075,parsed=6445,accepted=3879,len=235,crc=2210,field=121,dup=0,old=1,ovf=0
2026-08-01 05:24:17.793861 DBG,RX,t=358560,event=CRC,bytes=315223,parsed=6448,accepted=3881,len=235,crc=2211,field=121,dup=0,old=1,ovf=0
2026-08-01 05:24:17.798979 DBG,RX,t=358620,event=CRC,bytes=315274,parsed=6449,accepted=3881,len=235,crc=2212,field=121,dup=0,old=1,ovf=0
2026-08-01 05:24:18.165018 DBG,RX,t=358660,event=CRC,bytes=315326,parsed=6450,accepted=3881,len=235,crc=2213,field=121,dup=0,old=1,ovf=0
2026-08-01 05:24:18.166017 DBG,RX,t=358880,event=CRC,bytes=315523,parsed=6454,accepted=3884,len=235,crc=2214,field=121,dup=0,old=1,ovf=0
2026-08-01 05:24:18.167018 DBG,RX,t=358940,event=CRC,bytes=315573,parsed=6455,accepted=3884,len=235,crc=2215,field=121,dup=0,old=1,ovf=0
2026-08-01 05:24:18.168017 DBG,RX,t=358980,event=CRC,bytes=315624,parsed=6456,accepted=3884,len=235,crc=2216,field=121,dup=0,old=1,ovf=0
2026-08-01 05:24:18.534403 DBG,RX,t=359040,event=CRC,bytes=315675,parsed=6457,accepted=3884,len=235,crc=2217,field=121,dup=0,old=1,ovf=0
2026-08-01 05:24:18.535875 DBG,RX,t=359200,event=CRC,bytes=315826,parsed=6460,accepted=3886,len=235,crc=2218,field=121,dup=0,old=1,ovf=0
2026-08-01 05:24:18.537275 DBG,RX,t=359260,event=LENGTH,bytes=315876,parsed=6461,accepted=3886,len=236,crc=2218,field=121,dup=0,old=1,ovf=0
2026-08-01 05:24:18.935912 DBG,RX,t=359380,event=CRC,bytes=315976,parsed=6463,accepted=3887,len=236,crc=2219,field=121,dup=0,old=1,ovf=0
2026-08-01 05:24:18.937048 DBG,RX,t=359520,event=CRC,bytes=316124,parsed=6466,accepted=3889,len=236,crc=2220,field=121,dup=0,old=1,ovf=0
2026-08-01 05:24:18.938092 DBG,RX,t=359680,event=CRC,bytes=316272,parsed=6469,accepted=3891,len=236,crc=2221,field=121,dup=0,old=1,ovf=0
2026-08-01 05:24:19.326557 DBG,RX,t=359960,event=CRC,bytes=316519,parsed=6474,accepted=3895,len=236,crc=2222,field=121,dup=0,old=1,ovf=0
2026-08-01 05:24:19.326557 DBG,RX,t=360000,event=LENGTH,bytes=316569,parsed=6475,accepted=3895,len=237,crc=2222,field=121,dup=0,old=1,ovf=0
2026-08-01 05:24:19.328009 DBG,RX,t=360160,event=CRC,bytes=316717,parsed=6478,accepted=3897,len=237,crc=2223,field=121,dup=0,old=1,ovf=0
2026-08-01 05:24:19.700591 DBG,RX,t=360280,event=LENGTH,bytes=316816,parsed=6480,accepted=3898,len=238,crc=2223,field=121,dup=0,old=1,ovf=0
2026-08-01 05:24:19.705234 DBG,RX,t=360340,event=FIELD,bytes=316867,parsed=6481,accepted=3898,len=238,crc=2223,field=122,dup=0,old=1,ovf=0
2026-08-01 05:24:19.706245 DBG,RX,t=360380,event=CRC,bytes=316917,parsed=6482,accepted=3898,len=238,crc=2224,field=122,dup=0,old=1,ovf=0
2026-08-01 05:24:19.707247 DBG,RX,t=360440,event=LENGTH,bytes=316968,parsed=6483,accepted=3898,len=239,crc=2224,field=122,dup=0,old=1,ovf=0
2026-08-01 05:24:20.052479 DBG,RX,t=360560,event=CRC,bytes=317067,parsed=6485,accepted=3899,len=239,crc=2225,field=122,dup=0,old=1,ovf=0
2026-08-01 05:24:20.053472 DBG,RX,t=360700,event=CRC,bytes=317215,parsed=6488,accepted=3901,len=239,crc=2226,field=122,dup=0,old=1,ovf=0
2026-08-01 05:24:20.054474 DBG,RX,t=360760,event=CRC,bytes=317265,parsed=6489,accepted=3901,len=239,crc=2227,field=122,dup=0,old=1,ovf=0
2026-08-01 05:24:20.428772 DBG,RX,t=360980,event=CRC,bytes=317463,parsed=6493,accepted=3904,len=239,crc=2228,field=122,dup=0,old=1,ovf=0
2026-08-01 05:24:20.429769 DBG,RX,t=361080,event=CRC,bytes=317562,parsed=6495,accepted=3905,len=239,crc=2229,field=122,dup=0,old=1,ovf=0
2026-08-01 05:24:20.834447 DBG,RX,t=361460,event=CRC,bytes=317906,parsed=6502,accepted=3911,len=239,crc=2230,field=122,dup=0,old=1,ovf=0
2026-08-01 05:24:20.835770 DBG,RX,t=361580,event=CRC,bytes=318005,parsed=6504,accepted=3912,len=239,crc=2231,field=122,dup=0,old=1,ovf=0
2026-08-01 05:24:20.836771 DBG,RX,t=361620,event=LENGTH,bytes=318057,parsed=6505,accepted=3912,len=240,crc=2231,field=122,dup=0,old=1,ovf=0
2026-08-01 05:24:20.838200 DBG,RX,t=361680,event=CRC,bytes=318107,parsed=6506,accepted=3912,len=240,crc=2232,field=122,dup=0,old=1,ovf=0
2026-08-01 05:24:21.204907 DBG,RX,t=361780,event=CRC,bytes=318206,parsed=6508,accepted=3913,len=240,crc=2233,field=122,dup=0,old=1,ovf=0
2026-08-01 05:24:21.207060 DBG,RX,t=361940,event=CRC,bytes=318356,parsed=6511,accepted=3915,len=240,crc=2234,field=122,dup=0,old=1,ovf=0
2026-08-01 05:24:21.616155 DBG,RX,t=362100,event=CRC,bytes=318504,parsed=6514,accepted=3917,len=240,crc=2235,field=122,dup=0,old=1,ovf=0
2026-08-01 05:24:21.618134 DBG,RX,t=362160,event=CRC,bytes=318554,parsed=6515,accepted=3917,len=240,crc=2236,field=122,dup=0,old=1,ovf=0
2026-08-01 05:24:21.619433 DBG,RX,t=362420,event=CRC,bytes=318800,parsed=6520,accepted=3921,len=240,crc=2237,field=122,dup=0,old=1,ovf=0
2026-08-01 05:24:21.620431 DBG,RX,t=362480,event=CRC,bytes=318850,parsed=6521,accepted=3921,len=240,crc=2238,field=122,dup=0,old=1,ovf=0
2026-08-01 05:24:22.048666 DBG,RX,t=362600,event=CRC,bytes=318950,parsed=6523,accepted=3922,len=240,crc=2239,field=122,dup=0,old=1,ovf=0
2026-08-01 05:24:22.050179 DBG,RX,t=362640,event=LENGTH,bytes=319000,parsed=6524,accepted=3922,len=241,crc=2239,field=122,dup=0,old=1,ovf=0
2026-08-01 05:24:22.050689 DBG,RX,t=362740,event=LENGTH,bytes=319099,parsed=6526,accepted=3923,len=242,crc=2239,field=122,dup=0,old=1,ovf=0
2026-08-01 05:24:22.051702 DBG,RX,t=362800,event=LENGTH,bytes=319151,parsed=6527,accepted=3923,len=243,crc=2239,field=122,dup=0,old=1,ovf=0
2026-08-01 05:24:22.052699 DBG,RX,t=362860,event=CRC,bytes=319201,parsed=6528,accepted=3923,len=243,crc=2240,field=122,dup=0,old=1,ovf=0
2026-08-01 05:24:22.453719 DBG,RX,t=363060,event=CRC,bytes=319399,parsed=6532,accepted=3926,len=243,crc=2241,field=122,dup=0,old=1,ovf=0
2026-08-01 05:24:22.454714 DBG,RX,t=363180,event=CRC,bytes=319499,parsed=6534,accepted=3927,len=243,crc=2242,field=122,dup=0,old=1,ovf=0
2026-08-01 05:24:22.823021 DBG,RX,t=363380,event=CRC,bytes=319697,parsed=6538,accepted=3930,len=243,crc=2243,field=122,dup=0,old=1,ovf=0
2026-08-01 05:24:22.824249 DBG,RX,t=363500,event=CRC,bytes=319796,parsed=6540,accepted=3931,len=243,crc=2244,field=122,dup=0,old=1,ovf=0
2026-08-01 05:24:22.824249 DBG,RX,t=363600,event=CRC,bytes=319896,parsed=6542,accepted=3932,len=243,crc=2245,field=122,dup=0,old=1,ovf=0
2026-08-01 05:24:22.825371 DBG,RX,t=363660,event=CRC,bytes=319946,parsed=6543,accepted=3932,len=243,crc=2246,field=122,dup=0,old=1,ovf=0
2026-08-01 05:24:23.213352 DBG,RX,t=363780,event=CRC,bytes=320046,parsed=6545,accepted=3933,len=243,crc=2247,field=122,dup=0,old=1,ovf=0
2026-08-01 05:24:23.214363 DBG,RX,t=363920,event=CRC,bytes=320194,parsed=6548,accepted=3935,len=243,crc=2248,field=122,dup=0,old=1,ovf=0
2026-08-01 05:24:23.215368 DBG,RX,t=363980,event=CRC,bytes=320246,parsed=6549,accepted=3935,len=243,crc=2249,field=122,dup=0,old=1,ovf=0
2026-08-01 05:24:23.583075 DBG,RX,t=364240,event=CRC,bytes=320492,parsed=6554,accepted=3939,len=243,crc=2250,field=122,dup=0,old=1,ovf=0
2026-08-01 05:24:23.584087 DBG,RX,t=364300,event=CRC,bytes=320544,parsed=6555,accepted=3939,len=243,crc=2251,field=122,dup=0,old=1,ovf=0
2026-08-01 05:24:23.586086 DBG,RX,t=364360,event=CRC,bytes=320594,parsed=6556,accepted=3939,len=243,crc=2252,field=122,dup=0,old=1,ovf=0
2026-08-01 05:24:23.587090 DBG,RX,t=364400,event=CRC,bytes=320644,parsed=6557,accepted=3939,len=243,crc=2253,field=122,dup=0,old=1,ovf=0
2026-08-01 05:24:23.588278 DBG,RX,t=364460,event=CRC,bytes=320694,parsed=6558,accepted=3939,len=243,crc=2254,field=122,dup=0,old=1,ovf=0
2026-08-01 05:24:23.925949 DBG,RX,t=364520,event=CRC,bytes=320744,parsed=6559,accepted=3939,len=243,crc=2255,field=122,dup=0,old=1,ovf=0
2026-08-01 05:24:23.928416 DBG,RX,t=364560,event=CRC,bytes=320794,parsed=6560,accepted=3939,len=243,crc=2256,field=122,dup=0,old=1,ovf=0
2026-08-01 05:24:23.929522 DBG,RX,t=364720,event=CRC,bytes=320943,parsed=6563,accepted=3941,len=243,crc=2257,field=122,dup=0,old=1,ovf=0
2026-08-01 05:24:23.930615 DBG,RX,t=364780,event=CRC,bytes=320993,parsed=6564,accepted=3941,len=243,crc=2258,field=122,dup=0,old=1,ovf=0
2026-08-01 05:24:24.278344 DBG,RX,t=364880,event=CRC,bytes=321094,parsed=6566,accepted=3942,len=243,crc=2259,field=122,dup=0,old=1,ovf=0
2026-08-01 05:24:24.279856 DBG,RX,t=364940,event=FIELD,bytes=321145,parsed=6567,accepted=3942,len=243,crc=2259,field=123,dup=0,old=1,ovf=0
2026-08-01 05:24:24.280391 DBG,RX,t=364980,event=LENGTH,bytes=321196,parsed=6568,accepted=3942,len=244,crc=2259,field=123,dup=0,old=1,ovf=0
2026-08-01 05:24:24.281923 DBG,RX,t=365160,event=CRC,bytes=321345,parsed=6571,accepted=3944,len=244,crc=2260,field=123,dup=0,old=1,ovf=0
2026-08-01 05:24:24.612900 DBG,RX,t=365200,event=FIELD,bytes=321396,parsed=6572,accepted=3944,len=244,crc=2260,field=124,dup=0,old=1,ovf=0
2026-08-01 05:24:24.615194 DBG,RX,t=365320,event=CRC,bytes=321495,parsed=6574,accepted=3945,len=244,crc=2261,field=124,dup=0,old=1,ovf=0
2026-08-01 05:24:24.616725 DBG,RX,t=365360,event=FIELD,bytes=321546,parsed=6575,accepted=3945,len=244,crc=2261,field=125,dup=0,old=1,ovf=0
2026-08-01 05:24:24.618948 DBG,RX,t=365480,event=CRC,bytes=321645,parsed=6577,accepted=3946,len=244,crc=2262,field=125,dup=0,old=1,ovf=0
2026-08-01 05:24:24.618948 DBG,RX,t=365520,event=CRC,bytes=321696,parsed=6578,accepted=3946,len=244,crc=2263,field=125,dup=0,old=1,ovf=0
2026-08-01 05:24:24.982027 DBG,RX,t=365680,event=CRC,bytes=321844,parsed=6581,accepted=3948,len=244,crc=2264,field=125,dup=0,old=1,ovf=0
2026-08-01 05:24:25.310755 DBG,RX,t=365960,event=CRC,bytes=322091,parsed=6586,accepted=3952,len=244,crc=2265,field=125,dup=0,old=1,ovf=0
2026-08-01 05:24:25.312278 DBG,RX,t=366000,event=LENGTH,bytes=322143,parsed=6587,accepted=3952,len=245,crc=2265,field=125,dup=0,old=1,ovf=0
2026-08-01 05:24:25.623633 DBG,RX,t=366260,event=CRC,bytes=322389,parsed=6592,accepted=3956,len=245,crc=2266,field=125,dup=0,old=1,ovf=0
2026-08-01 05:24:25.624652 DBG,RX,t=366320,event=CRC,bytes=322439,parsed=6593,accepted=3956,len=245,crc=2267,field=125,dup=0,old=1,ovf=0
2026-08-01 05:24:25.625358 DBG,RX,t=366380,event=CRC,bytes=322489,parsed=6594,accepted=3956,len=245,crc=2268,field=125,dup=0,old=1,ovf=0
2026-08-01 05:24:25.626375 DBG,RX,t=366480,event=CRC,bytes=322589,parsed=6596,accepted=3957,len=245,crc=2269,field=125,dup=0,old=1,ovf=0
2026-08-01 05:24:26.279250 DBG,RX,t=366920,event=CRC,bytes=322982,parsed=6604,accepted=3964,len=245,crc=2270,field=125,dup=0,old=1,ovf=0
2026-08-01 05:24:26.281140 DBG,RX,t=366980,event=LENGTH,bytes=323034,parsed=6605,accepted=3964,len=246,crc=2270,field=125,dup=0,old=1,ovf=0
2026-08-01 05:24:26.282316 DBG,RX,t=367100,event=CRC,bytes=323133,parsed=6607,accepted=3965,len=246,crc=2271,field=125,dup=0,old=1,ovf=0
2026-08-01 05:24:26.634644 DBG,RX,t=367240,event=CRC,bytes=323281,parsed=6610,accepted=3967,len=246,crc=2272,field=125,dup=0,old=1,ovf=0
2026-08-01 05:24:26.635645 DBG,RX,t=367360,event=CRC,bytes=323380,parsed=6612,accepted=3968,len=246,crc=2273,field=125,dup=0,old=1,ovf=0
2026-08-01 05:24:26.637650 DBG,RX,t=367460,event=CRC,bytes=323479,parsed=6614,accepted=3969,len=246,crc=2274,field=125,dup=0,old=1,ovf=0
2026-08-01 05:24:26.638651 DBG,RX,t=367560,event=CRC,bytes=323579,parsed=6616,accepted=3970,len=246,crc=2275,field=125,dup=0,old=1,ovf=0
2026-08-01 05:24:26.961363 DBG,RX,t=367720,event=CRC,bytes=323729,parsed=6619,accepted=3972,len=246,crc=2276,field=125,dup=0,old=1,ovf=0
2026-08-01 05:24:27.280763 DBG,RX,t=367940,event=LENGTH,bytes=323927,parsed=6623,accepted=3975,len=247,crc=2276,field=125,dup=0,old=1,ovf=0
2026-08-01 05:24:27.647850 DBG,RX,t=368260,event=CRC,bytes=324223,parsed=6629,accepted=3980,len=247,crc=2277,field=125,dup=0,old=1,ovf=0
2026-08-01 05:24:27.650360 DBG,RX,t=368320,event=CRC,bytes=324273,parsed=6630,accepted=3980,len=247,crc=2278,field=125,dup=0,old=1,ovf=0
2026-08-01 05:24:27.651373 DBG,RX,t=368360,event=CRC,bytes=324323,parsed=6631,accepted=3980,len=247,crc=2279,field=125,dup=0,old=1,ovf=0
2026-08-01 05:24:27.653266 DBG,RX,t=368520,event=LENGTH,bytes=324471,parsed=6634,accepted=3982,len=248,crc=2279,field=125,dup=0,old=1,ovf=0
2026-08-01 05:24:28.054208 DBG,RX,t=368640,event=CRC,bytes=324570,parsed=6636,accepted=3983,len=248,crc=2280,field=125,dup=0,old=1,ovf=0
2026-08-01 05:24:28.055206 DBG,RX,t=368680,event=CRC,bytes=324620,parsed=6637,accepted=3983,len=248,crc=2281,field=125,dup=0,old=1,ovf=0
2026-08-01 05:24:28.056209 DBG,RX,t=368800,event=CRC,bytes=324719,parsed=6639,accepted=3984,len=248,crc=2282,field=125,dup=0,old=1,ovf=0
2026-08-01 05:24:28.057208 DBG,RX,t=368840,event=CRC,bytes=324769,parsed=6640,accepted=3984,len=248,crc=2283,field=125,dup=0,old=1,ovf=0
2026-08-01 05:24:28.058210 DBG,RX,t=369000,event=CRC,bytes=324918,parsed=6643,accepted=3986,len=248,crc=2284,field=125,dup=0,old=1,ovf=0
2026-08-01 05:24:28.385440 DBG,RX,t=369060,event=CRC,bytes=324968,parsed=6644,accepted=3986,len=248,crc=2285,field=125,dup=0,old=1,ovf=0
2026-08-01 05:24:28.387946 DBG,RX,t=369320,event=CRC,bytes=325215,parsed=6649,accepted=3990,len=248,crc=2286,field=125,dup=0,old=1,ovf=0
2026-08-01 05:24:28.749026 DBG,RX,t=369480,event=LENGTH,bytes=325363,parsed=6652,accepted=3992,len=249,crc=2286,field=125,dup=0,old=1,ovf=0
2026-08-01 05:24:28.751344 DBG,RX,t=369540,event=CRC,bytes=325413,parsed=6653,accepted=3992,len=249,crc=2287,field=125,dup=0,old=1,ovf=0
2026-08-01 05:24:28.752220 DBG,RX,t=369660,event=CRC,bytes=325515,parsed=6655,accepted=3993,len=249,crc=2288,field=125,dup=0,old=1,ovf=0
2026-08-01 05:24:29.105624 DBG,RX,t=369800,event=LENGTH,bytes=325664,parsed=6658,accepted=3995,len=250,crc=2288,field=125,dup=0,old=1,ovf=0
2026-08-01 05:24:29.106645 DBG,RX,t=369860,event=CRC,bytes=325714,parsed=6659,accepted=3995,len=250,crc=2289,field=125,dup=0,old=1,ovf=0
2026-08-01 05:24:29.107818 DBG,RX,t=369920,event=CRC,bytes=325764,parsed=6660,accepted=3995,len=250,crc=2290,field=125,dup=0,old=1,ovf=0
2026-08-01 05:24:29.108885 DBG,RX,t=369980,event=LENGTH,bytes=325814,parsed=6661,accepted=3995,len=251,crc=2290,field=125,dup=0,old=1,ovf=0
2026-08-01 05:24:29.108885 DBG,RX,t=370040,event=CRC,bytes=325864,parsed=6662,accepted=3995,len=251,crc=2291,field=125,dup=0,old=1,ovf=0
2026-08-01 05:24:29.514732 DBG,RX,t=370240,event=CRC,bytes=326061,parsed=6666,accepted=3998,len=251,crc=2292,field=125,dup=0,old=1,ovf=0
2026-08-01 05:24:29.514732 DBG,RX,t=370340,event=CRC,bytes=326160,parsed=6668,accepted=3999,len=251,crc=2293,field=125,dup=0,old=1,ovf=0
2026-08-01 05:24:29.842409 DBG,RX,t=370720,event=CRC,bytes=326504,parsed=6675,accepted=4005,len=251,crc=2294,field=125,dup=0,old=1,ovf=0
2026-08-01 05:24:30.204586 DBG,RX,t=370840,event=CRC,bytes=326604,parsed=6677,accepted=4006,len=251,crc=2295,field=125,dup=0,old=1,ovf=0
2026-08-01 05:24:30.206722 DBG,RX,t=371100,event=CRC,bytes=326850,parsed=6682,accepted=4010,len=251,crc=2296,field=125,dup=0,old=1,ovf=0
2026-08-01 05:24:30.550316 DBG,RX,t=371200,event=CRC,bytes=326949,parsed=6684,accepted=4011,len=251,crc=2297,field=125,dup=0,old=1,ovf=0
2026-08-01 05:24:30.551323 DBG,RX,t=371260,event=CRC,bytes=327000,parsed=6685,accepted=4011,len=251,crc=2298,field=125,dup=0,old=1,ovf=0
2026-08-01 05:24:30.936001 DBG,RX,t=371580,event=CRC,bytes=327295,parsed=6691,accepted=4016,len=251,crc=2299,field=125,dup=0,old=1,ovf=0
2026-08-01 05:24:30.937000 DBG,RX,t=371680,event=CRC,bytes=327394,parsed=6693,accepted=4017,len=251,crc=2300,field=125,dup=0,old=1,ovf=0
2026-08-01 05:24:30.938718 DBG,RX,t=371900,event=CRC,bytes=327591,parsed=6697,accepted=4020,len=251,crc=2301,field=125,dup=0,old=1,ovf=0
2026-08-01 05:24:31.287310 DBG,RX,t=372060,event=CRC,bytes=327739,parsed=6700,accepted=4022,len=251,crc=2302,field=125,dup=0,old=1,ovf=0
2026-08-01 05:24:31.644759 DBG,RX,t=372380,event=CRC,bytes=328036,parsed=6706,accepted=4027,len=251,crc=2303,field=125,dup=0,old=1,ovf=0
2026-08-01 05:24:31.646759 DBG,RX,t=372440,event=CRC,bytes=328087,parsed=6707,accepted=4027,len=251,crc=2304,field=125,dup=0,old=1,ovf=0
2026-08-01 05:24:31.648784 DBG,RX,t=372560,event=CRC,bytes=328186,parsed=6709,accepted=4028,len=251,crc=2305,field=125,dup=0,old=1,ovf=0
2026-08-01 05:24:31.650585 DBG,RX,t=372600,event=CRC,bytes=328239,parsed=6710,accepted=4028,len=251,crc=2306,field=125,dup=0,old=1,ovf=0
2026-08-01 05:24:31.990557 DBG,RX,t=372700,event=CRC,bytes=328339,parsed=6712,accepted=4029,len=251,crc=2307,field=125,dup=0,old=1,ovf=0
2026-08-01 05:24:31.992085 DBG,RX,t=372880,event=CRC,bytes=328488,parsed=6715,accepted=4031,len=251,crc=2308,field=125,dup=0,old=1,ovf=0
2026-08-01 05:24:32.361030 DBG,RX,t=373080,event=CRC,bytes=328685,parsed=6719,accepted=4034,len=251,crc=2309,field=125,dup=0,old=1,ovf=0
2026-08-01 05:24:32.686839 DBG,RX,t=373580,event=FIELD,bytes=328834,parsed=6722,accepted=4036,len=251,crc=2309,field=126,dup=0,old=1,ovf=0
2026-08-01 05:24:32.688046 DBG,RX,t=373640,event=CRC,bytes=328884,parsed=6723,accepted=4036,len=251,crc=2310,field=126,dup=0,old=1,ovf=0
2026-08-01 05:24:33.047562 DBG,RX,t=373740,event=CRC,bytes=328983,parsed=6725,accepted=4037,len=251,crc=2311,field=126,dup=0,old=1,ovf=0
2026-08-01 05:24:33.048562 DBG,RX,t=373900,event=CRC,bytes=329132,parsed=6728,accepted=4039,len=251,crc=2312,field=126,dup=0,old=1,ovf=0
2026-08-01 05:24:33.049554 DBG,RX,t=373960,event=CRC,bytes=329182,parsed=6729,accepted=4039,len=251,crc=2313,field=126,dup=0,old=1,ovf=0
2026-08-01 05:24:33.378118 DBG,RX,t=374280,event=CRC,bytes=329477,parsed=6735,accepted=4044,len=251,crc=2314,field=126,dup=0,old=1,ovf=0
2026-08-01 05:24:33.379025 DBG,RX,t=374380,event=CRC,bytes=329576,parsed=6737,accepted=4045,len=251,crc=2315,field=126,dup=0,old=1,ovf=0
2026-08-01 05:24:33.766970 DBG,RX,t=374500,event=CRC,bytes=329675,parsed=6739,accepted=4046,len=251,crc=2316,field=126,dup=0,old=1,ovf=0
2026-08-01 05:24:34.158905 DBG,RX,t=375060,event=CRC,bytes=329823,parsed=6742,accepted=4048,len=251,crc=2317,field=126,dup=0,old=1,ovf=0
2026-08-01 05:24:34.160431 DBG,RX,t=375120,event=CRC,bytes=329873,parsed=6743,accepted=4048,len=251,crc=2318,field=126,dup=0,old=1,ovf=0
2026-08-01 05:24:34.529187 DBG,RX,t=375240,event=CRC,bytes=329973,parsed=6745,accepted=4049,len=251,crc=2319,field=126,dup=0,old=1,ovf=0
2026-08-01 05:24:34.529187 DBG,RX,t=375280,event=CRC,bytes=330023,parsed=6746,accepted=4049,len=251,crc=2320,field=126,dup=0,old=1,ovf=0
2026-08-01 05:24:34.530694 DBG,RX,t=375340,event=CRC,bytes=330073,parsed=6747,accepted=4049,len=251,crc=2321,field=126,dup=0,old=1,ovf=0
2026-08-01 05:24:34.531706 DBG,RX,t=375380,event=LENGTH,bytes=330124,parsed=6748,accepted=4049,len=252,crc=2321,field=126,dup=0,old=1,ovf=0
2026-08-01 05:24:34.532706 DBG,RX,t=375440,event=CRC,bytes=330174,parsed=6749,accepted=4049,len=252,crc=2322,field=126,dup=0,old=1,ovf=0
2026-08-01 05:24:34.534220 DBG,RX,t=375540,event=CRC,bytes=330273,parsed=6751,accepted=4050,len=252,crc=2323,field=126,dup=0,old=1,ovf=0
2026-08-01 05:24:34.899651 DBG,RX,t=375700,event=LENGTH,bytes=330424,parsed=6754,accepted=4052,len=253,crc=2323,field=126,dup=0,old=1,ovf=0
2026-08-01 05:24:34.900177 DBG,RX,t=375860,event=LENGTH,bytes=330573,parsed=6757,accepted=4054,len=254,crc=2323,field=126,dup=0,old=1,ovf=0
2026-08-01 05:24:35.274716 DBG,RX,t=375980,event=FIELD,bytes=330672,parsed=6759,accepted=4055,len=254,crc=2323,field=127,dup=0,old=1,ovf=0
2026-08-01 05:24:35.275728 DBG,RX,t=376080,event=CRC,bytes=330771,parsed=6761,accepted=4056,len=254,crc=2324,field=127,dup=0,old=1,ovf=0
2026-08-01 05:24:35.277009 DBG,RX,t=376180,event=CRC,bytes=330870,parsed=6763,accepted=4057,len=254,crc=2325,field=127,dup=0,old=1,ovf=0
2026-08-01 05:24:35.632837 DBG,RX,t=376340,event=CRC,bytes=331019,parsed=6766,accepted=4059,len=254,crc=2326,field=127,dup=0,old=1,ovf=0
2026-08-01 05:24:35.634846 DBG,RX,t=376460,event=CRC,bytes=331118,parsed=6768,accepted=4060,len=254,crc=2327,field=127,dup=0,old=1,ovf=0
2026-08-01 05:24:35.634846 DBG,RX,t=376500,event=CRC,bytes=331168,parsed=6769,accepted=4060,len=254,crc=2328,field=127,dup=0,old=1,ovf=0
2026-08-01 05:24:35.637154 DBG,RX,t=376620,event=CRC,bytes=331267,parsed=6771,accepted=4061,len=254,crc=2329,field=127,dup=0,old=1,ovf=0
2026-08-01 05:24:35.638153 DBG,RX,t=376660,event=CRC,bytes=331317,parsed=6772,accepted=4061,len=254,crc=2330,field=127,dup=0,old=1,ovf=0
2026-08-01 05:24:35.990763 DBG,RX,t=376780,event=CRC,bytes=331416,parsed=6774,accepted=4062,len=254,crc=2331,field=127,dup=0,old=1,ovf=0
2026-08-01 05:24:35.991340 DBG,RX,t=376940,event=CRC,bytes=331564,parsed=6777,accepted=4064,len=254,crc=2332,field=127,dup=0,old=1,ovf=0
2026-08-01 05:24:35.992353 DBG,RX,t=376980,event=CRC,bytes=331615,parsed=6778,accepted=4064,len=254,crc=2333,field=127,dup=0,old=1,ovf=0
2026-08-01 05:24:36.324006 DBG,RX,t=377100,event=CRC,bytes=331714,parsed=6780,accepted=4065,len=254,crc=2334,field=127,dup=0,old=1,ovf=0
2026-08-01 05:24:36.324821 DBG,RX,t=377200,event=CRC,bytes=331813,parsed=6782,accepted=4066,len=254,crc=2335,field=127,dup=0,old=1,ovf=0
2026-08-01 05:24:36.720290 DBG,RX,t=377420,event=CRC,bytes=332012,parsed=6786,accepted=4069,len=254,crc=2336,field=127,dup=0,old=1,ovf=0
2026-08-01 05:24:36.723190 DBG,RX,t=377680,event=CRC,bytes=332258,parsed=6791,accepted=4073,len=254,crc=2337,field=127,dup=0,old=1,ovf=0
2026-08-01 05:24:37.066836 DBG,RX,t=378000,event=LENGTH,bytes=332555,parsed=6797,accepted=4078,len=255,crc=2337,field=127,dup=0,old=1,ovf=0
2026-08-01 05:24:37.405599 DBG,RX,t=378280,event=CRC,bytes=332801,parsed=6802,accepted=4082,len=255,crc=2338,field=127,dup=0,old=1,ovf=0
2026-08-01 05:24:37.742699 DBG,RX,t=378600,event=CRC,bytes=333096,parsed=6808,accepted=4087,len=255,crc=2339,field=127,dup=0,old=1,ovf=0
2026-08-01 05:24:37.742699 DBG,RX,t=378700,event=CRC,bytes=333198,parsed=6810,accepted=4088,len=255,crc=2340,field=127,dup=0,old=1,ovf=0
2026-08-01 05:24:38.125553 DBG,RX,t=378820,event=CRC,bytes=333297,parsed=6812,accepted=4089,len=255,crc=2341,field=127,dup=0,old=1,ovf=0
2026-08-01 05:24:38.126555 DBG,RX,t=378860,event=CRC,bytes=333348,parsed=6813,accepted=4089,len=255,crc=2342,field=127,dup=0,old=1,ovf=0
2026-08-01 05:24:38.127996 DBG,RX,t=378980,event=CRC,bytes=333448,parsed=6815,accepted=4090,len=255,crc=2343,field=127,dup=0,old=1,ovf=0
2026-08-01 05:24:38.129027 DBG,RX,t=379020,event=LENGTH,bytes=333501,parsed=6816,accepted=4090,len=256,crc=2343,field=127,dup=0,old=1,ovf=0
2026-08-01 05:24:38.129027 DBG,RX,t=379120,event=CRC,bytes=333601,parsed=6818,accepted=4091,len=256,crc=2344,field=127,dup=0,old=1,ovf=0
2026-08-01 05:24:38.463313 DBG,RX,t=379340,event=CRC,bytes=333800,parsed=6822,accepted=4094,len=256,crc=2345,field=127,dup=0,old=1,ovf=0
2026-08-01 05:24:38.464316 DBG,RX,t=379400,event=CRC,bytes=333850,parsed=6823,accepted=4094,len=256,crc=2346,field=127,dup=0,old=1,ovf=0
2026-08-01 05:24:38.465319 DBG,RX,t=379460,event=CRC,bytes=333900,parsed=6824,accepted=4094,len=256,crc=2347,field=127,dup=0,old=1,ovf=0
2026-08-01 05:24:38.465827 DBG,RX,t=379500,event=CRC,bytes=333951,parsed=6825,accepted=4094,len=256,crc=2348,field=127,dup=0,old=1,ovf=0
2026-08-01 05:24:38.798106 DBG,RX,t=379620,event=CRC,bytes=334050,parsed=6827,accepted=4095,len=256,crc=2349,field=127,dup=0,old=1,ovf=0
2026-08-01 05:24:38.798106 DBG,RX,t=379660,event=CRC,bytes=334100,parsed=6828,accepted=4095,len=256,crc=2350,field=127,dup=0,old=1,ovf=0
2026-08-01 05:24:38.800105 DBG,RX,t=379720,event=CRC,bytes=334150,parsed=6829,accepted=4095,len=256,crc=2351,field=127,dup=0,old=1,ovf=0
2026-08-01 05:24:39.129033 DBG,RX,t=379940,event=CRC,bytes=334348,parsed=6833,accepted=4098,len=256,crc=2352,field=127,dup=0,old=1,ovf=0
2026-08-01 05:24:39.129033 DBG,RX,t=379980,event=CRC,bytes=334398,parsed=6834,accepted=4098,len=256,crc=2353,field=127,dup=0,old=1,ovf=0
2026-08-01 05:24:39.130738 DBG,RX,t=380080,event=CRC,bytes=334498,parsed=6836,accepted=4099,len=256,crc=2354,field=127,dup=0,old=1,ovf=0
2026-08-01 05:24:39.131748 DBG,RX,t=380140,event=CRC,bytes=334548,parsed=6837,accepted=4099,len=256,crc=2355,field=127,dup=0,old=1,ovf=0
2026-08-01 05:24:39.475645 DBG,RX,t=380240,event=CRC,bytes=334648,parsed=6839,accepted=4100,len=256,crc=2356,field=127,dup=0,old=1,ovf=0
2026-08-01 05:24:39.477630 DBG,RX,t=380360,event=CRC,bytes=334747,parsed=6841,accepted=4101,len=256,crc=2357,field=127,dup=0,old=1,ovf=0
2026-08-01 05:24:39.477630 DBG,RX,t=380420,event=LENGTH,bytes=334797,parsed=6842,accepted=4101,len=257,crc=2357,field=127,dup=0,old=1,ovf=0
2026-08-01 05:24:39.478631 DBG,RX,t=380520,event=CRC,bytes=334898,parsed=6844,accepted=4102,len=257,crc=2358,field=127,dup=0,old=1,ovf=0
2026-08-01 05:24:39.849235 DBG,RX,t=380580,event=CRC,bytes=334948,parsed=6845,accepted=4102,len=257,crc=2359,field=127,dup=0,old=1,ovf=0
2026-08-01 05:24:39.850237 DBG,RX,t=380640,event=CRC,bytes=334998,parsed=6846,accepted=4102,len=257,crc=2360,field=127,dup=0,old=1,ovf=0
2026-08-01 05:24:39.850237 DBG,RX,t=380680,event=CRC,bytes=335049,parsed=6847,accepted=4102,len=257,crc=2361,field=127,dup=0,old=1,ovf=0
2026-08-01 05:24:40.210431 DBG,RX,t=380960,event=CRC,bytes=335295,parsed=6852,accepted=4106,len=257,crc=2362,field=127,dup=0,old=1,ovf=0
2026-08-01 05:24:40.211450 DBG,RX,t=381160,event=CRC,bytes=335493,parsed=6856,accepted=4109,len=257,crc=2363,field=127,dup=0,old=1,ovf=0
2026-08-01 05:24:40.212457 DBG,RX,t=381220,event=CRC,bytes=335543,parsed=6857,accepted=4109,len=257,crc=2364,field=127,dup=0,old=1,ovf=0
2026-08-01 05:24:40.213461 DBG,RX,t=381280,event=CRC,bytes=335593,parsed=6858,accepted=4109,len=257,crc=2365,field=127,dup=0,old=1,ovf=0
2026-08-01 05:24:40.520268 DBG,RX,t=381380,event=CRC,bytes=335692,parsed=6860,accepted=4110,len=257,crc=2366,field=127,dup=0,old=1,ovf=0
2026-08-01 05:24:40.524951 DBG,RX,t=381480,event=CRC,bytes=335791,parsed=6862,accepted=4111,len=257,crc=2367,field=127,dup=0,old=1,ovf=0
2026-08-01 05:24:40.873379 DBG,RX,t=381700,event=LENGTH,bytes=335990,parsed=6866,accepted=4114,len=258,crc=2367,field=127,dup=0,old=1,ovf=0
2026-08-01 05:24:40.874884 DBG,RX,t=381760,event=LENGTH,bytes=336040,parsed=6867,accepted=4114,len=259,crc=2367,field=127,dup=0,old=1,ovf=0
2026-08-01 05:24:40.874884 DBG,RX,t=381800,event=CRC,bytes=336091,parsed=6868,accepted=4114,len=259,crc=2368,field=127,dup=0,old=1,ovf=0
2026-08-01 05:24:40.876104 DBG,RX,t=381860,event=CRC,bytes=336142,parsed=6869,accepted=4114,len=259,crc=2369,field=127,dup=0,old=1,ovf=0
2026-08-01 05:24:40.877967 DBG,RX,t=381960,event=CRC,bytes=336242,parsed=6871,accepted=4115,len=259,crc=2370,field=127,dup=0,old=1,ovf=0
2026-08-01 05:24:41.242331 DBG,RX,t=382120,event=CRC,bytes=336390,parsed=6874,accepted=4117,len=259,crc=2371,field=127,dup=0,old=1,ovf=0
2026-08-01 05:24:41.242331 DBG,RX,t=382240,event=CRC,bytes=336489,parsed=6876,accepted=4118,len=259,crc=2372,field=127,dup=0,old=1,ovf=0
2026-08-01 05:24:41.242331 DBG,RX,t=382280,event=CRC,bytes=336540,parsed=6877,accepted=4118,len=259,crc=2373,field=127,dup=0,old=1,ovf=0
2026-08-01 05:24:41.245390 DBG,RX,t=382340,event=CRC,bytes=336590,parsed=6878,accepted=4118,len=259,crc=2374,field=127,dup=0,old=1,ovf=0
2026-08-01 05:24:41.588616 DBG,RX,t=382500,event=CRC,bytes=336739,parsed=6881,accepted=4120,len=259,crc=2375,field=127,dup=0,old=1,ovf=0
2026-08-01 05:24:41.590333 DBG,RX,t=382600,event=CRC,bytes=336838,parsed=6883,accepted=4121,len=259,crc=2376,field=127,dup=0,old=1,ovf=0
2026-08-01 05:24:41.930505 DBG,RX,t=382760,event=CRC,bytes=336986,parsed=6886,accepted=4123,len=259,crc=2377,field=127,dup=0,old=1,ovf=0
2026-08-01 05:24:41.931010 DBG,RX,t=382880,event=CRC,bytes=337085,parsed=6888,accepted=4124,len=259,crc=2378,field=127,dup=0,old=1,ovf=0
2026-08-01 05:24:41.932519 DBG,RX,t=382920,event=FIELD,bytes=337135,parsed=6889,accepted=4124,len=259,crc=2378,field=128,dup=0,old=1,ovf=0
2026-08-01 05:24:41.933565 DBG,RX,t=383040,event=CRC,bytes=337234,parsed=6891,accepted=4125,len=259,crc=2379,field=128,dup=0,old=1,ovf=0
2026-08-01 05:24:42.290357 DBG,RX,t=383080,event=FIELD,bytes=337285,parsed=6892,accepted=4125,len=259,crc=2379,field=129,dup=0,old=1,ovf=0
2026-08-01 05:24:42.292863 DBG,RX,t=383240,event=CRC,bytes=337434,parsed=6895,accepted=4127,len=259,crc=2380,field=129,dup=0,old=1,ovf=0
2026-08-01 05:24:42.294154 DBG,RX,t=383400,event=CRC,bytes=337582,parsed=6898,accepted=4129,len=259,crc=2381,field=129,dup=0,old=1,ovf=0
2026-08-01 05:24:42.716324 DBG,RX,t=383520,event=CRC,bytes=337681,parsed=6900,accepted=4130,len=259,crc=2382,field=129,dup=0,old=1,ovf=0
2026-08-01 05:24:42.718782 DBG,RX,t=383580,event=CRC,bytes=337731,parsed=6901,accepted=4130,len=259,crc=2383,field=129,dup=0,old=1,ovf=0
2026-08-01 05:24:42.718782 DBG,RX,t=383700,event=CRC,bytes=337830,parsed=6903,accepted=4131,len=259,crc=2384,field=129,dup=0,old=1,ovf=0
2026-08-01 05:24:42.720110 DBG,RX,t=383740,event=LENGTH,bytes=337880,parsed=6904,accepted=4131,len=260,crc=2384,field=129,dup=0,old=1,ovf=0
2026-08-01 05:24:43.116501 DBG,RX,t=383900,event=CRC,bytes=338028,parsed=6907,accepted=4133,len=260,crc=2385,field=129,dup=0,old=1,ovf=0
2026-08-01 05:24:43.117516 DBG,RX,t=384000,event=CRC,bytes=338128,parsed=6909,accepted=4134,len=260,crc=2386,field=129,dup=0,old=1,ovf=0
2026-08-01 05:24:43.471459 DBG,RX,t=384260,event=LENGTH,bytes=338377,parsed=6914,accepted=4138,len=261,crc=2386,field=129,dup=0,old=1,ovf=0
2026-08-01 05:24:43.472460 DBG,RX,t=384420,event=CRC,bytes=338526,parsed=6917,accepted=4140,len=261,crc=2387,field=129,dup=0,old=1,ovf=0
2026-08-01 05:24:43.472460 DBG,RX,t=384480,event=CRC,bytes=338576,parsed=6918,accepted=4140,len=261,crc=2388,field=129,dup=0,old=1,ovf=0
2026-08-01 05:24:43.864525 DBG,RX,t=384640,event=CRC,bytes=338724,parsed=6921,accepted=4142,len=261,crc=2389,field=129,dup=0,old=1,ovf=0
2026-08-01 05:24:43.866035 DBG,RX,t=384900,event=CRC,bytes=338970,parsed=6926,accepted=4146,len=261,crc=2390,field=129,dup=0,old=1,ovf=0
2026-08-01 05:24:44.172860 DBG,RX,t=385060,event=CRC,bytes=339118,parsed=6929,accepted=4148,len=261,crc=2391,field=129,dup=0,old=1,ovf=0
2026-08-01 05:24:44.413319 DBG,RX,t=385540,event=CRC,bytes=339562,parsed=6938,accepted=4156,len=261,crc=2392,field=129,dup=0,old=1,ovf=0
2026-08-01 05:24:44.944332 DBG,RX,t=385860,event=CRC,bytes=339857,parsed=6944,accepted=4161,len=261,crc=2393,field=129,dup=0,old=1,ovf=0
2026-08-01 05:24:44.945334 DBG,RX,t=385960,event=CRC,bytes=339958,parsed=6946,accepted=4162,len=261,crc=2394,field=129,dup=0,old=1,ovf=0
2026-08-01 05:24:45.232299 DBG,RX,t=386140,event=CRC,bytes=340106,parsed=6949,accepted=4164,len=261,crc=2395,field=129,dup=0,old=1,ovf=0
2026-08-01 05:24:45.232810 DBG,RX,t=386240,event=LENGTH,bytes=340205,parsed=6951,accepted=4165,len=262,crc=2395,field=129,dup=0,old=1,ovf=0
2026-08-01 05:24:45.233821 DBG,RX,t=386280,event=LENGTH,bytes=340255,parsed=6952,accepted=4165,len=263,crc=2395,field=129,dup=0,old=1,ovf=0
2026-08-01 05:24:45.234823 DBG,RX,t=386340,event=FIELD,bytes=340305,parsed=6953,accepted=4165,len=263,crc=2395,field=130,dup=0,old=1,ovf=0
2026-08-01 05:24:45.524340 DBG,RX,t=386620,event=CRC,bytes=340551,parsed=6958,accepted=4169,len=263,crc=2396,field=130,dup=0,old=1,ovf=0
2026-08-01 05:24:45.524340 DBG,RX,t=386660,event=CRC,bytes=340602,parsed=6959,accepted=4169,len=263,crc=2397,field=130,dup=0,old=1,ovf=0
2026-08-01 05:24:45.797759 DBG,RX,t=386780,event=CRC,bytes=340701,parsed=6961,accepted=4170,len=263,crc=2398,field=130,dup=0,old=1,ovf=0
2026-08-01 05:24:45.798764 DBG,RX,t=386900,event=CRC,bytes=340801,parsed=6963,accepted=4171,len=263,crc=2399,field=130,dup=0,old=1,ovf=0
2026-08-01 05:24:46.060345 DBG,RX,t=387040,event=CRC,bytes=340952,parsed=6966,accepted=4173,len=263,crc=2400,field=130,dup=0,old=1,ovf=0
2026-08-01 05:24:46.060345 DBG,RX,t=387100,event=LENGTH,bytes=341002,parsed=6967,accepted=4173,len=264,crc=2400,field=130,dup=0,old=1,ovf=0
2026-08-01 05:24:46.061359 DBG,RX,t=387160,event=CRC,bytes=341053,parsed=6968,accepted=4173,len=264,crc=2401,field=130,dup=0,old=1,ovf=0
2026-08-01 05:24:46.062514 DBG,RX,t=387200,event=CRC,bytes=341103,parsed=6969,accepted=4173,len=264,crc=2402,field=130,dup=0,old=1,ovf=0
2026-08-01 05:24:46.322268 DBG,RX,t=387420,event=CRC,bytes=341300,parsed=6973,accepted=4176,len=264,crc=2403,field=130,dup=0,old=1,ovf=0
2026-08-01 05:24:46.322268 DBG,RX,t=387480,event=CRC,bytes=341350,parsed=6974,accepted=4176,len=264,crc=2404,field=130,dup=0,old=1,ovf=0
2026-08-01 05:24:46.572036 DBG,RX,t=387520,event=FIELD,bytes=341401,parsed=6975,accepted=4176,len=264,crc=2404,field=131,dup=0,old=1,ovf=0
2026-08-01 05:24:46.573335 DBG,RX,t=387580,event=CRC,bytes=341451,parsed=6976,accepted=4176,len=264,crc=2405,field=131,dup=0,old=1,ovf=0
2026-08-01 05:24:46.574347 DBG,RX,t=387680,event=FIELD,bytes=341552,parsed=6978,accepted=4177,len=264,crc=2405,field=132,dup=0,old=1,ovf=0
2026-08-01 05:24:46.835823 DBG,RX,t=387900,event=FIELD,bytes=341753,parsed=6982,accepted=4180,len=264,crc=2405,field=133,dup=0,old=1,ovf=0
2026-08-01 05:24:46.836824 DBG,RX,t=387960,event=CRC,bytes=341803,parsed=6983,accepted=4180,len=264,crc=2406,field=133,dup=0,old=1,ovf=0
2026-08-01 05:24:46.837821 DBG,RX,t=388000,event=CRC,bytes=341853,parsed=6984,accepted=4180,len=264,crc=2407,field=133,dup=0,old=1,ovf=0
2026-08-01 05:24:47.364242 DBG,RX,t=388320,event=CRC,bytes=342148,parsed=6990,accepted=4185,len=264,crc=2408,field=133,dup=0,old=1,ovf=0
2026-08-01 05:24:47.366256 DBG,RX,t=388480,event=CRC,bytes=342296,parsed=6993,accepted=4187,len=264,crc=2409,field=133,dup=0,old=1,ovf=0
2026-08-01 05:24:47.652734 DBG,RX,t=388700,event=CRC,bytes=342493,parsed=6997,accepted=4190,len=264,crc=2410,field=133,dup=0,old=1,ovf=0
2026-08-01 05:24:47.653841 DBG,RX,t=388740,event=CRC,bytes=342544,parsed=6998,accepted=4190,len=264,crc=2411,field=133,dup=0,old=1,ovf=0
2026-08-01 05:24:47.653841 DBG,RX,t=388800,event=CRC,bytes=342596,parsed=6999,accepted=4190,len=264,crc=2412,field=133,dup=0,old=1,ovf=0
2026-08-01 05:24:47.885280 DBG,RX,t=388860,event=CRC,bytes=342646,parsed=7000,accepted=4190,len=264,crc=2413,field=133,dup=0,old=1,ovf=0
2026-08-01 05:24:47.885839 DBG,RX,t=388920,event=CRC,bytes=342696,parsed=7001,accepted=4190,len=264,crc=2414,field=133,dup=0,old=1,ovf=0
2026-08-01 05:24:47.886393 DBG,RX,t=389020,event=CRC,bytes=342795,parsed=7003,accepted=4191,len=264,crc=2415,field=133,dup=0,old=1,ovf=0
2026-08-01 05:24:49.676471 DBG,RX,t=389180,event=CRC,bytes=342944,parsed=7006,accepted=4193,len=264,crc=2416,field=133,dup=0,old=1,ovf=0
2026-08-01 05:24:49.680159 DBG,RX,t=389300,event=CRC,bytes=343043,parsed=7008,accepted=4194,len=264,crc=2417,field=133,dup=0,old=1,ovf=0
2026-08-01 05:24:49.680691 DBG,RX,t=389500,event=CRC,bytes=343241,parsed=7012,accepted=4197,len=264,crc=2418,field=133,dup=0,old=1,ovf=0
2026-08-01 05:24:49.681719 DBG,RX,t=389560,event=CRC,bytes=343291,parsed=7013,accepted=4197,len=264,crc=2419,field=133,dup=0,old=1,ovf=0
2026-08-01 05:24:49.683196 DBG,RX,t=389600,event=CRC,bytes=343341,parsed=7014,accepted=4197,len=264,crc=2420,field=133,dup=0,old=1,ovf=0
2026-08-01 05:24:49.683196 DBG,RX,t=389820,event=CRC,bytes=343538,parsed=7018,accepted=4200,len=264,crc=2421,field=133,dup=0,old=1,ovf=0
2026-08-01 05:24:49.684229 DBG,RX,t=389940,event=CRC,bytes=343637,parsed=7020,accepted=4201,len=264,crc=2422,field=133,dup=0,old=1,ovf=0
2026-08-01 05:24:49.685208 DBG,RX,t=390100,event=CRC,bytes=343786,parsed=7023,accepted=4203,len=264,crc=2423,field=133,dup=0,old=1,ovf=0
2026-08-01 05:24:49.686209 DBG,RX,t=390160,event=CRC,bytes=343836,parsed=7024,accepted=4203,len=264,crc=2424,field=133,dup=0,old=1,ovf=0
2026-08-01 05:24:49.686209 DBG,RX,t=390200,event=CRC,bytes=343886,parsed=7025,accepted=4203,len=264,crc=2425,field=133,dup=0,old=1,ovf=0
2026-08-01 05:24:49.687208 DBG,RX,t=390460,event=CRC,bytes=344134,parsed=7030,accepted=4207,len=264,crc=2426,field=133,dup=0,old=1,ovf=0
2026-08-01 05:24:49.688209 DBG,RX,t=390620,event=CRC,bytes=344282,parsed=7033,accepted=4209,len=264,crc=2427,field=133,dup=0,old=1,ovf=0
2026-08-01 05:24:49.689209 DBG,RX,t=390780,event=CRC,bytes=344431,parsed=7036,accepted=4211,len=264,crc=2428,field=133,dup=0,old=1,ovf=0
2026-08-01 05:24:49.690224 DBG,RX,t=390840,event=CRC,bytes=344481,parsed=7037,accepted=4211,len=264,crc=2429,field=133,dup=0,old=1,ovf=0
2026-08-01 05:24:49.978429 DBG,RX,t=390940,event=FIELD,bytes=344581,parsed=7039,accepted=4212,len=264,crc=2429,field=134,dup=0,old=1,ovf=0
2026-08-01 05:24:49.979940 DBG,RX,t=391160,event=LENGTH,bytes=344779,parsed=7043,accepted=4215,len=265,crc=2429,field=134,dup=0,old=1,ovf=0
2026-08-01 05:24:50.196695 DBG,RX,t=391280,event=CRC,bytes=344878,parsed=7045,accepted=4216,len=265,crc=2430,field=134,dup=0,old=1,ovf=0
2026-08-01 05:24:50.197707 DBG,RX,t=391420,event=CRC,bytes=345026,parsed=7048,accepted=4218,len=265,crc=2431,field=134,dup=0,old=1,ovf=0
2026-08-01 05:24:50.457743 DBG,RX,t=391580,event=CRC,bytes=345174,parsed=7051,accepted=4220,len=265,crc=2432,field=134,dup=0,old=1,ovf=0
2026-08-01 05:24:50.459084 DBG,RX,t=391640,event=CRC,bytes=345224,parsed=7052,accepted=4220,len=265,crc=2433,field=134,dup=0,old=1,ovf=0
2026-08-01 05:24:50.702186 DBG,RX,t=391740,event=CRC,bytes=345324,parsed=7054,accepted=4221,len=265,crc=2434,field=134,dup=0,old=1,ovf=0
2026-08-01 05:24:50.703192 DBG,RX,t=391860,event=CRC,bytes=345424,parsed=7056,accepted=4222,len=265,crc=2435,field=134,dup=0,old=1,ovf=0
2026-08-01 05:24:50.952408 DBG,RX,t=392060,event=CRC,bytes=345621,parsed=7060,accepted=4225,len=265,crc=2436,field=134,dup=0,old=1,ovf=0
2026-08-01 05:24:50.953868 DBG,RX,t=392180,event=CRC,bytes=345721,parsed=7062,accepted=4226,len=265,crc=2437,field=134,dup=0,old=1,ovf=0
2026-08-01 05:24:51.213288 DBG,RX,t=392220,event=CRC,bytes=345771,parsed=7063,accepted=4226,len=265,crc=2438,field=134,dup=0,old=1,ovf=0
2026-08-01 05:24:51.214283 DBG,RX,t=392380,event=LENGTH,bytes=345921,parsed=7066,accepted=4228,len=266,crc=2438,field=134,dup=0,old=1,ovf=0
2026-08-01 05:24:51.570587 DBG,RX,t=392500,event=CRC,bytes=346021,parsed=7068,accepted=4229,len=266,crc=2439,field=134,dup=0,old=1,ovf=0
2026-08-01 05:24:51.572096 DBG,RX,t=392540,event=CRC,bytes=346073,parsed=7069,accepted=4229,len=266,crc=2440,field=134,dup=0,old=1,ovf=0
2026-08-01 05:24:51.573710 DBG,RX,t=392800,event=CRC,bytes=346319,parsed=7074,accepted=4233,len=266,crc=2441,field=134,dup=0,old=1,ovf=0
2026-08-01 05:24:52.022051 DBG,RX,t=393200,event=FIELD,bytes=346666,parsed=7081,accepted=4239,len=266,crc=2441,field=135,dup=0,old=1,ovf=0
2026-08-01 05:24:52.436857 DBG,RX,t=393560,event=CRC,bytes=347011,parsed=7088,accepted=4245,len=266,crc=2442,field=135,dup=0,old=1,ovf=0
2026-08-01 05:24:52.437856 DBG,RX,t=393620,event=CRC,bytes=347061,parsed=7089,accepted=4245,len=266,crc=2443,field=135,dup=0,old=1,ovf=0
2026-08-01 05:24:52.811873 DBG,RX,t=393720,event=CRC,bytes=347161,parsed=7091,accepted=4246,len=266,crc=2444,field=135,dup=0,old=1,ovf=0
2026-08-01 05:24:52.812866 DBG,RX,t=393880,event=CRC,bytes=347309,parsed=7094,accepted=4248,len=266,crc=2445,field=135,dup=0,old=1,ovf=0
2026-08-01 05:24:52.813873 DBG,RX,t=394040,event=CRC,bytes=347458,parsed=7097,accepted=4250,len=266,crc=2446,field=135,dup=0,old=1,ovf=0
2026-08-01 05:24:53.186996 DBG,RX,t=394280,event=CRC,bytes=347655,parsed=7101,accepted=4253,len=266,crc=2447,field=135,dup=0,old=1,ovf=0
2026-08-01 05:24:53.188009 DBG,RX,t=394420,event=CRC,bytes=347804,parsed=7104,accepted=4255,len=266,crc=2448,field=135,dup=0,old=1,ovf=0
2026-08-01 05:24:53.560331 DBG,RX,t=394480,event=CRC,bytes=347855,parsed=7105,accepted=4255,len=266,crc=2449,field=135,dup=0,old=1,ovf=0
2026-08-01 05:24:53.561958 DBG,RX,t=394540,event=CRC,bytes=347905,parsed=7106,accepted=4255,len=266,crc=2450,field=135,dup=0,old=1,ovf=0
2026-08-01 05:24:53.562585 DBG,RX,t=394580,event=CRC,bytes=347955,parsed=7107,accepted=4255,len=266,crc=2451,field=135,dup=0,old=1,ovf=0
2026-08-01 05:24:53.563600 DBG,RX,t=394640,event=CRC,bytes=348005,parsed=7108,accepted=4255,len=266,crc=2452,field=135,dup=0,old=1,ovf=0
2026-08-01 05:24:53.564601 DBG,RX,t=394740,event=CRC,bytes=348104,parsed=7110,accepted=4256,len=266,crc=2453,field=135,dup=0,old=1,ovf=0
2026-08-01 05:24:53.964983 DBG,RX,t=394900,event=CRC,bytes=348252,parsed=7113,accepted=4258,len=266,crc=2454,field=135,dup=0,old=1,ovf=0
2026-08-01 05:24:53.966153 DBG,RX,t=394960,event=CRC,bytes=348302,parsed=7114,accepted=4258,len=266,crc=2455,field=135,dup=0,old=1,ovf=0
2026-08-01 05:24:53.967666 DBG,RX,t=395060,event=LENGTH,bytes=348404,parsed=7116,accepted=4259,len=267,crc=2455,field=135,dup=0,old=1,ovf=0
2026-08-01 05:24:53.968509 DBG,RX,t=395180,event=CRC,bytes=348503,parsed=7118,accepted=4260,len=267,crc=2456,field=135,dup=0,old=1,ovf=0
2026-08-01 05:24:53.970163 DBG,RX,t=395220,event=CRC,bytes=348554,parsed=7119,accepted=4260,len=267,crc=2457,field=135,dup=0,old=1,ovf=0
2026-08-01 05:24:54.343513 DBG,RX,t=395280,event=CRC,bytes=348605,parsed=7120,accepted=4260,len=267,crc=2458,field=135,dup=0,old=1,ovf=0
2026-08-01 05:24:54.344976 DBG,RX,t=395380,event=CRC,bytes=348704,parsed=7122,accepted=4261,len=267,crc=2459,field=135,dup=0,old=1,ovf=0
2026-08-01 05:24:54.346132 DBG,RX,t=395440,event=CRC,bytes=348754,parsed=7123,accepted=4261,len=267,crc=2460,field=135,dup=0,old=1,ovf=0
2026-08-01 05:24:54.346132 DBG,RX,t=395500,event=CRC,bytes=348804,parsed=7124,accepted=4261,len=267,crc=2461,field=135,dup=0,old=1,ovf=0
2026-08-01 05:24:54.347917 DBG,RX,t=395540,event=CRC,bytes=348854,parsed=7125,accepted=4261,len=267,crc=2462,field=135,dup=0,old=1,ovf=0
2026-08-01 05:24:54.753512 DBG,RX,t=395800,event=CRC,bytes=349100,parsed=7130,accepted=4265,len=267,crc=2463,field=135,dup=0,old=1,ovf=0
2026-08-01 05:24:54.755632 DBG,RX,t=395860,event=FIELD,bytes=349151,parsed=7131,accepted=4265,len=267,crc=2463,field=136,dup=0,old=1,ovf=0
2026-08-01 05:24:54.756585 DBG,RX,t=395960,event=LENGTH,bytes=349250,parsed=7133,accepted=4266,len=268,crc=2463,field=136,dup=0,old=1,ovf=0
2026-08-01 05:24:55.115343 DBG,RX,t=396280,event=CRC,bytes=349545,parsed=7139,accepted=4271,len=268,crc=2464,field=136,dup=0,old=1,ovf=0
2026-08-01 05:24:55.116869 DBG,RX,t=396360,event=CRC,bytes=349595,parsed=7140,accepted=4271,len=268,crc=2465,field=136,dup=0,old=1,ovf=0
2026-08-01 05:24:55.493947 DBG,RX,t=396400,event=LENGTH,bytes=349648,parsed=7141,accepted=4271,len=269,crc=2465,field=136,dup=0,old=1,ovf=0
2026-08-01 05:24:55.495456 DBG,RX,t=396560,event=CRC,bytes=349796,parsed=7144,accepted=4273,len=269,crc=2466,field=136,dup=0,old=1,ovf=0
2026-08-01 05:24:55.496464 DBG,RX,t=396680,event=CRC,bytes=349895,parsed=7146,accepted=4274,len=269,crc=2467,field=136,dup=0,old=1,ovf=0
2026-08-01 05:24:55.497990 DBG,RX,t=396720,event=CRC,bytes=349946,parsed=7147,accepted=4274,len=269,crc=2468,field=136,dup=0,old=1,ovf=0
2026-08-01 05:24:55.903670 DBG,RX,t=396840,event=CRC,bytes=350045,parsed=7149,accepted=4275,len=269,crc=2469,field=136,dup=0,old=1,ovf=0
2026-08-01 05:24:55.904989 DBG,RX,t=396980,event=CRC,bytes=350193,parsed=7152,accepted=4277,len=269,crc=2470,field=136,dup=0,old=1,ovf=0
2026-08-01 05:24:55.906480 DBG,RX,t=397100,event=CRC,bytes=350292,parsed=7154,accepted=4278,len=269,crc=2471,field=136,dup=0,old=1,ovf=0
2026-08-01 05:24:55.907476 DBG,RX,t=397140,event=CRC,bytes=350343,parsed=7155,accepted=4278,len=269,crc=2472,field=136,dup=0,old=1,ovf=0
2026-08-01 05:24:56.260516 DBG,RX,t=397200,event=CRC,bytes=350394,parsed=7156,accepted=4278,len=269,crc=2473,field=136,dup=0,old=1,ovf=0
2026-08-01 05:24:56.261532 DBG,RX,t=397300,event=CRC,bytes=350493,parsed=7158,accepted=4279,len=269,crc=2474,field=136,dup=0,old=1,ovf=0
2026-08-01 05:24:56.262545 DBG,RX,t=397360,event=CRC,bytes=350543,parsed=7159,accepted=4279,len=269,crc=2475,field=136,dup=0,old=1,ovf=0
2026-08-01 05:24:57.018417 DBG,RX,t=398000,event=CRC,bytes=351132,parsed=7171,accepted=4290,len=269,crc=2476,field=136,dup=0,old=1,ovf=0
2026-08-01 05:24:57.021032 DBG,RX,t=398040,event=CRC,bytes=351183,parsed=7172,accepted=4290,len=269,crc=2477,field=136,dup=0,old=1,ovf=0
2026-08-01 05:24:57.022030 DBG,RX,t=398100,event=LENGTH,bytes=351234,parsed=7173,accepted=4290,len=270,crc=2477,field=136,dup=0,old=1,ovf=0
2026-08-01 05:24:57.023075 DBG,RX,t=398260,event=CRC,bytes=351383,parsed=7176,accepted=4292,len=270,crc=2478,field=136,dup=0,old=1,ovf=0
2026-08-01 05:24:57.362700 DBG,RX,t=398360,event=CRC,bytes=351482,parsed=7178,accepted=4293,len=270,crc=2479,field=136,dup=0,old=1,ovf=0
2026-08-01 05:24:57.363716 DBG,RX,t=398420,event=CRC,bytes=351532,parsed=7179,accepted=4293,len=270,crc=2480,field=136,dup=0,old=1,ovf=0
2026-08-01 05:24:57.746710 DBG,RX,t=398680,event=CRC,bytes=351779,parsed=7184,accepted=4297,len=270,crc=2481,field=136,dup=0,old=1,ovf=0
2026-08-01 05:24:57.748747 DBG,RX,t=398740,event=CRC,bytes=351830,parsed=7185,accepted=4297,len=270,crc=2482,field=136,dup=0,old=1,ovf=0
2026-08-01 05:24:57.748747 DBG,RX,t=398900,event=CRC,bytes=351980,parsed=7188,accepted=4299,len=270,crc=2483,field=136,dup=0,old=1,ovf=0
2026-08-01 05:24:57.750256 DBG,RX,t=398960,event=CRC,bytes=352030,parsed=7189,accepted=4299,len=270,crc=2484,field=136,dup=0,old=1,ovf=0
2026-08-01 05:24:57.751272 DBG,RX,t=399000,event=CRC,bytes=352080,parsed=7190,accepted=4299,len=270,crc=2485,field=136,dup=0,old=1,ovf=0
2026-08-01 05:24:58.107624 DBG,RX,t=399180,event=CRC,bytes=352228,parsed=7193,accepted=4301,len=270,crc=2486,field=136,dup=0,old=1,ovf=0
2026-08-01 05:24:58.108626 DBG,RX,t=399380,event=CRC,bytes=352425,parsed=7197,accepted=4304,len=270,crc=2487,field=136,dup=0,old=1,ovf=0
2026-08-01 05:24:58.502049 DBG,RX,t=399480,event=CRC,bytes=352524,parsed=7199,accepted=4305,len=270,crc=2488,field=136,dup=0,old=1,ovf=0
2026-08-01 05:24:58.504232 DBG,RX,t=399660,event=CRC,bytes=352672,parsed=7202,accepted=4307,len=270,crc=2489,field=136,dup=0,old=1,ovf=0
2026-08-01 05:24:58.505452 DBG,RX,t=399720,event=CRC,bytes=352722,parsed=7203,accepted=4307,len=270,crc=2490,field=136,dup=0,old=1,ovf=0
2026-08-01 05:24:58.866423 DBG,RX,t=399840,event=CRC,bytes=352821,parsed=7205,accepted=4308,len=270,crc=2491,field=136,dup=0,old=1,ovf=0
2026-08-01 05:24:58.868477 DBG,RX,t=399880,event=CRC,bytes=352871,parsed=7206,accepted=4308,len=270,crc=2492,field=136,dup=0,old=1,ovf=0
2026-08-01 05:24:58.870082 DBG,RX,t=399940,event=LENGTH,bytes=352922,parsed=7207,accepted=4308,len=271,crc=2492,field=136,dup=0,old=1,ovf=0
2026-08-01 05:24:58.871090 DBG,RX,t=400160,event=CRC,bytes=353119,parsed=7211,accepted=4311,len=271,crc=2493,field=136,dup=0,old=1,ovf=0
2026-08-01 05:24:59.228807 DBG,RX,t=400200,event=CRC,bytes=353169,parsed=7212,accepted=4311,len=271,crc=2494,field=136,dup=0,old=1,ovf=0
2026-08-01 05:24:59.230317 DBG,RX,t=400360,event=CRC,bytes=353317,parsed=7215,accepted=4313,len=271,crc=2495,field=136,dup=0,old=1,ovf=0
2026-08-01 05:24:59.231323 DBG,RX,t=400460,event=CRC,bytes=353416,parsed=7217,accepted=4314,len=271,crc=2496,field=136,dup=0,old=1,ovf=0
2026-08-01 05:24:59.584589 DBG,RX,t=400680,event=CRC,bytes=353613,parsed=7221,accepted=4317,len=271,crc=2497,field=136,dup=0,old=1,ovf=0
2026-08-01 05:24:59.585591 DBG,RX,t=400780,event=CRC,bytes=353712,parsed=7223,accepted=4318,len=271,crc=2498,field=136,dup=0,old=1,ovf=0
2026-08-01 05:24:59.994283 DBG,RX,t=400940,event=CRC,bytes=353860,parsed=7226,accepted=4320,len=271,crc=2499,field=136,dup=0,old=1,ovf=0
2026-08-01 05:24:59.995791 DBG,RX,t=401000,event=CRC,bytes=353910,parsed=7227,accepted=4320,len=271,crc=2500,field=136,dup=0,old=1,ovf=0
2026-08-01 05:24:59.996835 DBG,RX,t=401060,event=CRC,bytes=353960,parsed=7228,accepted=4320,len=271,crc=2501,field=136,dup=0,old=1,ovf=0
2026-08-01 05:24:59.998837 DBG,RX,t=401100,event=CRC,bytes=354011,parsed=7229,accepted=4320,len=271,crc=2502,field=136,dup=0,old=1,ovf=0
2026-08-01 05:24:59.999346 DBG,RX,t=401160,event=CRC,bytes=354061,parsed=7230,accepted=4320,len=271,crc=2503,field=136,dup=0,old=1,ovf=0
2026-08-01 05:24:59.999883 DBG,RX,t=401260,event=FIELD,bytes=354163,parsed=7232,accepted=4321,len=271,crc=2503,field=137,dup=0,old=1,ovf=0
2026-08-01 05:25:00.373724 DBG,RX,t=401420,event=CRC,bytes=354311,parsed=7235,accepted=4323,len=271,crc=2504,field=137,dup=0,old=1,ovf=0
2026-08-01 05:25:00.374729 DBG,RX,t=401580,event=LENGTH,bytes=354461,parsed=7238,accepted=4325,len=272,crc=2504,field=137,dup=0,old=1,ovf=0
2026-08-01 05:25:00.727248 DBG,RX,t=401800,event=CRC,bytes=354658,parsed=7242,accepted=4328,len=272,crc=2505,field=137,dup=0,old=1,ovf=0
2026-08-01 05:25:00.729809 DBG,RX,t=401960,event=LENGTH,bytes=354807,parsed=7245,accepted=4330,len=273,crc=2505,field=137,dup=0,old=1,ovf=0
2026-08-01 05:25:00.729809 DBG,RX,t=402020,event=CRC,bytes=354857,parsed=7246,accepted=4330,len=273,crc=2506,field=137,dup=0,old=1,ovf=0
2026-08-01 05:25:01.078719 DBG,RX,t=402320,event=CRC,bytes=355152,parsed=7252,accepted=4335,len=273,crc=2507,field=137,dup=0,old=1,ovf=0
2026-08-01 05:25:01.078719 DBG,RX,t=402380,event=CRC,bytes=355203,parsed=7253,accepted=4335,len=273,crc=2508,field=137,dup=0,old=1,ovf=0
2026-08-01 05:25:01.455015 DBG,RX,t=402480,event=CRC,bytes=355302,parsed=7255,accepted=4336,len=273,crc=2509,field=137,dup=0,old=1,ovf=0
2026-08-01 05:25:01.456525 DBG,RX,t=402640,event=CRC,bytes=355450,parsed=7258,accepted=4338,len=273,crc=2510,field=137,dup=0,old=1,ovf=0
2026-08-01 05:25:01.795649 DBG,RX,t=402860,event=CRC,bytes=355647,parsed=7262,accepted=4341,len=273,crc=2511,field=137,dup=0,old=1,ovf=0
2026-08-01 05:25:01.796734 DBG,RX,t=402920,event=CRC,bytes=355697,parsed=7263,accepted=4341,len=273,crc=2512,field=137,dup=0,old=1,ovf=0
2026-08-01 05:25:01.796734 DBG,RX,t=403040,event=CRC,bytes=355796,parsed=7265,accepted=4342,len=273,crc=2513,field=137,dup=0,old=1,ovf=0
2026-08-01 05:25:01.797733 DBG,RX,t=403080,event=CRC,bytes=355847,parsed=7266,accepted=4342,len=273,crc=2514,field=137,dup=0,old=1,ovf=0
2026-08-01 05:25:02.066454 DBG,RX,t=403180,event=CRC,bytes=355946,parsed=7268,accepted=4343,len=273,crc=2515,field=137,dup=0,old=1,ovf=0
2026-08-01 05:25:02.066454 DBG,RX,t=403240,event=CRC,bytes=355996,parsed=7269,accepted=4343,len=273,crc=2516,field=137,dup=0,old=1,ovf=0
2026-08-01 05:25:02.343377 DBG,RX,t=403500,event=LENGTH,bytes=356244,parsed=7274,accepted=4347,len=274,crc=2516,field=137,dup=0,old=1,ovf=0
2026-08-01 05:25:02.344390 DBG,RX,t=403600,event=FIELD,bytes=356345,parsed=7276,accepted=4348,len=274,crc=2516,field=138,dup=0,old=1,ovf=0
2026-08-01 05:25:02.345391 DBG,RX,t=403660,event=CRC,bytes=356396,parsed=7277,accepted=4348,len=274,crc=2517,field=138,dup=0,old=1,ovf=0
2026-08-01 05:25:02.617910 DBG,RX,t=403780,event=CRC,bytes=356495,parsed=7279,accepted=4349,len=274,crc=2518,field=138,dup=0,old=1,ovf=0
2026-08-01 05:25:02.619260 DBG,RX,t=403980,event=CRC,bytes=356692,parsed=7283,accepted=4352,len=274,crc=2519,field=138,dup=0,old=1,ovf=0
2026-08-01 05:25:02.899158 DBG,RX,t=404140,event=CRC,bytes=356840,parsed=7286,accepted=4354,len=274,crc=2520,field=138,dup=0,old=1,ovf=0
2026-08-01 05:25:02.900517 DBG,RX,t=404240,event=CRC,bytes=356940,parsed=7288,accepted=4355,len=274,crc=2521,field=138,dup=0,old=1,ovf=0
2026-08-01 05:25:03.183213 DBG,RX,t=404300,event=CRC,bytes=356994,parsed=7289,accepted=4355,len=274,crc=2522,field=138,dup=0,old=1,ovf=0
2026-08-01 05:25:03.183213 DBG,RX,t=404360,event=CRC,bytes=357044,parsed=7290,accepted=4355,len=274,crc=2523,field=138,dup=0,old=1,ovf=0
2026-08-01 05:25:03.184212 DBG,RX,t=404400,event=CRC,bytes=357094,parsed=7291,accepted=4355,len=274,crc=2524,field=138,dup=0,old=1,ovf=0
2026-08-01 05:25:03.185212 DBG,RX,t=404560,event=CRC,bytes=357243,parsed=7294,accepted=4357,len=274,crc=2525,field=138,dup=0,old=1,ovf=0
2026-08-01 05:25:03.451071 DBG,RX,t=404620,event=CRC,bytes=357294,parsed=7295,accepted=4357,len=274,crc=2526,field=138,dup=0,old=1,ovf=0
2026-08-01 05:25:03.452082 DBG,RX,t=404680,event=CRC,bytes=357344,parsed=7296,accepted=4357,len=274,crc=2527,field=138,dup=0,old=1,ovf=0
2026-08-01 05:25:03.740555 DBG,RX,t=404900,event=CRC,bytes=357543,parsed=7300,accepted=4360,len=274,crc=2528,field=138,dup=0,old=1,ovf=0
2026-08-01 05:25:03.741565 DBG,RX,t=405000,event=CRC,bytes=357642,parsed=7302,accepted=4361,len=274,crc=2529,field=138,dup=0,old=1,ovf=0
2026-08-01 05:25:03.742564 DBG,RX,t=405060,event=LENGTH,bytes=357694,parsed=7303,accepted=4361,len=275,crc=2529,field=138,dup=0,old=1,ovf=0
2026-08-01 05:25:03.743562 DBG,RX,t=405120,event=CRC,bytes=357744,parsed=7304,accepted=4361,len=275,crc=2530,field=138,dup=0,old=1,ovf=0
2026-08-01 05:25:04.015782 DBG,RX,t=405160,event=CRC,bytes=357794,parsed=7305,accepted=4361,len=275,crc=2531,field=138,dup=0,old=1,ovf=0
2026-08-01 05:25:04.294135 DBG,RX,t=405540,event=CRC,bytes=358138,parsed=7312,accepted=4367,len=275,crc=2532,field=138,dup=0,old=1,ovf=0
2026-08-01 05:25:04.295148 DBG,RX,t=405600,event=CRC,bytes=358189,parsed=7313,accepted=4367,len=275,crc=2533,field=138,dup=0,old=1,ovf=0
2026-08-01 05:25:04.296876 DBG,RX,t=405640,event=CRC,bytes=358239,parsed=7314,accepted=4367,len=275,crc=2534,field=138,dup=0,old=1,ovf=0
2026-08-01 05:25:04.587450 DBG,RX,t=405800,event=CRC,bytes=358388,parsed=7317,accepted=4369,len=275,crc=2535,field=138,dup=0,old=1,ovf=0
2026-08-01 05:25:04.588442 DBG,RX,t=405860,event=CRC,bytes=358438,parsed=7318,accepted=4369,len=275,crc=2536,field=138,dup=0,old=1,ovf=0
2026-08-01 05:25:04.588442 DBG,RX,t=405900,event=CRC,bytes=358490,parsed=7319,accepted=4369,len=275,crc=2537,field=138,dup=0,old=1,ovf=0
2026-08-01 05:25:04.590789 DBG,RX,t=405980,event=CRC,bytes=358540,parsed=7320,accepted=4369,len=275,crc=2538,field=138,dup=0,old=1,ovf=0
2026-08-01 05:25:04.840322 DBG,RX,t=406080,event=CRC,bytes=358639,parsed=7322,accepted=4370,len=275,crc=2539,field=138,dup=0,old=1,ovf=0
2026-08-01 05:25:04.841831 DBG,RX,t=406240,event=CRC,bytes=358788,parsed=7325,accepted=4372,len=275,crc=2540,field=138,dup=0,old=1,ovf=0
2026-08-01 05:25:05.105323 DBG,RX,t=406340,event=CRC,bytes=358887,parsed=7327,accepted=4373,len=275,crc=2541,field=138,dup=0,old=1,ovf=0
2026-08-01 05:25:05.106324 DBG,RX,t=406400,event=CRC,bytes=358940,parsed=7328,accepted=4373,len=275,crc=2542,field=138,dup=0,old=1,ovf=0
2026-08-01 05:25:05.107323 DBG,RX,t=406440,event=CRC,bytes=358990,parsed=7329,accepted=4373,len=275,crc=2543,field=138,dup=0,old=1,ovf=0
2026-08-01 05:25:05.339945 DBG,RX,t=406600,event=CRC,bytes=359139,parsed=7332,accepted=4375,len=275,crc=2544,field=138,dup=0,old=1,ovf=0
2026-08-01 05:25:05.339945 DBG,RX,t=406660,event=CRC,bytes=359189,parsed=7333,accepted=4375,len=275,crc=2545,field=138,dup=0,old=1,ovf=0
2026-08-01 05:25:05.642608 DBG,RX,t=406760,event=CRC,bytes=359289,parsed=7335,accepted=4376,len=275,crc=2546,field=138,dup=0,old=1,ovf=0
2026-08-01 05:25:05.643617 DBG,RX,t=406920,event=CRC,bytes=359437,parsed=7338,accepted=4378,len=275,crc=2547,field=138,dup=0,old=1,ovf=0
2026-08-01 05:25:05.933198 DBG,RX,t=407200,event=CRC,bytes=359683,parsed=7343,accepted=4382,len=275,crc=2548,field=138,dup=0,old=1,ovf=0
2026-08-01 05:25:05.934197 DBG,RX,t=407240,event=CRC,bytes=359734,parsed=7344,accepted=4382,len=275,crc=2549,field=138,dup=0,old=1,ovf=0
2026-08-01 05:25:05.935197 DBG,RX,t=407300,event=CRC,bytes=359784,parsed=7345,accepted=4382,len=275,crc=2550,field=138,dup=0,old=1,ovf=0
2026-08-01 05:25:06.204832 DBG,RX,t=407420,event=CRC,bytes=359884,parsed=7347,accepted=4383,len=275,crc=2551,field=138,dup=0,old=1,ovf=0
2026-08-01 05:25:06.204832 DBG,RX,t=407460,event=CRC,bytes=359934,parsed=7348,accepted=4383,len=275,crc=2552,field=138,dup=0,old=1,ovf=0
2026-08-01 05:25:06.209311 DBG,RX,t=407620,event=CRC,bytes=360082,parsed=7351,accepted=4385,len=275,crc=2553,field=138,dup=0,old=1,ovf=0
2026-08-01 05:25:06.521853 DBG,RX,t=407740,event=CRC,bytes=360181,parsed=7353,accepted=4386,len=275,crc=2554,field=138,dup=0,old=1,ovf=0
2026-08-01 05:25:06.522865 DBG,RX,t=407880,event=LENGTH,bytes=360329,parsed=7356,accepted=4388,len=276,crc=2554,field=138,dup=0,old=1,ovf=0
2026-08-01 05:25:06.523863 DBG,RX,t=407940,event=CRC,bytes=360379,parsed=7357,accepted=4388,len=276,crc=2555,field=138,dup=0,old=1,ovf=0
2026-08-01 05:25:06.813092 DBG,RX,t=408000,event=CRC,bytes=360429,parsed=7358,accepted=4388,len=276,crc=2556,field=138,dup=0,old=1,ovf=0
2026-08-01 05:25:06.813092 DBG,RX,t=408040,event=CRC,bytes=360479,parsed=7359,accepted=4388,len=276,crc=2557,field=138,dup=0,old=1,ovf=0
2026-08-01 05:25:06.814089 DBG,RX,t=408100,event=CRC,bytes=360529,parsed=7360,accepted=4388,len=276,crc=2558,field=138,dup=0,old=1,ovf=0
2026-08-01 05:25:06.815091 DBG,RX,t=408200,event=CRC,bytes=360629,parsed=7362,accepted=4389,len=276,crc=2559,field=138,dup=0,old=1,ovf=0
2026-08-01 05:25:07.161001 DBG,RX,t=408260,event=FIELD,bytes=360681,parsed=7363,accepted=4389,len=276,crc=2559,field=139,dup=0,old=1,ovf=0
2026-08-01 05:25:07.162014 DBG,RX,t=408520,event=CRC,bytes=360929,parsed=7368,accepted=4393,len=276,crc=2560,field=139,dup=0,old=1,ovf=0
2026-08-01 05:25:07.163009 DBG,RX,t=408580,event=CRC,bytes=360981,parsed=7369,accepted=4393,len=276,crc=2561,field=139,dup=0,old=1,ovf=0
2026-08-01 05:25:07.505909 DBG,RX,t=408680,event=CRC,bytes=361080,parsed=7371,accepted=4394,len=276,crc=2562,field=139,dup=0,old=1,ovf=0
2026-08-01 05:25:07.506911 DBG,RX,t=408740,event=CRC,bytes=361130,parsed=7372,accepted=4394,len=276,crc=2563,field=139,dup=0,old=1,ovf=0
2026-08-01 05:25:07.506911 DBG,RX,t=408900,event=CRC,bytes=361278,parsed=7375,accepted=4396,len=276,crc=2564,field=139,dup=0,old=1,ovf=0
2026-08-01 05:25:07.807725 DBG,RX,t=408960,event=CRC,bytes=361328,parsed=7376,accepted=4396,len=276,crc=2565,field=139,dup=0,old=1,ovf=0
2026-08-01 05:25:07.807725 DBG,RX,t=409000,event=CRC,bytes=361379,parsed=7377,accepted=4396,len=276,crc=2566,field=139,dup=0,old=1,ovf=0
2026-08-01 05:25:07.808727 DBG,RX,t=409060,event=LENGTH,bytes=361429,parsed=7378,accepted=4396,len=277,crc=2566,field=139,dup=0,old=1,ovf=0
2026-08-01 05:25:07.809724 DBG,RX,t=409120,event=CRC,bytes=361481,parsed=7379,accepted=4396,len=277,crc=2567,field=139,dup=0,old=1,ovf=0
2026-08-01 05:25:08.090046 DBG,RX,t=409380,event=CRC,bytes=361728,parsed=7384,accepted=4400,len=277,crc=2568,field=139,dup=0,old=1,ovf=0
2026-08-01 05:25:08.090422 DBG,RX,t=409440,event=CRC,bytes=361779,parsed=7385,accepted=4400,len=277,crc=2569,field=139,dup=0,old=1,ovf=0
2026-08-01 05:25:08.341547 DBG,RX,t=409600,event=CRC,bytes=361927,parsed=7388,accepted=4402,len=277,crc=2570,field=139,dup=0,old=1,ovf=0
2026-08-01 05:25:08.342060 DBG,RX,t=409700,event=CRC,bytes=362027,parsed=7390,accepted=4403,len=277,crc=2571,field=139,dup=0,old=1,ovf=0
2026-08-01 05:25:08.343073 DBG,RX,t=409760,event=CRC,bytes=362077,parsed=7391,accepted=4403,len=277,crc=2572,field=139,dup=0,old=1,ovf=0
2026-08-01 05:25:08.602680 DBG,RX,t=409820,event=CRC,bytes=362127,parsed=7392,accepted=4403,len=277,crc=2573,field=139,dup=0,old=1,ovf=0
2026-08-01 05:25:08.602680 DBG,RX,t=409860,event=CRC,bytes=362177,parsed=7393,accepted=4403,len=277,crc=2574,field=139,dup=0,old=1,ovf=0
2026-08-01 05:25:08.603694 DBG,RX,t=410020,event=CRC,bytes=362325,parsed=7396,accepted=4405,len=277,crc=2575,field=139,dup=0,old=1,ovf=0
2026-08-01 05:25:10.451255 DBG,RX,t=410140,event=CRC,bytes=362424,parsed=7398,accepted=4406,len=277,crc=2576,field=139,dup=0,old=1,ovf=0
2026-08-01 05:25:10.452268 DBG,RX,t=410180,event=CRC,bytes=362476,parsed=7399,accepted=4406,len=277,crc=2577,field=139,dup=0,old=1,ovf=0
2026-08-01 05:25:10.453627 DBG,RX,t=410300,event=FIELD,bytes=362576,parsed=7401,accepted=4407,len=277,crc=2577,field=140,dup=0,old=1,ovf=0
2026-08-01 05:25:10.453627 DBG,RX,t=410560,event=CRC,bytes=362823,parsed=7406,accepted=4411,len=277,crc=2578,field=140,dup=0,old=1,ovf=0
2026-08-01 05:25:10.454916 DBG,RX,t=410620,event=CRC,bytes=362873,parsed=7407,accepted=4411,len=277,crc=2579,field=140,dup=0,old=1,ovf=0
2026-08-01 05:25:10.455915 DBG,RX,t=410720,event=CRC,bytes=362972,parsed=7409,accepted=4412,len=277,crc=2580,field=140,dup=0,old=1,ovf=0
2026-08-01 05:25:10.456916 DBG,RX,t=411000,event=CRC,bytes=363220,parsed=7414,accepted=4416,len=277,crc=2581,field=140,dup=0,old=1,ovf=0
2026-08-01 05:25:10.456916 DBG,RX,t=411040,event=CRC,bytes=363270,parsed=7415,accepted=4416,len=277,crc=2582,field=140,dup=0,old=1,ovf=0
2026-08-01 05:25:10.457921 DBG,RX,t=411160,event=CRC,bytes=363370,parsed=7417,accepted=4417,len=277,crc=2583,field=140,dup=0,old=1,ovf=0
2026-08-01 05:25:10.458917 DBG,RX,t=411200,event=CRC,bytes=363420,parsed=7418,accepted=4417,len=277,crc=2584,field=140,dup=0,old=1,ovf=0
2026-08-01 05:25:10.460017 DBG,RX,t=411260,event=CRC,bytes=363471,parsed=7419,accepted=4417,len=277,crc=2585,field=140,dup=0,old=1,ovf=0
2026-08-01 05:25:10.460017 DBG,RX,t=411420,event=CRC,bytes=363619,parsed=7422,accepted=4419,len=277,crc=2586,field=140,dup=0,old=1,ovf=0
2026-08-01 05:25:10.460017 DBG,RX,t=411520,event=LENGTH,bytes=363718,parsed=7424,accepted=4420,len=278,crc=2586,field=140,dup=0,old=1,ovf=0
2026-08-01 05:25:10.462243 DBG,RX,t=411580,event=CRC,bytes=363768,parsed=7425,accepted=4420,len=278,crc=2587,field=140,dup=0,old=1,ovf=0
2026-08-01 05:25:10.462243 DBG,RX,t=411640,event=CRC,bytes=363818,parsed=7426,accepted=4420,len=278,crc=2588,field=140,dup=0,old=1,ovf=0
2026-08-01 05:25:10.462243 DBG,RX,t=411680,event=CRC,bytes=363868,parsed=7427,accepted=4420,len=278,crc=2589,field=140,dup=0,old=1,ovf=0
2026-08-01 05:25:10.462243 DBG,RX,t=411840,event=CRC,bytes=364019,parsed=7430,accepted=4422,len=278,crc=2590,field=140,dup=0,old=1,ovf=0
2026-08-01 05:25:10.721636 DBG,RX,t=411940,event=CRC,bytes=364118,parsed=7432,accepted=4423,len=278,crc=2591,field=140,dup=0,old=1,ovf=0
2026-08-01 05:25:10.722650 DBG,RX,t=412000,event=CRC,bytes=364169,parsed=7433,accepted=4423,len=278,crc=2592,field=140,dup=0,old=1,ovf=0
2026-08-01 05:25:10.723162 DBG,RX,t=412100,event=CRC,bytes=364269,parsed=7435,accepted=4424,len=278,crc=2593,field=140,dup=0,old=1,ovf=0
2026-08-01 05:25:10.953626 DBG,CTRL,t=412240,old=LOST,new=LOST,cause=VALID_0,mage=64309,rxage=20,seq=7438,valid=0,meas=0,streak=0,event=NO_TARGET
2026-08-01 05:25:10.954626 DBG,FILTER,t=412240,result=VALID_0,seq=7438,valid=0,meas=0,pos=0,accepted=2548,jump=0,hold=16
2026-08-01 05:25:10.955629 DBG,RX,t=412240,event=NO_TARGET,bytes=364367,parsed=7437,accepted=4426,len=278,crc=2593,field=140,dup=0,old=1,ovf=0
2026-08-01 05:25:10.955629 DBG,AXIS,t=412240,zero=1,limits=1,cal=0,test=0,osc=0,busy=0,pfault=NONE
2026-08-01 05:25:10.956626 DBG,PCTRL,t=412240,fault=NONE,target=0,current=1,err=-1,follow=-2,noenc=0
2026-08-01 05:25:10.957789 DBG,LIMIT,t=412240,count=0,dir=0,current=1,min=-183,max=581,err=0
2026-08-01 05:25:10.958869 DBG,RX,t=412380,event=CRC,bytes=364515,parsed=7440,accepted=4428,len=278,crc=2594,field=140,dup=0,old=1,ovf=0
2026-08-01 05:25:11.214936 DBG,RX,t=412500,event=CRC,bytes=364614,parsed=7442,accepted=4429,len=278,crc=2595,field=140,dup=0,old=1,ovf=0
2026-08-01 05:25:11.216444 DBG,RX,t=412540,event=CRC,bytes=364664,parsed=7443,accepted=4429,len=278,crc=2596,field=140,dup=0,old=1,ovf=0
2026-08-01 05:25:11.457328 DBG,RX,t=412860,event=CRC,bytes=364960,parsed=7449,accepted=4434,len=278,crc=2597,field=140,dup=0,old=1,ovf=0
2026-08-01 05:25:11.951546 DBG,RX,t=413280,event=CRC,bytes=365354,parsed=7457,accepted=4441,len=278,crc=2598,field=140,dup=0,old=1,ovf=0
2026-08-01 05:25:12.367890 DBG,RX,t=413500,event=CRC,bytes=365552,parsed=7461,accepted=4444,len=278,crc=2599,field=140,dup=0,old=1,ovf=0
2026-08-01 05:25:12.586596 DBG,RX,t=413980,event=CRC,bytes=365994,parsed=7470,accepted=4452,len=278,crc=2600,field=140,dup=0,old=1,ovf=0
2026-08-01 05:25:12.587599 DBG,RX,t=414080,event=CRC,bytes=366094,parsed=7472,accepted=4453,len=278,crc=2601,field=140,dup=0,old=1,ovf=0
2026-08-01 05:25:13.054544 DBG,RX,t=414400,event=CRC,bytes=366389,parsed=7478,accepted=4458,len=278,crc=2602,field=140,dup=0,old=1,ovf=0
2026-08-01 05:25:13.055554 DBG,RX,t=414460,event=CRC,bytes=366440,parsed=7479,accepted=4458,len=278,crc=2603,field=140,dup=0,old=1,ovf=0
2026-08-01 05:25:13.319455 DBG,RX,t=414780,event=CRC,bytes=366736,parsed=7485,accepted=4463,len=278,crc=2604,field=140,dup=0,old=1,ovf=0
2026-08-01 05:25:13.556422 DBG,RX,t=415000,event=CRC,bytes=366933,parsed=7489,accepted=4466,len=278,crc=2605,field=140,dup=0,old=1,ovf=0
2026-08-01 05:25:13.557473 DBG,RX,t=415040,event=CRC,bytes=366984,parsed=7490,accepted=4466,len=278,crc=2606,field=140,dup=0,old=1,ovf=0
2026-08-01 05:25:13.820863 DBG,RX,t=415100,event=LENGTH,bytes=367037,parsed=7491,accepted=4466,len=279,crc=2606,field=140,dup=0,old=1,ovf=0
2026-08-01 05:25:13.822371 DBG,RX,t=415220,event=LENGTH,bytes=367136,parsed=7493,accepted=4467,len=280,crc=2606,field=140,dup=0,old=1,ovf=0
2026-08-01 05:25:13.823364 DBG,RX,t=415260,event=LENGTH,bytes=367187,parsed=7494,accepted=4467,len=281,crc=2606,field=140,dup=0,old=1,ovf=0
2026-08-01 05:25:14.060471 DBG,RX,t=415360,event=CRC,bytes=367289,parsed=7496,accepted=4468,len=281,crc=2607,field=140,dup=0,old=1,ovf=0
2026-08-01 05:25:14.305391 DBG,RX,t=415700,event=CRC,bytes=367584,parsed=7502,accepted=4473,len=281,crc=2608,field=140,dup=0,old=1,ovf=0
2026-08-01 05:25:14.305391 DBG,RX,t=415760,event=LENGTH,bytes=367636,parsed=7503,accepted=4473,len=282,crc=2608,field=140,dup=0,old=1,ovf=0
2026-08-01 05:25:14.529887 DBG,RX,t=415860,event=CRC,bytes=367735,parsed=7505,accepted=4474,len=282,crc=2609,field=140,dup=0,old=1,ovf=0
2026-08-01 05:25:14.782836 DBG,RX,t=416140,event=CRC,bytes=367983,parsed=7510,accepted=4478,len=282,crc=2610,field=140,dup=0,old=1,ovf=0
2026-08-01 05:25:15.030637 DBG,RX,t=416340,event=CRC,bytes=368180,parsed=7514,accepted=4481,len=282,crc=2611,field=140,dup=0,old=1,ovf=0
2026-08-01 05:25:15.031854 DBG,RX,t=416400,event=CRC,bytes=368230,parsed=7515,accepted=4481,len=282,crc=2612,field=140,dup=0,old=1,ovf=0
2026-08-01 05:25:15.032500 DBG,RX,t=416440,event=CRC,bytes=368281,parsed=7516,accepted=4481,len=282,crc=2613,field=140,dup=0,old=1,ovf=0
2026-08-01 05:25:15.033112 DBG,RX,t=416500,event=CRC,bytes=368331,parsed=7517,accepted=4481,len=282,crc=2614,field=140,dup=0,old=1,ovf=0
2026-08-01 05:25:15.277394 DBG,RX,t=416660,event=CRC,bytes=368479,parsed=7520,accepted=4483,len=282,crc=2615,field=140,dup=0,old=1,ovf=0
2026-08-01 05:25:15.512289 DBG,RX,t=416980,event=CRC,bytes=368775,parsed=7526,accepted=4488,len=282,crc=2616,field=140,dup=0,old=1,ovf=0
2026-08-01 05:25:15.757463 DBG,RX,t=417080,event=CRC,bytes=368876,parsed=7528,accepted=4489,len=282,crc=2617,field=140,dup=0,old=1,ovf=0
2026-08-01 05:25:15.758464 DBG,RX,t=417140,event=CRC,bytes=368927,parsed=7529,accepted=4489,len=282,crc=2618,field=140,dup=0,old=1,ovf=0
2026-08-01 05:25:15.758464 DBG,RX,t=417240,event=CRC,bytes=369026,parsed=7531,accepted=4490,len=282,crc=2619,field=140,dup=0,old=1,ovf=0
2026-08-01 05:25:15.993698 DBG,RX,t=417300,event=LENGTH,bytes=369077,parsed=7532,accepted=4490,len=283,crc=2619,field=140,dup=0,old=1,ovf=0
2026-08-01 05:25:15.995024 DBG,RX,t=417400,event=CRC,bytes=369177,parsed=7534,accepted=4491,len=283,crc=2620,field=140,dup=0,old=1,ovf=0
2026-08-01 05:25:15.996034 DBG,RX,t=417520,event=CRC,bytes=369276,parsed=7536,accepted=4492,len=283,crc=2621,field=140,dup=0,old=1,ovf=0
2026-08-01 05:25:16.248708 DBG,RX,t=417560,event=CRC,bytes=369327,parsed=7537,accepted=4492,len=283,crc=2622,field=140,dup=0,old=1,ovf=0
2026-08-01 05:25:16.249717 DBG,RX,t=417680,event=CRC,bytes=369426,parsed=7539,accepted=4493,len=283,crc=2623,field=140,dup=0,old=1,ovf=0
2026-08-01 05:25:16.499974 DBG,RX,t=417900,event=CRC,bytes=369623,parsed=7543,accepted=4496,len=283,crc=2624,field=140,dup=0,old=1,ovf=0
2026-08-01 05:25:16.500975 DBG,RX,t=418040,event=CRC,bytes=369772,parsed=7546,accepted=4498,len=283,crc=2625,field=140,dup=0,old=1,ovf=0
2026-08-01 05:25:16.747722 DBG,RX,t=418100,event=CRC,bytes=369823,parsed=7547,accepted=4498,len=283,crc=2626,field=140,dup=0,old=1,ovf=0
2026-08-01 05:25:16.748721 DBG,RX,t=418260,event=CRC,bytes=369973,parsed=7550,accepted=4500,len=283,crc=2627,field=140,dup=0,old=1,ovf=0
2026-08-01 05:25:16.976677 DBG,RX,t=418360,event=CRC,bytes=370072,parsed=7552,accepted=4501,len=283,crc=2628,field=140,dup=0,old=1,ovf=0
2026-08-01 05:25:16.979925 DBG,RX,t=418420,event=CRC,bytes=370122,parsed=7553,accepted=4501,len=283,crc=2629,field=140,dup=0,old=1,ovf=0
2026-08-01 05:25:17.444136 DBG,RX,t=418900,event=CRC,bytes=370564,parsed=7562,accepted=4509,len=283,crc=2630,field=140,dup=0,old=1,ovf=0
2026-08-01 05:25:17.713688 DBG,RX,t=419020,event=CRC,bytes=370663,parsed=7564,accepted=4510,len=283,crc=2631,field=140,dup=0,old=1,ovf=0
2026-08-01 05:25:17.713688 DBG,RX,t=419060,event=CRC,bytes=370713,parsed=7565,accepted=4510,len=283,crc=2632,field=140,dup=0,old=1,ovf=0
2026-08-01 05:25:17.715402 DBG,RX,t=419220,event=CRC,bytes=370862,parsed=7568,accepted=4512,len=283,crc=2633,field=140,dup=0,old=1,ovf=0
2026-08-01 05:25:18.026082 DBG,RX,t=419280,event=CRC,bytes=370912,parsed=7569,accepted=4512,len=283,crc=2634,field=140,dup=0,old=1,ovf=0
2026-08-01 05:25:18.278974 DBG,RX,t=419640,event=LENGTH,bytes=371256,parsed=7576,accepted=4518,len=284,crc=2634,field=140,dup=0,old=1,ovf=0
2026-08-01 05:25:18.515172 DBG,RX,t=419920,event=LENGTH,bytes=371502,parsed=7581,accepted=4522,len=285,crc=2634,field=140,dup=0,old=1,ovf=0
2026-08-01 05:25:18.516182 DBG,RX,t=420020,event=FIELD,bytes=371602,parsed=7583,accepted=4523,len=285,crc=2634,field=141,dup=0,old=1,ovf=0
2026-08-01 05:25:18.796261 DBG,RX,t=420180,event=CRC,bytes=371750,parsed=7586,accepted=4525,len=285,crc=2635,field=141,dup=0,old=1,ovf=0
2026-08-01 05:25:18.797738 DBG,RX,t=420280,event=CRC,bytes=371850,parsed=7588,accepted=4526,len=285,crc=2636,field=141,dup=0,old=1,ovf=0
2026-08-01 05:25:19.034668 DBG,RX,t=420460,event=FIELD,bytes=371999,parsed=7591,accepted=4528,len=285,crc=2636,field=142,dup=0,old=1,ovf=0
2026-08-01 05:25:19.036192 DBG,RX,t=420560,event=LENGTH,bytes=372098,parsed=7593,accepted=4529,len=286,crc=2636,field=142,dup=0,old=1,ovf=0
2026-08-01 05:25:19.036192 DBG,RX,t=420600,event=CRC,bytes=372148,parsed=7594,accepted=4529,len=286,crc=2637,field=142,dup=0,old=1,ovf=0
2026-08-01 05:25:19.324873 DBG,RX,t=420660,event=CRC,bytes=372198,parsed=7595,accepted=4529,len=286,crc=2638,field=142,dup=0,old=1,ovf=0
2026-08-01 05:25:19.324873 DBG,RX,t=420820,event=CRC,bytes=372346,parsed=7598,accepted=4531,len=286,crc=2639,field=142,dup=0,old=1,ovf=0
2026-08-01 05:25:19.327327 DBG,RX,t=420880,event=CRC,bytes=372396,parsed=7599,accepted=4531,len=286,crc=2640,field=142,dup=0,old=1,ovf=0
2026-08-01 05:25:19.587977 DBG,RX,t=421000,event=CRC,bytes=372495,parsed=7601,accepted=4532,len=286,crc=2641,field=142,dup=0,old=1,ovf=0
2026-08-01 05:25:19.587977 DBG,RX,t=421100,event=CRC,bytes=372594,parsed=7603,accepted=4533,len=286,crc=2642,field=142,dup=0,old=1,ovf=0
2026-08-01 05:25:19.840858 DBG,RX,t=421260,event=LENGTH,bytes=372743,parsed=7606,accepted=4535,len=287,crc=2642,field=142,dup=0,old=1,ovf=0
2026-08-01 05:25:19.842509 DBG,RX,t=421360,event=CRC,bytes=372843,parsed=7608,accepted=4536,len=287,crc=2643,field=142,dup=0,old=1,ovf=0
2026-08-01 05:25:19.843877 DBG,RX,t=421420,event=CRC,bytes=372893,parsed=7609,accepted=4536,len=287,crc=2644,field=142,dup=0,old=1,ovf=0
2026-08-01 05:25:20.094367 DBG,RX,t=421480,event=CRC,bytes=372943,parsed=7610,accepted=4536,len=287,crc=2645,field=142,dup=0,old=1,ovf=0
2026-08-01 05:25:20.095375 DBG,RX,t=421540,event=CRC,bytes=372995,parsed=7611,accepted=4536,len=287,crc=2646,field=142,dup=0,old=1,ovf=0
2026-08-01 05:25:20.096379 DBG,RX,t=421580,event=CRC,bytes=373046,parsed=7612,accepted=4536,len=287,crc=2647,field=142,dup=0,old=1,ovf=0
2026-08-01 05:25:20.097377 DBG,RX,t=421680,event=CRC,bytes=373146,parsed=7614,accepted=4537,len=287,crc=2648,field=142,dup=0,old=1,ovf=0
2026-08-01 05:25:20.378683 DBG,RX,t=421740,event=CRC,bytes=373196,parsed=7615,accepted=4537,len=287,crc=2649,field=142,dup=0,old=1,ovf=0
2026-08-01 05:25:20.379682 DBG,RX,t=421840,event=LENGTH,bytes=373299,parsed=7617,accepted=4538,len=288,crc=2649,field=142,dup=0,old=1,ovf=0
2026-08-01 05:25:20.837762 DBG,RX,t=422120,event=CRC,bytes=373546,parsed=7622,accepted=4542,len=288,crc=2650,field=142,dup=0,old=1,ovf=0
2026-08-01 05:25:20.839787 DBG,RX,t=422400,event=CRC,bytes=373792,parsed=7627,accepted=4546,len=288,crc=2651,field=142,dup=0,old=1,ovf=0
2026-08-01 05:25:21.235901 DBG,RX,t=422500,event=LENGTH,bytes=373891,parsed=7629,accepted=4547,len=289,crc=2651,field=142,dup=0,old=1,ovf=0
2026-08-01 05:25:21.236925 DBG,RX,t=422540,event=CRC,bytes=373941,parsed=7630,accepted=4547,len=289,crc=2652,field=142,dup=0,old=1,ovf=0
2026-08-01 05:25:21.238109 DBG,RX,t=422600,event=CRC,bytes=373991,parsed=7631,accepted=4547,len=289,crc=2653,field=142,dup=0,old=1,ovf=0
2026-08-01 05:25:21.239111 DBG,RX,t=422720,event=CRC,bytes=374090,parsed=7633,accepted=4548,len=289,crc=2654,field=142,dup=0,old=1,ovf=0
2026-08-01 05:25:21.643988 DBG,RX,t=422860,event=CRC,bytes=374238,parsed=7636,accepted=4550,len=289,crc=2655,field=142,dup=0,old=1,ovf=0
2026-08-01 05:25:21.645663 DBG,RX,t=422920,event=LENGTH,bytes=374288,parsed=7637,accepted=4550,len=290,crc=2655,field=142,dup=0,old=1,ovf=0
2026-08-01 05:25:21.646750 DBG,RX,t=423140,event=CRC,bytes=374485,parsed=7641,accepted=4553,len=290,crc=2656,field=142,dup=0,old=1,ovf=0
2026-08-01 05:25:21.647760 DBG,RX,t=423200,event=CRC,bytes=374535,parsed=7642,accepted=4553,len=290,crc=2657,field=142,dup=0,old=1,ovf=0
2026-08-01 05:25:21.648458 DBG,RX,t=423240,event=CRC,bytes=374586,parsed=7643,accepted=4553,len=290,crc=2658,field=142,dup=0,old=1,ovf=0
2026-08-01 05:25:22.045559 DBG,RX,t=423400,event=CRC,bytes=374735,parsed=7646,accepted=4555,len=290,crc=2659,field=142,dup=0,old=1,ovf=0
2026-08-01 05:25:22.047572 DBG,RX,t=423460,event=CRC,bytes=374786,parsed=7647,accepted=4555,len=290,crc=2660,field=142,dup=0,old=1,ovf=0
2026-08-01 05:25:22.048570 DBG,RX,t=423560,event=FIELD,bytes=374886,parsed=7649,accepted=4556,len=290,crc=2660,field=143,dup=0,old=1,ovf=0
2026-08-01 05:25:22.436770 DBG,RX,t=423880,event=CRC,bytes=375183,parsed=7655,accepted=4561,len=290,crc=2661,field=143,dup=0,old=1,ovf=0
2026-08-01 05:25:22.438280 DBG,RX,t=423980,event=FIELD,bytes=375283,parsed=7657,accepted=4562,len=290,crc=2661,field=144,dup=0,old=1,ovf=0
2026-08-01 05:25:22.800471 DBG,RX,t=424160,event=CRC,bytes=375431,parsed=7660,accepted=4564,len=290,crc=2662,field=144,dup=0,old=1,ovf=0
2026-08-01 05:25:22.801489 DBG,RX,t=424200,event=CRC,bytes=375481,parsed=7661,accepted=4564,len=290,crc=2663,field=144,dup=0,old=1,ovf=0
2026-08-01 05:25:22.802998 DBG,RX,t=424360,event=CRC,bytes=375629,parsed=7664,accepted=4566,len=290,crc=2664,field=144,dup=0,old=1,ovf=0
2026-08-01 05:25:23.170693 DBG,RX,t=424520,event=CRC,bytes=375777,parsed=7667,accepted=4568,len=290,crc=2665,field=144,dup=0,old=1,ovf=0
2026-08-01 05:25:23.172200 DBG,RX,t=424620,event=CRC,bytes=375876,parsed=7669,accepted=4569,len=290,crc=2666,field=144,dup=0,old=1,ovf=0
2026-08-01 05:25:23.173213 DBG,RX,t=424680,event=CRC,bytes=375926,parsed=7670,accepted=4569,len=290,crc=2667,field=144,dup=0,old=1,ovf=0
2026-08-01 05:25:23.174215 DBG,RX,t=424780,event=CRC,bytes=376027,parsed=7672,accepted=4570,len=290,crc=2668,field=144,dup=0,old=1,ovf=0
2026-08-01 05:25:23.541891 DBG,RX,t=424840,event=CRC,bytes=376078,parsed=7673,accepted=4570,len=290,crc=2669,field=144,dup=0,old=1,ovf=0
2026-08-01 05:25:23.542396 DBG,RX,t=425000,event=CRC,bytes=376226,parsed=7676,accepted=4572,len=290,crc=2670,field=144,dup=0,old=1,ovf=0
2026-08-01 05:25:23.544320 DBG,RX,t=425160,event=FIELD,bytes=376376,parsed=7679,accepted=4574,len=290,crc=2670,field=145,dup=0,old=1,ovf=0
2026-08-01 05:25:23.980884 DBG,RX,t=425220,event=CRC,bytes=376426,parsed=7680,accepted=4574,len=290,crc=2671,field=145,dup=0,old=1,ovf=0
2026-08-01 05:25:23.983074 DBG,RX,t=425320,event=CRC,bytes=376526,parsed=7682,accepted=4575,len=290,crc=2672,field=145,dup=0,old=1,ovf=0
2026-08-01 05:25:23.984191 DBG,RX,t=425380,event=CRC,bytes=376576,parsed=7683,accepted=4575,len=290,crc=2673,field=145,dup=0,old=1,ovf=0
2026-08-01 05:25:23.986191 DBG,RX,t=425480,event=CRC,bytes=376675,parsed=7685,accepted=4576,len=290,crc=2674,field=145,dup=0,old=1,ovf=0
2026-08-01 05:25:24.364048 DBG,RX,t=425800,event=CRC,bytes=376970,parsed=7691,accepted=4581,len=290,crc=2675,field=145,dup=0,old=1,ovf=0
2026-08-01 05:25:24.365061 DBG,RX,t=425920,event=CRC,bytes=377069,parsed=7693,accepted=4582,len=290,crc=2676,field=145,dup=0,old=1,ovf=0
2026-08-01 05:25:24.366575 DBG,RX,t=425960,event=LENGTH,bytes=377121,parsed=7694,accepted=4582,len=291,crc=2676,field=145,dup=0,old=1,ovf=0
2026-08-01 05:25:24.722258 DBG,RX,t=426120,event=CRC,bytes=377269,parsed=7697,accepted=4584,len=291,crc=2677,field=145,dup=0,old=1,ovf=0
2026-08-01 05:25:25.082106 DBG,RX,t=426400,event=LENGTH,bytes=377516,parsed=7702,accepted=4588,len=292,crc=2677,field=145,dup=0,old=1,ovf=0
2026-08-01 05:25:25.083631 DBG,RX,t=426500,event=CRC,bytes=377616,parsed=7704,accepted=4589,len=292,crc=2678,field=145,dup=0,old=1,ovf=0
2026-08-01 05:25:25.084644 DBG,RX,t=426620,event=CRC,bytes=377716,parsed=7706,accepted=4590,len=292,crc=2679,field=145,dup=0,old=1,ovf=0
2026-08-01 05:25:25.085643 DBG,RX,t=426660,event=CRC,bytes=377766,parsed=7707,accepted=4590,len=292,crc=2680,field=145,dup=0,old=1,ovf=0
2026-08-01 05:25:25.476595 DBG,RX,t=426780,event=CRC,bytes=377866,parsed=7709,accepted=4591,len=292,crc=2681,field=145,dup=0,old=1,ovf=0
2026-08-01 05:25:25.477597 DBG,RX,t=426880,event=CRC,bytes=377965,parsed=7711,accepted=4592,len=292,crc=2682,field=145,dup=0,old=1,ovf=0
2026-08-01 05:25:25.478594 DBG,RX,t=426940,event=CRC,bytes=378016,parsed=7712,accepted=4592,len=292,crc=2683,field=145,dup=0,old=1,ovf=0
2026-08-01 05:25:25.479594 DBG,RX,t=427100,event=CRC,bytes=378164,parsed=7715,accepted=4594,len=292,crc=2684,field=145,dup=0,old=1,ovf=0
2026-08-01 05:25:25.861675 DBG,RX,t=427240,event=CRC,bytes=378312,parsed=7718,accepted=4596,len=292,crc=2685,field=145,dup=0,old=1,ovf=0
2026-08-01 05:25:25.868751 DBG,RX,t=427300,event=CRC,bytes=378363,parsed=7719,accepted=4596,len=292,crc=2686,field=145,dup=0,old=1,ovf=0
2026-08-01 05:25:25.870074 DBG,RX,t=427360,event=CRC,bytes=378413,parsed=7720,accepted=4596,len=292,crc=2687,field=145,dup=0,old=1,ovf=0
2026-08-01 05:25:25.871862 DBG,RX,t=427460,event=CRC,bytes=378514,parsed=7722,accepted=4597,len=292,crc=2688,field=145,dup=0,old=1,ovf=0
2026-08-01 05:25:25.873408 DBG,RX,t=427520,event=LENGTH,bytes=378564,parsed=7723,accepted=4597,len=293,crc=2688,field=145,dup=0,old=1,ovf=0
2026-08-01 05:25:26.268037 DBG,RX,t=427560,event=CRC,bytes=378614,parsed=7724,accepted=4597,len=293,crc=2689,field=145,dup=0,old=1,ovf=0
2026-08-01 05:25:26.269333 DBG,RX,t=427620,event=CRC,bytes=378664,parsed=7725,accepted=4597,len=293,crc=2690,field=145,dup=0,old=1,ovf=0
2026-08-01 05:25:26.270413 DBG,RX,t=427740,event=CRC,bytes=378765,parsed=7727,accepted=4598,len=293,crc=2691,field=145,dup=0,old=1,ovf=0
2026-08-01 05:25:26.272207 DBG,RX,t=427780,event=CRC,bytes=378817,parsed=7728,accepted=4598,len=293,crc=2692,field=145,dup=0,old=1,ovf=0
2026-08-01 05:25:26.682435 DBG,RX,t=427940,event=CRC,bytes=378965,parsed=7731,accepted=4600,len=293,crc=2693,field=145,dup=0,old=1,ovf=0
2026-08-01 05:25:26.684180 DBG,RX,t=428100,event=CRC,bytes=379113,parsed=7734,accepted=4602,len=293,crc=2694,field=145,dup=0,old=1,ovf=0
2026-08-01 05:25:26.685270 DBG,RX,t=428260,event=CRC,bytes=379261,parsed=7737,accepted=4604,len=293,crc=2695,field=145,dup=0,old=1,ovf=0
2026-08-01 05:25:26.686264 DBG,RX,t=428320,event=CRC,bytes=379312,parsed=7738,accepted=4604,len=293,crc=2696,field=145,dup=0,old=1,ovf=0
2026-08-01 05:25:27.065054 DBG,RX,t=428360,event=CRC,bytes=379362,parsed=7739,accepted=4604,len=293,crc=2697,field=145,dup=0,old=1,ovf=0
2026-08-01 05:25:27.067054 DBG,RX,t=428440,event=CRC,bytes=379413,parsed=7740,accepted=4604,len=293,crc=2698,field=145,dup=0,old=1,ovf=0
2026-08-01 05:25:27.068406 DBG,RX,t=428600,event=CRC,bytes=379561,parsed=7743,accepted=4606,len=293,crc=2699,field=145,dup=0,old=1,ovf=0
2026-08-01 05:25:27.068789 DBG,RX,t=428640,event=CRC,bytes=379611,parsed=7744,accepted=4606,len=293,crc=2700,field=145,dup=0,old=1,ovf=0
2026-08-01 05:25:27.070981 DBG,RX,t=428740,event=CRC,bytes=379710,parsed=7746,accepted=4607,len=293,crc=2701,field=145,dup=0,old=1,ovf=0
2026-08-01 05:25:27.485011 DBG,RX,t=428800,event=CRC,bytes=379761,parsed=7747,accepted=4607,len=293,crc=2702,field=145,dup=0,old=1,ovf=0
2026-08-01 05:25:27.485381 DBG,RX,t=428860,event=CRC,bytes=379811,parsed=7748,accepted=4607,len=293,crc=2703,field=145,dup=0,old=1,ovf=0
2026-08-01 05:25:27.486450 DBG,RX,t=428900,event=CRC,bytes=379861,parsed=7749,accepted=4607,len=293,crc=2704,field=145,dup=0,old=1,ovf=0
2026-08-01 05:25:27.487453 DBG,RX,t=429060,event=LENGTH,bytes=380009,parsed=7752,accepted=4609,len=294,crc=2704,field=145,dup=0,old=1,ovf=0
2026-08-01 05:25:27.488450 DBG,RX,t=429120,event=CRC,bytes=380059,parsed=7753,accepted=4609,len=294,crc=2705,field=145,dup=0,old=1,ovf=0
2026-08-01 05:25:28.289809 DBG,RX,t=429600,event=CRC,bytes=380501,parsed=7762,accepted=4617,len=294,crc=2706,field=145,dup=0,old=1,ovf=0
2026-08-01 05:25:28.290810 DBG,RX,t=429660,event=CRC,bytes=380552,parsed=7763,accepted=4617,len=294,crc=2707,field=145,dup=0,old=1,ovf=0
2026-08-01 05:25:28.292982 DBG,RX,t=429760,event=CRC,bytes=380652,parsed=7765,accepted=4618,len=294,crc=2708,field=145,dup=0,old=1,ovf=0
2026-08-01 05:25:28.293809 DBG,RX,t=429820,event=CRC,bytes=380702,parsed=7766,accepted=4618,len=294,crc=2709,field=145,dup=0,old=1,ovf=0
2026-08-01 05:25:28.293809 DBG,RX,t=429920,event=CRC,bytes=380801,parsed=7768,accepted=4619,len=294,crc=2710,field=145,dup=0,old=1,ovf=0
2026-08-01 05:25:28.681033 DBG,RX,t=429980,event=LENGTH,bytes=380852,parsed=7769,accepted=4619,len=295,crc=2710,field=145,dup=0,old=1,ovf=0
2026-08-01 05:25:28.682043 DBG,RX,t=430040,event=CRC,bytes=380902,parsed=7770,accepted=4619,len=295,crc=2711,field=145,dup=0,old=1,ovf=0
2026-08-01 05:25:28.682043 DBG,RX,t=430080,event=CRC,bytes=380953,parsed=7771,accepted=4619,len=295,crc=2712,field=145,dup=0,old=1,ovf=0
2026-08-01 05:25:28.683056 DBG,RX,t=430300,event=CRC,bytes=381151,parsed=7775,accepted=4622,len=295,crc=2713,field=145,dup=0,old=1,ovf=0
2026-08-01 05:25:28.684564 DBG,RX,t=430360,event=CRC,bytes=381202,parsed=7776,accepted=4622,len=295,crc=2714,field=145,dup=0,old=1,ovf=0
2026-08-01 05:25:29.044091 DBG,RX,t=430400,event=LENGTH,bytes=381253,parsed=7777,accepted=4622,len=296,crc=2714,field=145,dup=0,old=1,ovf=0
2026-08-01 05:25:29.045511 DBG,RX,t=430520,event=CRC,bytes=381352,parsed=7779,accepted=4623,len=296,crc=2715,field=145,dup=0,old=1,ovf=0
2026-08-01 05:25:29.046763 DBG,RX,t=430560,event=CRC,bytes=381402,parsed=7780,accepted=4623,len=296,crc=2716,field=145,dup=0,old=1,ovf=0
2026-08-01 05:25:29.387412 DBG,RX,t=430880,event=CRC,bytes=381699,parsed=7786,accepted=4628,len=296,crc=2717,field=145,dup=0,old=1,ovf=0
2026-08-01 05:25:29.756249 DBG,RX,t=431200,event=CRC,bytes=381995,parsed=7792,accepted=4633,len=296,crc=2718,field=145,dup=0,old=1,ovf=0
2026-08-01 05:25:29.757244 DBG,RX,t=431320,event=CRC,bytes=382094,parsed=7794,accepted=4634,len=296,crc=2719,field=145,dup=0,old=1,ovf=0
2026-08-01 05:25:29.757244 DBG,RX,t=431460,event=CRC,bytes=382242,parsed=7797,accepted=4636,len=296,crc=2720,field=145,dup=0,old=1,ovf=0
2026-08-01 05:25:30.512170 DBG,RX,t=431920,event=CRC,bytes=382635,parsed=7805,accepted=4643,len=296,crc=2721,field=145,dup=0,old=1,ovf=0
2026-08-01 05:25:30.873391 DBG,RX,t=432240,event=CRC,bytes=382931,parsed=7811,accepted=4648,len=296,crc=2722,field=145,dup=0,old=1,ovf=0
2026-08-01 05:25:30.874508 DBG,RX,t=432460,event=CRC,bytes=383128,parsed=7815,accepted=4651,len=296,crc=2723,field=145,dup=0,old=1,ovf=0
2026-08-01 05:25:31.285100 DBG,RX,t=432940,event=CRC,bytes=383570,parsed=7824,accepted=4659,len=296,crc=2724,field=145,dup=0,old=1,ovf=0
2026-08-01 05:25:31.674661 DBG,RX,t=433040,event=CRC,bytes=383669,parsed=7826,accepted=4660,len=296,crc=2725,field=145,dup=0,old=1,ovf=0
2026-08-01 05:25:31.675662 DBG,RX,t=433100,event=LENGTH,bytes=383719,parsed=7827,accepted=4660,len=297,crc=2725,field=145,dup=0,old=1,ovf=0
2026-08-01 05:25:31.676663 DBG,RX,t=433140,event=CRC,bytes=383769,parsed=7828,accepted=4660,len=297,crc=2726,field=145,dup=0,old=1,ovf=0
2026-08-01 05:25:31.677664 DBG,RX,t=433200,event=LENGTH,bytes=383821,parsed=7829,accepted=4660,len=298,crc=2726,field=145,dup=0,old=1,ovf=0
2026-08-01 05:25:31.678661 DBG,RX,t=433260,event=CRC,bytes=383871,parsed=7830,accepted=4660,len=298,crc=2727,field=145,dup=0,old=1,ovf=0
2026-08-01 05:25:31.678661 DBG,RX,t=433300,event=CRC,bytes=383922,parsed=7831,accepted=4660,len=298,crc=2728,field=145,dup=0,old=1,ovf=0
2026-08-01 05:25:32.052262 DBG,RX,t=433740,event=CRC,bytes=384317,parsed=7839,accepted=4667,len=298,crc=2729,field=145,dup=0,old=1,ovf=0
2026-08-01 05:25:32.436875 DBG,RX,t=433840,event=CRC,bytes=384416,parsed=7841,accepted=4668,len=298,crc=2730,field=145,dup=0,old=1,ovf=0
2026-08-01 05:25:32.438307 DBG,RX,t=434100,event=CRC,bytes=384664,parsed=7846,accepted=4672,len=298,crc=2731,field=145,dup=0,old=1,ovf=0
2026-08-01 05:25:32.867249 DBG,RX,t=434480,event=CRC,bytes=385008,parsed=7853,accepted=4678,len=298,crc=2732,field=145,dup=0,old=1,ovf=0
2026-08-01 05:25:32.868733 DBG,RX,t=434520,event=CRC,bytes=385058,parsed=7854,accepted=4678,len=298,crc=2733,field=145,dup=0,old=1,ovf=0
2026-08-01 05:25:32.870281 DBG,RX,t=434580,event=CRC,bytes=385109,parsed=7855,accepted=4678,len=298,crc=2734,field=145,dup=0,old=1,ovf=0
2026-08-01 05:25:33.282332 DBG,RX,t=434680,event=LENGTH,bytes=385209,parsed=7857,accepted=4679,len=299,crc=2734,field=145,dup=0,old=1,ovf=0
2026-08-01 05:25:33.283878 DBG,RX,t=434920,event=CRC,bytes=385406,parsed=7861,accepted=4682,len=299,crc=2735,field=145,dup=0,old=1,ovf=0
2026-08-01 05:25:33.632595 DBG,RX,t=435060,event=CRC,bytes=385554,parsed=7864,accepted=4684,len=299,crc=2736,field=145,dup=0,old=1,ovf=0
2026-08-01 05:25:33.633602 DBG,RX,t=435380,event=CRC,bytes=385849,parsed=7870,accepted=4689,len=299,crc=2737,field=145,dup=0,old=1,ovf=0
2026-08-01 05:25:34.006200 DBG,RX,t=435500,event=CRC,bytes=385948,parsed=7872,accepted=4690,len=299,crc=2738,field=145,dup=0,old=1,ovf=0
2026-08-01 05:25:34.007411 DBG,RX,t=435540,event=CRC,bytes=385998,parsed=7873,accepted=4690,len=299,crc=2739,field=145,dup=0,old=1,ovf=0
2026-08-01 05:25:34.399522 DBG,RX,t=435860,event=CRC,bytes=386293,parsed=7879,accepted=4695,len=299,crc=2740,field=145,dup=0,old=1,ovf=0
2026-08-01 05:25:34.401350 DBG,RX,t=435920,event=FIELD,bytes=386343,parsed=7880,accepted=4695,len=299,crc=2740,field=146,dup=0,old=1,ovf=0
2026-08-01 05:25:34.403061 DBG,RX,t=435980,event=CRC,bytes=386393,parsed=7881,accepted=4695,len=299,crc=2741,field=146,dup=0,old=1,ovf=0
2026-08-01 05:25:34.403604 DBG,RX,t=436080,event=LENGTH,bytes=386493,parsed=7883,accepted=4696,len=300,crc=2741,field=146,dup=0,old=1,ovf=0
2026-08-01 05:25:34.767788 DBG,RX,t=436340,event=CRC,bytes=386740,parsed=7888,accepted=4700,len=300,crc=2742,field=146,dup=0,old=1,ovf=0
2026-08-01 05:25:34.768791 DBG,RX,t=436400,event=CRC,bytes=386792,parsed=7889,accepted=4700,len=300,crc=2743,field=146,dup=0,old=1,ovf=0
2026-08-01 05:25:34.768791 DBG,RX,t=436460,event=CRC,bytes=386843,parsed=7890,accepted=4700,len=300,crc=2744,field=146,dup=0,old=1,ovf=0
2026-08-01 05:25:34.771344 DBG,RX,t=436500,event=CRC,bytes=386894,parsed=7891,accepted=4700,len=300,crc=2745,field=146,dup=0,old=1,ovf=0
2026-08-01 05:25:35.138693 DBG,RX,t=436620,event=CRC,bytes=386993,parsed=7893,accepted=4701,len=300,crc=2746,field=146,dup=0,old=1,ovf=0
2026-08-01 05:25:35.139685 DBG,RX,t=436660,event=CRC,bytes=387044,parsed=7894,accepted=4701,len=300,crc=2747,field=146,dup=0,old=1,ovf=0
2026-08-01 05:25:35.140686 DBG,RX,t=436720,event=CRC,bytes=387094,parsed=7895,accepted=4701,len=300,crc=2748,field=146,dup=0,old=1,ovf=0
2026-08-01 05:25:35.526111 DBG,RX,t=437100,event=CRC,bytes=387440,parsed=7902,accepted=4707,len=300,crc=2749,field=146,dup=0,old=1,ovf=0
2026-08-01 05:25:35.527112 DBG,RX,t=437160,event=CRC,bytes=387491,parsed=7903,accepted=4707,len=300,crc=2750,field=146,dup=0,old=1,ovf=0
2026-08-01 05:25:35.528622 DBG,RX,t=437260,event=CRC,bytes=387590,parsed=7905,accepted=4708,len=300,crc=2751,field=146,dup=0,old=1,ovf=0
2026-08-01 05:25:35.882277 DBG,RX,t=437380,event=CRC,bytes=387689,parsed=7907,accepted=4709,len=300,crc=2752,field=146,dup=0,old=1,ovf=0
2026-08-01 05:25:35.882277 DBG,RX,t=437520,event=CRC,bytes=387837,parsed=7910,accepted=4711,len=300,crc=2753,field=146,dup=0,old=1,ovf=0
2026-08-01 05:25:35.885088 DBG,RX,t=437580,event=CRC,bytes=387887,parsed=7911,accepted=4711,len=300,crc=2754,field=146,dup=0,old=1,ovf=0
2026-08-01 05:25:36.233835 DBG,RX,t=437680,event=CRC,bytes=387986,parsed=7913,accepted=4712,len=300,crc=2755,field=146,dup=0,old=1,ovf=0
2026-08-01 05:25:36.235816 DBG,RX,t=437900,event=CRC,bytes=388183,parsed=7917,accepted=4715,len=300,crc=2756,field=146,dup=0,old=1,ovf=0
2026-08-01 05:25:36.235816 DBG,RX,t=437960,event=CRC,bytes=388236,parsed=7918,accepted=4715,len=300,crc=2757,field=146,dup=0,old=1,ovf=0
2026-08-01 05:25:36.589593 DBG,RX,t=438060,event=CRC,bytes=388336,parsed=7920,accepted=4716,len=300,crc=2758,field=146,dup=0,old=1,ovf=0
2026-08-01 05:25:36.590592 DBG,RX,t=438120,event=CRC,bytes=388386,parsed=7921,accepted=4716,len=300,crc=2759,field=146,dup=0,old=1,ovf=0
2026-08-01 05:25:36.591901 DBG,RX,t=438240,event=CRC,bytes=388486,parsed=7923,accepted=4717,len=300,crc=2760,field=146,dup=0,old=1,ovf=0
2026-08-01 05:25:36.593589 DBG,RX,t=438280,event=CRC,bytes=388538,parsed=7924,accepted=4717,len=300,crc=2761,field=146,dup=0,old=1,ovf=0
2026-08-01 05:25:36.594684 DBG,RX,t=438380,event=CRC,bytes=388638,parsed=7926,accepted=4718,len=300,crc=2762,field=146,dup=0,old=1,ovf=0
2026-08-01 05:25:36.989488 DBG,RX,t=438440,event=CRC,bytes=388688,parsed=7927,accepted=4718,len=300,crc=2763,field=146,dup=0,old=1,ovf=0
2026-08-01 05:25:36.990486 DBG,RX,t=438540,event=CRC,bytes=388787,parsed=7929,accepted=4719,len=300,crc=2764,field=146,dup=0,old=1,ovf=0
2026-08-01 05:25:36.990486 DBG,RX,t=438600,event=CRC,bytes=388837,parsed=7930,accepted=4719,len=300,crc=2765,field=146,dup=0,old=1,ovf=0
2026-08-01 05:25:36.995004 DBG,RX,t=438700,event=FIELD,bytes=388937,parsed=7932,accepted=4720,len=300,crc=2765,field=147,dup=0,old=1,ovf=0
2026-08-01 05:25:37.374851 DBG,RX,t=438820,event=CRC,bytes=389036,parsed=7934,accepted=4721,len=300,crc=2766,field=147,dup=0,old=1,ovf=0
2026-08-01 05:25:37.376297 DBG,RX,t=439020,event=CRC,bytes=389233,parsed=7938,accepted=4724,len=300,crc=2767,field=147,dup=0,old=1,ovf=0
2026-08-01 05:25:37.376743 DBG,RX,t=439080,event=CRC,bytes=389283,parsed=7939,accepted=4724,len=300,crc=2768,field=147,dup=0,old=1,ovf=0
2026-08-01 05:25:37.746286 DBG,RX,t=439340,event=LENGTH,bytes=389531,parsed=7944,accepted=4728,len=301,crc=2768,field=147,dup=0,old=1,ovf=0
2026-08-01 05:25:37.747301 DBG,RX,t=439400,event=LENGTH,bytes=389581,parsed=7945,accepted=4728,len=302,crc=2768,field=147,dup=0,old=1,ovf=0
2026-08-01 05:25:37.748299 DBG,RX,t=439520,event=CRC,bytes=389681,parsed=7947,accepted=4729,len=302,crc=2769,field=147,dup=0,old=1,ovf=0
2026-08-01 05:25:38.099934 DBG,RX,t=439560,event=CRC,bytes=389731,parsed=7948,accepted=4729,len=302,crc=2770,field=147,dup=0,old=1,ovf=0
2026-08-01 05:25:38.099934 DBG,RX,t=439660,event=CRC,bytes=389830,parsed=7950,accepted=4730,len=302,crc=2771,field=147,dup=0,old=1,ovf=0
2026-08-01 05:25:38.101940 DBG,RX,t=439720,event=CRC,bytes=389880,parsed=7951,accepted=4730,len=302,crc=2772,field=147,dup=0,old=1,ovf=0
2026-08-01 05:25:38.102950 DBG,RX,t=439840,event=CRC,bytes=389980,parsed=7953,accepted=4731,len=302,crc=2773,field=147,dup=0,old=1,ovf=0
2026-08-01 05:25:38.103950 DBG,RX,t=439880,event=CRC,bytes=390030,parsed=7954,accepted=4731,len=302,crc=2774,field=147,dup=0,old=1,ovf=0
2026-08-01 05:25:38.497251 DBG,RX,t=439980,event=CRC,bytes=390129,parsed=7956,accepted=4732,len=302,crc=2775,field=147,dup=0,old=1,ovf=0
2026-08-01 05:25:38.499268 DBG,RX,t=440080,event=CRC,bytes=390228,parsed=7958,accepted=4733,len=302,crc=2776,field=147,dup=0,old=1,ovf=0
2026-08-01 05:25:38.500345 DBG,RX,t=440300,event=CRC,bytes=390426,parsed=7962,accepted=4736,len=302,crc=2777,field=147,dup=0,old=1,ovf=0
2026-08-01 05:25:38.860939 DBG,RX,t=440360,event=CRC,bytes=390476,parsed=7963,accepted=4736,len=302,crc=2778,field=147,dup=0,old=1,ovf=0
2026-08-01 05:25:38.862452 DBG,RX,t=440460,event=CRC,bytes=390575,parsed=7965,accepted=4737,len=302,crc=2779,field=147,dup=0,old=1,ovf=0
2026-08-01 05:25:38.863831 DBG,RX,t=440620,event=CRC,bytes=390723,parsed=7968,accepted=4739,len=302,crc=2780,field=147,dup=0,old=1,ovf=0
2026-08-01 05:25:39.211801 DBG,RX,t=440780,event=CRC,bytes=390871,parsed=7971,accepted=4741,len=302,crc=2781,field=147,dup=0,old=1,ovf=0
2026-08-01 05:25:39.213134 DBG,RX,t=440900,event=CRC,bytes=390970,parsed=7973,accepted=4742,len=302,crc=2782,field=147,dup=0,old=1,ovf=0
2026-08-01 05:25:39.214143 DBG,RX,t=440940,event=CRC,bytes=391021,parsed=7974,accepted=4742,len=302,crc=2783,field=147,dup=0,old=1,ovf=0
2026-08-01 05:25:39.572045 DBG,RX,t=441100,event=CRC,bytes=391170,parsed=7977,accepted=4744,len=302,crc=2784,field=147,dup=0,old=1,ovf=0
2026-08-01 05:25:39.574950 DBG,RX,t=441200,event=CRC,bytes=391272,parsed=7979,accepted=4745,len=302,crc=2785,field=147,dup=0,old=1,ovf=0
2026-08-01 05:25:39.574950 DBG,RX,t=441320,event=CRC,bytes=391371,parsed=7981,accepted=4746,len=302,crc=2786,field=147,dup=0,old=1,ovf=0
2026-08-01 05:25:40.002878 DBG,RX,t=441480,event=LENGTH,bytes=391519,parsed=7984,accepted=4748,len=303,crc=2786,field=147,dup=0,old=1,ovf=0
2026-08-01 05:25:40.002878 DBG,RX,t=441580,event=CRC,bytes=391618,parsed=7986,accepted=4749,len=303,crc=2787,field=147,dup=0,old=1,ovf=0
2026-08-01 05:25:40.377079 DBG,RX,t=441900,event=CRC,bytes=391914,parsed=7992,accepted=4754,len=303,crc=2788,field=147,dup=0,old=1,ovf=0
2026-08-01 05:25:40.378089 DBG,RX,t=441960,event=CRC,bytes=391964,parsed=7993,accepted=4754,len=303,crc=2789,field=147,dup=0,old=1,ovf=0
2026-08-01 05:25:40.751783 DBG,RX,t=442220,event=CRC,bytes=392211,parsed=7998,accepted=4758,len=303,crc=2790,field=147,dup=0,old=1,ovf=0
2026-08-01 05:25:40.753312 DBG,RX,t=442280,event=LENGTH,bytes=392261,parsed=7999,accepted=4758,len=304,crc=2790,field=147,dup=0,old=1,ovf=0
2026-08-01 05:25:40.754323 DBG,RX,t=442340,event=FIELD,bytes=392313,parsed=8000,accepted=4758,len=304,crc=2790,field=148,dup=0,old=1,ovf=0
2026-08-01 05:25:40.755324 DBG,RX,t=442400,event=CRC,bytes=392364,parsed=8001,accepted=4758,len=304,crc=2791,field=148,dup=0,old=1,ovf=0
2026-08-01 05:25:40.756323 DBG,RX,t=442460,event=CRC,bytes=392416,parsed=8002,accepted=4758,len=304,crc=2792,field=148,dup=0,old=1,ovf=0
2026-08-01 05:25:41.151071 DBG,RX,t=442660,event=CRC,bytes=392613,parsed=8006,accepted=4761,len=304,crc=2793,field=148,dup=0,old=1,ovf=0
2026-08-01 05:25:41.153008 DBG,RX,t=442820,event=CRC,bytes=392761,parsed=8009,accepted=4763,len=304,crc=2794,field=148,dup=0,old=1,ovf=0
2026-08-01 05:25:41.154701 DBG,RX,t=442940,event=CRC,bytes=392860,parsed=8011,accepted=4764,len=304,crc=2795,field=148,dup=0,old=1,ovf=0
2026-08-01 05:25:41.155695 DBG,RX,t=442980,event=CRC,bytes=392911,parsed=8012,accepted=4764,len=304,crc=2796,field=148,dup=0,old=1,ovf=0
2026-08-01 05:25:41.554577 DBG,RX,t=443080,event=CRC,bytes=393012,parsed=8014,accepted=4765,len=304,crc=2797,field=148,dup=0,old=1,ovf=0
2026-08-01 05:25:41.555591 DBG,RX,t=443140,event=CRC,bytes=393062,parsed=8015,accepted=4765,len=304,crc=2798,field=148,dup=0,old=1,ovf=0
2026-08-01 05:25:41.556604 DBG,RX,t=443240,event=CRC,bytes=393161,parsed=8017,accepted=4766,len=304,crc=2799,field=148,dup=0,old=1,ovf=0
2026-08-01 05:25:41.557602 DBG,RX,t=443300,event=CRC,bytes=393213,parsed=8018,accepted=4766,len=304,crc=2800,field=148,dup=0,old=1,ovf=0
2026-08-01 05:25:42.244679 DBG,RX,t=443780,event=CRC,bytes=393655,parsed=8027,accepted=4774,len=304,crc=2801,field=148,dup=0,old=1,ovf=0
2026-08-01 05:25:42.245616 DBG,RX,t=443940,event=CRC,bytes=393804,parsed=8030,accepted=4776,len=304,crc=2802,field=148,dup=0,old=1,ovf=0
2026-08-01 05:25:42.246677 DBG,RX,t=444040,event=LENGTH,bytes=393905,parsed=8032,accepted=4777,len=305,crc=2802,field=148,dup=0,old=1,ovf=0
2026-08-01 05:25:42.607907 DBG,RX,t=444160,event=CRC,bytes=394004,parsed=8034,accepted=4778,len=305,crc=2803,field=148,dup=0,old=1,ovf=0
2026-08-01 05:25:42.607907 DBG,RX,t=444260,event=CRC,bytes=394103,parsed=8036,accepted=4779,len=305,crc=2804,field=148,dup=0,old=1,ovf=0
2026-08-01 05:25:43.014464 DBG,RX,t=444480,event=FIELD,bytes=394303,parsed=8040,accepted=4782,len=305,crc=2804,field=149,dup=0,old=1,ovf=0
2026-08-01 05:25:43.015474 DBG,RX,t=444540,event=LENGTH,bytes=394354,parsed=8041,accepted=4782,len=306,crc=2804,field=149,dup=0,old=1,ovf=0
2026-08-01 05:25:43.017309 DBG,RX,t=444600,event=CRC,bytes=394405,parsed=8042,accepted=4782,len=306,crc=2805,field=149,dup=0,old=1,ovf=0
2026-08-01 05:25:43.018491 DBG,RX,t=444640,event=LENGTH,bytes=394457,parsed=8043,accepted=4782,len=307,crc=2805,field=149,dup=0,old=1,ovf=0
2026-08-01 05:25:43.019693 DBG,RX,t=444760,event=CRC,bytes=394556,parsed=8045,accepted=4783,len=307,crc=2806,field=149,dup=0,old=1,ovf=0
2026-08-01 05:25:43.020705 DBG,RX,t=444800,event=CRC,bytes=394606,parsed=8046,accepted=4783,len=307,crc=2807,field=149,dup=0,old=1,ovf=0
2026-08-01 05:25:43.424748 DBG,RX,t=444900,event=CRC,bytes=394705,parsed=8048,accepted=4784,len=307,crc=2808,field=149,dup=0,old=1,ovf=0
2026-08-01 05:25:43.426400 DBG,RX,t=444960,event=CRC,bytes=394755,parsed=8049,accepted=4784,len=307,crc=2809,field=149,dup=0,old=1,ovf=0
2026-08-01 05:25:43.426400 DBG,RX,t=445020,event=CRC,bytes=394805,parsed=8050,accepted=4784,len=307,crc=2810,field=149,dup=0,old=1,ovf=0
2026-08-01 05:25:43.428932 DBG,RX,t=445060,event=CRC,bytes=394855,parsed=8051,accepted=4784,len=307,crc=2811,field=149,dup=0,old=1,ovf=0
2026-08-01 05:25:43.430537 DBG,RX,t=445220,event=CRC,bytes=395003,parsed=8054,accepted=4786,len=307,crc=2812,field=149,dup=0,old=1,ovf=0
2026-08-01 05:25:43.819082 DBG,RX,t=445340,event=CRC,bytes=395103,parsed=8056,accepted=4787,len=307,crc=2813,field=149,dup=0,old=1,ovf=0
2026-08-01 05:25:43.821047 DBG,RX,t=445600,event=CRC,bytes=395352,parsed=8061,accepted=4791,len=307,crc=2814,field=149,dup=0,old=1,ovf=0
2026-08-01 05:25:44.188941 DBG,RX,t=445920,event=CRC,bytes=395649,parsed=8067,accepted=4796,len=307,crc=2815,field=149,dup=0,old=1,ovf=0
2026-08-01 05:25:44.501303 DBG,RX,t=446180,event=CRC,bytes=395895,parsed=8072,accepted=4800,len=307,crc=2816,field=149,dup=0,old=1,ovf=0
2026-08-01 05:25:44.501856 DBG,RX,t=446240,event=CRC,bytes=395945,parsed=8073,accepted=4800,len=307,crc=2817,field=149,dup=0,old=1,ovf=0
2026-08-01 05:25:44.502868 DBG,RX,t=446340,event=CRC,bytes=396044,parsed=8075,accepted=4801,len=307,crc=2818,field=149,dup=0,old=1,ovf=0
2026-08-01 05:25:44.800199 DBG,RX,t=446500,event=CRC,bytes=396192,parsed=8078,accepted=4803,len=307,crc=2819,field=149,dup=0,old=1,ovf=0
2026-08-01 05:25:45.103598 DBG,RX,t=446820,event=FIELD,bytes=396488,parsed=8084,accepted=4808,len=307,crc=2819,field=150,dup=0,old=1,ovf=0
2026-08-01 05:25:45.104601 DBG,RX,t=446880,event=CRC,bytes=396538,parsed=8085,accepted=4808,len=307,crc=2820,field=150,dup=0,old=1,ovf=0
2026-08-01 05:25:45.105813 DBG,RX,t=447000,event=CRC,bytes=396637,parsed=8087,accepted=4809,len=307,crc=2821,field=150,dup=0,old=1,ovf=0
2026-08-01 05:25:45.406166 DBG,RX,t=447140,event=CRC,bytes=396788,parsed=8090,accepted=4811,len=307,crc=2822,field=150,dup=0,old=1,ovf=0
2026-08-01 05:25:45.407176 DBG,RX,t=447200,event=CRC,bytes=396839,parsed=8091,accepted=4811,len=307,crc=2823,field=150,dup=0,old=1,ovf=0
2026-08-01 05:25:45.686677 DBG,RX,t=447460,event=CRC,bytes=397085,parsed=8096,accepted=4815,len=307,crc=2824,field=150,dup=0,old=1,ovf=0
2026-08-01 05:25:45.925831 DBG,RX,t=447760,event=CRC,bytes=397331,parsed=8101,accepted=4819,len=307,crc=2825,field=150,dup=0,old=1,ovf=0
2026-08-01 05:25:46.157690 DBG,RX,t=447900,event=CRC,bytes=397480,parsed=8104,accepted=4821,len=307,crc=2826,field=150,dup=0,old=1,ovf=0
2026-08-01 05:25:46.158686 DBG,RX,t=447960,event=CRC,bytes=397531,parsed=8105,accepted=4821,len=307,crc=2827,field=150,dup=0,old=1,ovf=0
2026-08-01 05:25:46.402562 DBG,RX,t=448180,event=LENGTH,bytes=397730,parsed=8109,accepted=4824,len=308,crc=2827,field=150,dup=0,old=1,ovf=0
2026-08-01 05:25:46.402562 DBG,RX,t=448240,event=CRC,bytes=397780,parsed=8110,accepted=4824,len=308,crc=2828,field=150,dup=0,old=1,ovf=0
2026-08-01 05:25:46.643899 DBG,RX,t=448440,event=CRC,bytes=397977,parsed=8114,accepted=4827,len=308,crc=2829,field=150,dup=0,old=1,ovf=0
2026-08-01 05:25:46.869421 DBG,RX,t=448600,event=CRC,bytes=398126,parsed=8117,accepted=4829,len=308,crc=2830,field=150,dup=0,old=1,ovf=0
2026-08-01 05:25:46.870436 DBG,RX,t=448760,event=CRC,bytes=398274,parsed=8120,accepted=4831,len=308,crc=2831,field=150,dup=0,old=1,ovf=0
2026-08-01 05:25:47.126850 DBG,RX,t=448820,event=CRC,bytes=398324,parsed=8121,accepted=4831,len=308,crc=2832,field=150,dup=0,old=1,ovf=0
2026-08-01 05:25:47.127725 DBG,RX,t=449040,event=CRC,bytes=398521,parsed=8125,accepted=4834,len=308,crc=2833,field=150,dup=0,old=1,ovf=0
2026-08-01 05:25:47.594968 DBG,RX,t=449300,event=CRC,bytes=398767,parsed=8130,accepted=4838,len=308,crc=2834,field=150,dup=0,old=1,ovf=0
2026-08-01 05:25:47.596268 DBG,RX,t=449500,event=FIELD,bytes=398965,parsed=8134,accepted=4841,len=308,crc=2834,field=151,dup=0,old=1,ovf=0
2026-08-01 05:25:47.846196 DBG,RX,t=449600,event=CRC,bytes=399064,parsed=8136,accepted=4842,len=308,crc=2835,field=151,dup=0,old=1,ovf=0
2026-08-01 05:25:47.847277 DBG,RX,t=449660,event=CRC,bytes=399116,parsed=8137,accepted=4842,len=308,crc=2836,field=151,dup=0,old=1,ovf=0
2026-08-01 05:25:48.093863 DBG,RX,t=449880,event=CRC,bytes=399314,parsed=8141,accepted=4845,len=308,crc=2837,field=151,dup=0,old=1,ovf=0
2026-08-01 05:25:48.094863 DBG,RX,t=449980,event=CRC,bytes=399413,parsed=8143,accepted=4846,len=308,crc=2838,field=151,dup=0,old=1,ovf=0
2026-08-01 05:25:48.355135 DBG,RX,t=450040,event=CRC,bytes=399463,parsed=8144,accepted=4846,len=308,crc=2839,field=151,dup=0,old=1,ovf=0
2026-08-01 05:25:48.355644 DBG,RX,t=450200,event=CRC,bytes=399612,parsed=8147,accepted=4848,len=308,crc=2840,field=151,dup=0,old=1,ovf=0
2026-08-01 05:25:48.356654 DBG,RX,t=450260,event=CRC,bytes=399662,parsed=8148,accepted=4848,len=308,crc=2841,field=151,dup=0,old=1,ovf=0
2026-08-01 05:25:48.643466 DBG,RX,t=450300,event=CRC,bytes=399712,parsed=8149,accepted=4848,len=308,crc=2842,field=151,dup=0,old=1,ovf=0
2026-08-01 05:25:48.645002 DBG,RX,t=450560,event=CRC,bytes=399958,parsed=8154,accepted=4852,len=308,crc=2843,field=151,dup=0,old=1,ovf=0
2026-08-01 05:25:48.872002 DBG,RX,t=450620,event=CRC,bytes=400008,parsed=8155,accepted=4852,len=308,crc=2844,field=151,dup=0,old=1,ovf=0
2026-08-01 05:25:48.873380 DBG,RX,t=450680,event=CRC,bytes=400058,parsed=8156,accepted=4852,len=308,crc=2845,field=151,dup=0,old=1,ovf=0
2026-08-01 05:25:48.874394 DBG,RX,t=450720,event=CRC,bytes=400109,parsed=8157,accepted=4852,len=308,crc=2846,field=151,dup=0,old=1,ovf=0
2026-08-01 05:25:48.875393 DBG,RX,t=450780,event=CRC,bytes=400160,parsed=8158,accepted=4852,len=308,crc=2847,field=151,dup=0,old=1,ovf=0
2026-08-01 05:25:49.127051 DBG,RX,t=450960,event=CRC,bytes=400309,parsed=8161,accepted=4854,len=308,crc=2848,field=151,dup=0,old=1,ovf=0
2026-08-01 05:25:49.351970 DBG,RX,t=451280,event=CRC,bytes=400608,parsed=8167,accepted=4859,len=308,crc=2849,field=151,dup=0,old=1,ovf=0
2026-08-01 05:25:49.586648 DBG,RX,t=451320,event=CRC,bytes=400661,parsed=8168,accepted=4859,len=308,crc=2850,field=151,dup=0,old=1,ovf=0
2026-08-01 05:25:49.587645 DBG,RX,t=451380,event=CRC,bytes=400712,parsed=8169,accepted=4859,len=308,crc=2851,field=151,dup=0,old=1,ovf=0
2026-08-01 05:25:49.587645 DBG,RX,t=451420,event=CRC,bytes=400763,parsed=8170,accepted=4859,len=308,crc=2852,field=151,dup=0,old=1,ovf=0
2026-08-01 05:25:49.588649 DBG,RX,t=451480,event=CRC,bytes=400815,parsed=8171,accepted=4859,len=308,crc=2853,field=151,dup=0,old=1,ovf=0
2026-08-01 05:25:49.830225 DBG,RX,t=451540,event=CRC,bytes=400866,parsed=8172,accepted=4859,len=308,crc=2854,field=151,dup=0,old=1,ovf=0
2026-08-01 05:25:49.830225 DBG,RX,t=451600,event=CRC,bytes=400919,parsed=8173,accepted=4859,len=308,crc=2855,field=151,dup=0,old=1,ovf=0
2026-08-01 05:25:49.831751 DBG,CTRL,t=451640,old=LOST,new=VIS,mage=9,rxage=0,seq=8175,valid=1,meas=1,streak=1,event=TARGET
2026-08-01 05:25:49.831751 DBG,FILTER,t=451640,result=ACCEPT,seq=8175,valid=1,meas=1,pos=-43,accepted=2549,jump=0,hold=16
2026-08-01 05:25:49.833563 DBG,RX,t=451740,event=CRC,bytes=401072,parsed=8176,accepted=4861,len=308,crc=2856,field=151,dup=0,old=1,ovf=0
2026-08-01 05:25:50.089299 DBG,RX,t=451800,event=CRC,bytes=401126,parsed=8177,accepted=4861,len=308,crc=2857,field=151,dup=0,old=1,ovf=0
2026-08-01 05:25:50.090298 DBG,RX,t=451920,event=CRC,bytes=401227,parsed=8179,accepted=4862,len=308,crc=2858,field=151,dup=0,old=1,ovf=0
2026-08-01 05:25:50.090298 DBG,RX,t=451960,event=CRC,bytes=401280,parsed=8180,accepted=4862,len=308,crc=2859,field=151,dup=0,old=1,ovf=0
2026-08-01 05:25:50.324740 DBG,RX,t=452120,event=CRC,bytes=401431,parsed=8183,accepted=4864,len=308,crc=2860,field=151,dup=0,old=1,ovf=0
2026-08-01 05:25:50.324740 DBG,CTRL,t=452180,old=VIS,new=ACT,mage=11,rxage=0,seq=8185,valid=1,meas=1,streak=3,event=TARGET
2026-08-01 05:25:50.569929 DBG,RX,t=452460,event=CRC,bytes=401732,parsed=8189,accepted=4869,len=308,crc=2861,field=151,dup=0,old=1,ovf=0
2026-08-01 05:25:50.571783 DBG,RX,t=452500,event=CRC,bytes=401783,parsed=8190,accepted=4869,len=308,crc=2862,field=151,dup=0,old=1,ovf=0
2026-08-01 05:25:50.805465 DBG,CTRL,t=452540,old=ACT,new=VIS,mage=154,rxage=40,seq=8189,valid=1,meas=1,streak=0,event=CRC
2026-08-01 05:25:50.807110 DBG,CTRL,t=452660,old=VIS,new=ACT,mage=6,rxage=0,seq=8194,valid=1,meas=1,streak=3,event=TARGET
2026-08-01 05:25:51.082004 DBG,RX,t=452820,event=LENGTH,bytes=402084,parsed=8196,accepted=4874,len=309,crc=2862,field=151,dup=0,old=1,ovf=0
2026-08-01 05:25:51.082004 DBG,RX,t=452880,event=CRC,bytes=402135,parsed=8197,accepted=4874,len=309,crc=2863,field=151,dup=0,old=1,ovf=0
2026-08-01 05:25:51.082004 DBG,CTRL,t=452920,old=ACT,new=VIS,mage=154,rxage=0,seq=8196,valid=1,meas=1,streak=0,event=CRC
2026-08-01 05:25:51.082004 DBG,RX,t=452980,event=CRC,bytes=402236,parsed=8199,accepted=4875,len=309,crc=2864,field=151,dup=0,old=1,ovf=0
2026-08-01 05:25:51.361793 DBG,RX,t=453060,event=CRC,bytes=402287,parsed=8200,accepted=4875,len=309,crc=2865,field=151,dup=0,old=1,ovf=0
2026-08-01 05:25:51.362892 DBG,RX,t=453100,event=CRC,bytes=402338,parsed=8201,accepted=4875,len=309,crc=2866,field=151,dup=0,old=1,ovf=0
2026-08-01 05:25:51.363894 DBG,RX,t=453160,event=CRC,bytes=402389,parsed=8202,accepted=4875,len=309,crc=2867,field=151,dup=0,old=1,ovf=0
2026-08-01 05:25:51.364893 DBG,RX,t=453260,event=CRC,bytes=402490,parsed=8204,accepted=4876,len=309,crc=2868,field=151,dup=0,old=1,ovf=0
2026-08-01 05:25:51.638856 DBG,CTRL,t=453380,old=VIS,new=ACT,mage=14,rxage=0,seq=8207,valid=1,meas=1,streak=3,event=TARGET
2026-08-01 05:25:51.639866 DBG,RX,t=453420,event=CRC,bytes=402641,parsed=8207,accepted=4878,len=309,crc=2869,field=151,dup=0,old=1,ovf=0
2026-08-01 05:25:51.639866 DBG,RX,t=453480,event=CRC,bytes=402692,parsed=8208,accepted=4878,len=309,crc=2870,field=151,dup=0,old=1,ovf=0
2026-08-01 05:25:51.641789 DBG,CTRL,t=453520,old=ACT,new=VIS,mage=154,rxage=40,seq=8207,valid=1,meas=1,streak=0,event=CRC
2026-08-01 05:25:51.890626 DBG,CTRL,t=453640,old=VIS,new=ACT,mage=6,rxage=0,seq=8212,valid=1,meas=1,streak=3,event=TARGET
2026-08-01 05:25:51.892138 DBG,RX,t=453800,event=CRC,bytes=402993,parsed=8214,accepted=4883,len=309,crc=2871,field=151,dup=0,old=1,ovf=0
2026-08-01 05:25:52.147781 DBG,RX,t=453960,event=CRC,bytes=403144,parsed=8217,accepted=4885,len=309,crc=2872,field=151,dup=0,old=1,ovf=0
2026-08-01 05:25:52.417059 DBG,RX,t=454300,event=CRC,bytes=403445,parsed=8223,accepted=4890,len=309,crc=2873,field=151,dup=0,old=1,ovf=0
2026-08-01 05:25:52.676343 DBG,RX,t=454420,event=CRC,bytes=403546,parsed=8225,accepted=4891,len=309,crc=2874,field=151,dup=0,old=1,ovf=0
2026-08-01 05:25:52.676951 DBG,RX,t=454460,event=CRC,bytes=403597,parsed=8226,accepted=4891,len=309,crc=2875,field=151,dup=0,old=1,ovf=0
2026-08-01 05:25:52.678253 DBG,CTRL,t=454500,old=ACT,new=VIS,mage=153,rxage=40,seq=8225,valid=1,meas=1,streak=0,event=CRC
2026-08-01 05:25:52.679409 DBG,CTRL,t=454620,old=VIS,new=ACT,mage=1,rxage=0,seq=8230,valid=1,meas=1,streak=3,event=TARGET
2026-08-01 05:25:52.961958 DBG,RX,t=454680,event=LENGTH,bytes=403799,parsed=8230,accepted=4894,len=310,crc=2875,field=151,dup=0,old=1,ovf=0
2026-08-01 05:25:53.241769 DBG,RX,t=455000,event=CRC,bytes=404100,parsed=8236,accepted=4899,len=310,crc=2876,field=151,dup=0,old=1,ovf=0
2026-08-01 05:25:53.242784 DBG,RX,t=455060,event=CRC,bytes=404151,parsed=8237,accepted=4899,len=310,crc=2877,field=151,dup=0,old=1,ovf=0
2026-08-01 05:25:53.243783 DBG,CTRL,t=455100,old=ACT,new=VIS,mage=154,rxage=0,seq=8236,valid=1,meas=1,streak=0,event=CRC
2026-08-01 05:25:53.243783 DBG,RX,t=455120,event=CRC,bytes=404202,parsed=8238,accepted=4899,len=310,crc=2878,field=151,dup=0,old=1,ovf=0
2026-08-01 05:25:53.244783 DBG,RX,t=455160,event=CRC,bytes=404253,parsed=8239,accepted=4899,len=310,crc=2879,field=151,dup=0,old=1,ovf=0
2026-08-01 05:25:53.509931 DBG,RX,t=455280,event=CRC,bytes=404355,parsed=8241,accepted=4900,len=310,crc=2880,field=151,dup=0,old=1,ovf=0
2026-08-01 05:25:53.512025 DBG,RX,t=455380,event=FIELD,bytes=404459,parsed=8243,accepted=4901,len=310,crc=2880,field=152,dup=0,old=1,ovf=0
2026-08-01 05:25:53.512025 DBG,CTRL,t=455440,old=VIS,new=ACT,mage=13,rxage=0,seq=8245,valid=1,meas=1,streak=3,event=TARGET
2026-08-01 05:25:53.751987 DBG,RX,t=455540,event=CRC,bytes=404614,parsed=8246,accepted=4903,len=310,crc=2881,field=152,dup=0,old=1,ovf=0
2026-08-01 05:25:53.753046 DBG,RX,t=455600,event=FIELD,bytes=404667,parsed=8247,accepted=4903,len=310,crc=2881,field=153,dup=0,old=1,ovf=0
2026-08-01 05:25:53.754043 DBG,CTRL,t=455640,old=ACT,new=VIS,mage=154,rxage=0,seq=8246,valid=1,meas=1,streak=0,event=FIELD
2026-08-01 05:25:53.999589 DBG,CTRL,t=455760,old=VIS,new=ACT,mage=9,rxage=0,seq=8251,valid=1,meas=1,streak=3,event=TARGET
2026-08-01 05:25:54.000539 DBG,RX,t=455920,event=CRC,bytes=404974,parsed=8253,accepted=4908,len=310,crc=2882,field=153,dup=0,old=1,ovf=0
2026-08-01 05:25:54.261911 DBG,RX,t=456080,event=CRC,bytes=405128,parsed=8256,accepted=4910,len=310,crc=2883,field=153,dup=0,old=1,ovf=0
2026-08-01 05:25:54.261911 DBG,RX,t=456200,event=CRC,bytes=405231,parsed=8258,accepted=4911,len=310,crc=2884,field=153,dup=0,old=1,ovf=0
2026-08-01 05:25:54.536854 DBG,RX,t=456400,event=LENGTH,bytes=405437,parsed=8262,accepted=4914,len=311,crc=2884,field=153,dup=0,old=1,ovf=0
2026-08-01 05:25:54.789052 DBG,RX,t=456560,event=CRC,bytes=405593,parsed=8265,accepted=4916,len=311,crc=2885,field=153,dup=0,old=1,ovf=0
2026-08-01 05:25:54.790187 DBG,RX,t=456780,event=CRC,bytes=405796,parsed=8269,accepted=4919,len=311,crc=2886,field=153,dup=0,old=1,ovf=0
2026-08-01 05:25:55.068329 DBG,RX,t=457060,event=CRC,bytes=406049,parsed=8274,accepted=4923,len=311,crc=2887,field=153,dup=0,old=1,ovf=0
2026-08-01 05:25:55.339152 DBG,RX,t=457260,event=CRC,bytes=406252,parsed=8278,accepted=4926,len=311,crc=2888,field=153,dup=0,old=1,ovf=0
2026-08-01 05:25:55.629828 DBG,RX,t=457440,event=CRC,bytes=406405,parsed=8281,accepted=4928,len=311,crc=2889,field=153,dup=0,old=1,ovf=0
2026-08-01 05:25:55.630840 DBG,RX,t=457560,event=CRC,bytes=406509,parsed=8283,accepted=4929,len=311,crc=2890,field=153,dup=0,old=1,ovf=0
2026-08-01 05:25:55.631840 DBG,RX,t=457600,event=CRC,bytes=406560,parsed=8284,accepted=4929,len=311,crc=2891,field=153,dup=0,old=1,ovf=0
2026-08-01 05:25:55.631840 DBG,CTRL,t=457640,old=ACT,new=VIS,mage=153,rxage=40,seq=8283,valid=1,meas=1,streak=0,event=CRC
2026-08-01 05:25:55.922797 DBG,RX,t=457720,event=CRC,bytes=406664,parsed=8286,accepted=4930,len=311,crc=2892,field=153,dup=0,old=1,ovf=0
2026-08-01 05:25:55.923808 DBG,RX,t=457760,event=CRC,bytes=406716,parsed=8287,accepted=4930,len=311,crc=2893,field=153,dup=0,old=1,ovf=0
2026-08-01 05:25:55.923808 DBG,RX,t=457920,event=LENGTH,bytes=406870,parsed=8290,accepted=4932,len=312,crc=2893,field=153,dup=0,old=1,ovf=0
2026-08-01 05:25:56.204623 DBG,CTRL,t=457980,old=VIS,new=ACT,mage=8,rxage=0,seq=8292,valid=1,meas=1,streak=3,event=TARGET
2026-08-01 05:25:56.205132 DBG,RX,t=458100,event=CRC,bytes=407024,parsed=8293,accepted=4934,len=312,crc=2894,field=153,dup=0,old=1,ovf=0
2026-08-01 05:25:56.206499 DBG,RX,t=458140,event=LENGTH,bytes=407076,parsed=8294,accepted=4934,len=313,crc=2894,field=153,dup=0,old=1,ovf=0
2026-08-01 05:25:56.206499 DBG,CTRL,t=458180,old=ACT,new=VIS,mage=153,rxage=40,seq=8293,valid=1,meas=1,streak=0,event=LENGTH
2026-08-01 05:25:56.468210 DBG,RX,t=458240,event=CRC,bytes=407180,parsed=8296,accepted=4935,len=313,crc=2895,field=153,dup=0,old=1,ovf=0
2026-08-01 05:25:56.470230 DBG,RX,t=458300,event=CRC,bytes=407232,parsed=8297,accepted=4935,len=313,crc=2896,field=153,dup=0,old=1,ovf=0
2026-08-01 05:25:56.471224 DBG,RX,t=458480,event=FIELD,bytes=407387,parsed=8300,accepted=4937,len=313,crc=2896,field=154,dup=0,old=1,ovf=0
2026-08-01 05:25:56.716986 DBG,CTRL,t=458540,old=VIS,new=ACT,mage=14,rxage=0,seq=8302,valid=1,meas=1,streak=3,event=TARGET
2026-08-01 05:25:58.492129 DBG,RX,t=458800,event=CRC,bytes=407691,parsed=8306,accepted=4942,len=313,crc=2897,field=154,dup=0,old=1,ovf=0
2026-08-01 05:25:58.494146 DBG,RX,t=458860,event=CRC,bytes=407742,parsed=8307,accepted=4942,len=313,crc=2898,field=154,dup=0,old=1,ovf=0
2026-08-01 05:25:58.495148 DBG,CTRL,t=458900,old=ACT,new=VIS,mage=154,rxage=0,seq=8306,valid=1,meas=1,streak=0,event=CRC
2026-08-01 05:25:58.495148 DBG,CTRL,t=459020,old=VIS,new=ACT,mage=13,rxage=0,seq=8311,valid=1,meas=1,streak=3,event=TARGET
2026-08-01 05:25:58.496397 DBG,RX,t=459120,event=CRC,bytes=407993,parsed=8312,accepted=4946,len=313,crc=2899,field=154,dup=0,old=1,ovf=0
2026-08-01 05:25:58.497121 DBG,RX,t=459180,event=CRC,bytes=408044,parsed=8313,accepted=4946,len=313,crc=2900,field=154,dup=0,old=1,ovf=0
2026-08-01 05:25:58.498137 DBG,CTRL,t=459220,old=ACT,new=VIS,mage=154,rxage=0,seq=8312,valid=1,meas=1,streak=0,event=CRC
2026-08-01 05:25:58.499137 DBG,RX,t=459280,event=CRC,bytes=408145,parsed=8315,accepted=4947,len=313,crc=2901,field=154,dup=0,old=1,ovf=0
2026-08-01 05:25:58.499895 DBG,RX,t=459340,event=CRC,bytes=408196,parsed=8316,accepted=4947,len=313,crc=2902,field=154,dup=0,old=1,ovf=0
2026-08-01 05:25:58.499895 DBG,RX,t=459440,event=LENGTH,bytes=408297,parsed=8318,accepted=4948,len=314,crc=2902,field=154,dup=0,old=1,ovf=0
2026-08-01 05:25:58.501607 DBG,RX,t=459500,event=CRC,bytes=408348,parsed=8319,accepted=4948,len=314,crc=2903,field=154,dup=0,old=1,ovf=0
2026-08-01 05:25:58.502128 DBG,RX,t=459560,event=CRC,bytes=408400,parsed=8320,accepted=4948,len=314,crc=2904,field=154,dup=0,old=1,ovf=0
2026-08-01 05:25:58.503144 DBG,RX,t=459660,event=CRC,bytes=408501,parsed=8322,accepted=4949,len=314,crc=2905,field=154,dup=0,old=1,ovf=0
2026-08-01 05:25:58.503996 DBG,RX,t=459720,event=CRC,bytes=408552,parsed=8323,accepted=4949,len=314,crc=2906,field=154,dup=0,old=1,ovf=0
2026-08-01 05:25:58.504645 DBG,RX,t=459780,event=FIELD,bytes=408603,parsed=8324,accepted=4949,len=314,crc=2906,field=155,dup=0,old=1,ovf=0
2026-08-01 05:25:58.506059 DBG,RX,t=459880,event=LENGTH,bytes=408705,parsed=8326,accepted=4950,len=315,crc=2906,field=155,dup=0,old=1,ovf=0
2026-08-01 05:25:58.506059 DBG,RX,t=459980,event=CRC,bytes=408807,parsed=8328,accepted=4951,len=315,crc=2907,field=155,dup=0,old=1,ovf=0
2026-08-01 05:25:58.507062 DBG,RX,t=460040,event=CRC,bytes=408859,parsed=8329,accepted=4951,len=315,crc=2908,field=155,dup=0,old=1,ovf=0
2026-08-01 05:25:58.507946 DBG,RX,t=460160,event=CRC,bytes=408962,parsed=8331,accepted=4952,len=315,crc=2909,field=155,dup=0,old=1,ovf=0
2026-08-01 05:25:58.507946 DBG,RX,t=460200,event=CRC,bytes=409013,parsed=8332,accepted=4952,len=315,crc=2910,field=155,dup=0,old=1,ovf=0
2026-08-01 05:25:58.507946 DBG,CTRL,t=460360,old=VIS,new=ACT,mage=3,rxage=0,seq=8336,valid=1,meas=1,streak=3,event=TARGET
2026-08-01 05:25:58.510440 DBG,RX,t=460520,event=CRC,bytes=409315,parsed=8338,accepted=4957,len=315,crc=2911,field=155,dup=0,old=1,ovf=0
2026-08-01 05:25:58.761970 DBG,RX,t=460700,event=CRC,bytes=409466,parsed=8341,accepted=4959,len=315,crc=2912,field=155,dup=0,old=1,ovf=0
2026-08-01 05:25:59.001844 DBG,RX,t=460860,event=CRC,bytes=409617,parsed=8344,accepted=4961,len=315,crc=2913,field=155,dup=0,old=1,ovf=0
2026-08-01 05:25:59.002859 DBG,CTRL,t=460860,old=ACT,new=ACT,mage=53,rxage=0,seq=8344,valid=1,meas=1,streak=3,event=CRC
2026-08-01 05:25:59.004369 DBG,FILTER,t=460860,result=ACCEPT,seq=8344,valid=1,meas=1,pos=-43,accepted=2650,jump=0,hold=16
2026-08-01 05:25:59.004369 DBG,RX,t=460860,event=CRC,bytes=409617,parsed=8344,accepted=4961,len=315,crc=2913,field=155,dup=0,old=1,ovf=0
2026-08-01 05:25:59.005385 DBG,AXIS,t=460860,zero=1,limits=1,cal=0,test=0,osc=0,busy=1,pfault=NONE
2026-08-01 05:25:59.006383 DBG,PCTRL,t=460860,fault=NONE,target=130,current=56,err=69,follow=1,noenc=0
2026-08-01 05:25:59.006383 DBG,LIMIT,t=460860,count=0,dir=0,current=56,min=-183,max=581,err=0
2026-08-01 05:25:59.007385 DBG,RX,t=460920,event=CRC,bytes=409668,parsed=8345,accepted=4961,len=315,crc=2914,field=155,dup=0,old=1,ovf=0
2026-08-01 05:25:59.008381 DBG,CTRL,t=460960,old=ACT,new=VIS,mage=153,rxage=0,seq=8344,valid=1,meas=1,streak=0,event=CRC
2026-08-01 05:25:59.009382 DBG,RX,t=460980,event=CRC,bytes=409719,parsed=8346,accepted=4961,len=315,crc=2915,field=155,dup=0,old=1,ovf=0
2026-08-01 05:25:59.009762 DBG,RX,t=461020,event=CRC,bytes=409773,parsed=8347,accepted=4961,len=315,crc=2916,field=155,dup=0,old=1,ovf=0
2026-08-01 05:25:59.255548 DBG,RX,t=461080,event=CRC,bytes=409824,parsed=8348,accepted=4961,len=315,crc=2917,field=155,dup=0,old=1,ovf=0
2026-08-01 05:25:59.256547 DBG,CTRL,t=461240,old=VIS,new=ACT,mage=9,rxage=0,seq=8352,valid=1,meas=1,streak=3,event=TARGET
2026-08-01 05:25:59.509642 DBG,RX,t=461500,event=CRC,bytes=410225,parsed=8356,accepted=4968,len=315,crc=2918,field=155,dup=0,old=1,ovf=0
2026-08-01 05:25:59.510647 DBG,RX,t=461560,event=CRC,bytes=410276,parsed=8357,accepted=4968,len=315,crc=2919,field=155,dup=0,old=1,ovf=0
2026-08-01 05:25:59.774862 DBG,CTRL,t=461600,old=ACT,new=VIS,mage=154,rxage=40,seq=8356,valid=1,meas=1,streak=0,event=CRC
2026-08-01 05:25:59.775180 DBG,RX,t=461680,event=CRC,bytes=410377,parsed=8359,accepted=4969,len=315,crc=2920,field=155,dup=0,old=1,ovf=0
2026-08-01 05:25:59.776262 DBG,CTRL,t=461780,old=VIS,new=ACT,mage=7,rxage=0,seq=8362,valid=1,meas=1,streak=3,event=TARGET
2026-08-01 05:26:00.042059 DBG,RX,t=461940,event=CRC,bytes=410628,parsed=8364,accepted=4973,len=315,crc=2921,field=155,dup=0,old=1,ovf=0
2026-08-01 05:26:00.043074 DBG,RX,t=462100,event=CRC,bytes=410780,parsed=8367,accepted=4975,len=315,crc=2922,field=155,dup=0,old=1,ovf=0
2026-08-01 05:26:00.311697 DBG,RX,t=462200,event=CRC,bytes=410883,parsed=8369,accepted=4976,len=315,crc=2923,field=155,dup=0,old=1,ovf=0
2026-08-01 05:26:00.312708 DBG,RX,t=462260,event=CRC,bytes=410934,parsed=8370,accepted=4976,len=315,crc=2924,field=155,dup=0,old=1,ovf=0
2026-08-01 05:26:00.313710 DBG,CTRL,t=462300,old=ACT,new=VIS,mage=154,rxage=40,seq=8369,valid=1,meas=1,streak=0,event=CRC
2026-08-01 05:26:00.314902 DBG,RX,t=462360,event=CRC,bytes=411035,parsed=8372,accepted=4977,len=315,crc=2925,field=155,dup=0,old=1,ovf=0
2026-08-01 05:26:00.566532 DBG,RX,t=462420,event=CRC,bytes=411086,parsed=8373,accepted=4977,len=315,crc=2926,field=155,dup=0,old=1,ovf=0
2026-08-01 05:26:00.567540 DBG,CTRL,t=462580,old=VIS,new=ACT,mage=7,rxage=0,seq=8377,valid=1,meas=1,streak=3,event=TARGET
2026-08-01 05:26:00.823492 DBG,RX,t=462740,event=CRC,bytes=411392,parsed=8379,accepted=4982,len=315,crc=2927,field=155,dup=0,old=1,ovf=0
2026-08-01 05:26:00.824488 DBG,RX,t=462860,event=CRC,bytes=411495,parsed=8381,accepted=4983,len=315,crc=2928,field=155,dup=0,old=1,ovf=0
2026-08-01 05:26:01.073393 DBG,RX,t=463020,event=LENGTH,bytes=411650,parsed=8384,accepted=4985,len=316,crc=2928,field=155,dup=0,old=1,ovf=0
2026-08-01 05:26:01.370785 DBG,RX,t=463180,event=CRC,bytes=411805,parsed=8387,accepted=4987,len=316,crc=2929,field=155,dup=0,old=1,ovf=0
2026-08-01 05:26:01.372294 DBG,RX,t=463400,event=CRC,bytes=412010,parsed=8391,accepted=4990,len=316,crc=2930,field=155,dup=0,old=1,ovf=0
2026-08-01 05:26:01.645024 DBG,RX,t=463500,event=CRC,bytes=412113,parsed=8393,accepted=4991,len=316,crc=2931,field=155,dup=0,old=1,ovf=0
2026-08-01 05:26:01.647027 DBG,RX,t=463660,event=CRC,bytes=412268,parsed=8396,accepted=4993,len=316,crc=2932,field=155,dup=0,old=1,ovf=0
2026-08-01 05:26:03.764483 DBG,RX,t=463840,event=CRC,bytes=412422,parsed=8399,accepted=4995,len=316,crc=2933,field=155,dup=0,old=1,ovf=0
2026-08-01 05:26:03.764483 DBG,RX,t=463900,event=CRC,bytes=412475,parsed=8400,accepted=4995,len=316,crc=2934,field=155,dup=0,old=1,ovf=0
2026-08-01 05:26:03.766500 DBG,CTRL,t=463920,old=ACT,new=VIS,mage=154,rxage=20,seq=8399,valid=1,meas=1,streak=0,event=CRC
2026-08-01 05:26:03.766500 DBG,RX,t=463960,event=CRC,bytes=412528,parsed=8401,accepted=4995,len=316,crc=2935,field=155,dup=0,old=1,ovf=0
2026-08-01 05:26:03.768311 DBG,CTRL,t=464120,old=VIS,new=ACT,mage=7,rxage=0,seq=8405,valid=1,meas=1,streak=3,event=TARGET
2026-08-01 05:26:03.768311 DBG,RX,t=464280,event=CRC,bytes=412834,parsed=8407,accepted=5000,len=316,crc=2936,field=155,dup=0,old=1,ovf=0
2026-08-01 05:26:03.770228 DBG,RX,t=464340,event=CRC,bytes=412885,parsed=8408,accepted=5000,len=316,crc=2937,field=155,dup=0,old=1,ovf=0
2026-08-01 05:26:03.770228 DBG,CTRL,t=464380,old=ACT,new=VIS,mage=154,rxage=40,seq=8407,valid=1,meas=1,streak=0,event=CRC
2026-08-01 05:26:03.771746 DBG,RX,t=464500,event=CRC,bytes=413039,parsed=8411,accepted=5002,len=316,crc=2938,field=155,dup=0,old=1,ovf=0
2026-08-01 05:26:03.771746 DBG,CTRL,t=464560,old=VIS,new=ACT,mage=14,rxage=0,seq=8413,valid=1,meas=1,streak=3,event=TARGET
2026-08-01 05:26:03.773140 DBG,RX,t=464600,event=CRC,bytes=413142,parsed=8413,accepted=5003,len=316,crc=2939,field=155,dup=0,old=1,ovf=0
2026-08-01 05:26:03.774152 DBG,RX,t=464660,event=CRC,bytes=413194,parsed=8414,accepted=5003,len=316,crc=2940,field=155,dup=0,old=1,ovf=0
2026-08-01 05:26:03.775150 DBG,CTRL,t=464700,old=ACT,new=VIS,mage=154,rxage=40,seq=8413,valid=1,meas=1,streak=0,event=CRC
2026-08-01 05:26:03.775150 DBG,RX,t=464780,event=CRC,bytes=413299,parsed=8416,accepted=5004,len=316,crc=2941,field=155,dup=0,old=1,ovf=0
2026-08-01 05:26:03.776622 DBG,CTRL,t=464880,old=VIS,new=ACT,mage=14,rxage=0,seq=8419,valid=1,meas=1,streak=3,event=TARGET
2026-08-01 05:26:03.777656 DBG,RX,t=465000,event=CRC,bytes=413502,parsed=8420,accepted=5007,len=316,crc=2942,field=155,dup=0,old=1,ovf=0
2026-08-01 05:26:03.778653 DBG,RX,t=465320,event=FIELD,bytes=413809,parsed=8426,accepted=5012,len=316,crc=2942,field=156,dup=0,old=1,ovf=0
2026-08-01 05:26:03.779668 DBG,RX,t=465420,event=CRC,bytes=413912,parsed=8428,accepted=5013,len=316,crc=2943,field=156,dup=0,old=1,ovf=0
2026-08-01 05:26:03.780275 DBG,RX,t=465480,event=LENGTH,bytes=413964,parsed=8429,accepted=5013,len=317,crc=2943,field=156,dup=0,old=1,ovf=0
2026-08-01 05:26:03.780275 DBG,CTRL,t=465520,old=ACT,new=VIS,mage=154,rxage=0,seq=8428,valid=1,meas=1,streak=0,event=LENGTH
2026-08-01 05:26:03.781805 DBG,RX,t=465520,event=LENGTH,bytes=414018,parsed=8430,accepted=5013,len=318,crc=2943,field=156,dup=0,old=1,ovf=0
2026-08-01 05:26:03.782848 DBG,RX,t=465580,event=CRC,bytes=414070,parsed=8431,accepted=5013,len=318,crc=2944,field=156,dup=0,old=1,ovf=0
2026-08-01 05:26:03.783916 DBG,RX,t=465700,event=FIELD,bytes=414174,parsed=8433,accepted=5014,len=318,crc=2944,field=157,dup=0,old=1,ovf=0
2026-08-01 05:26:03.783916 DBG,RX,t=465740,event=CRC,bytes=414226,parsed=8434,accepted=5014,len=318,crc=2945,field=157,dup=0,old=1,ovf=0
2026-08-01 05:26:03.784913 DBG,RX,t=465800,event=CRC,bytes=414278,parsed=8435,accepted=5014,len=318,crc=2946,field=157,dup=0,old=1,ovf=0
2026-08-01 05:26:03.785915 DBG,RX,t=465860,event=CRC,bytes=414330,parsed=8436,accepted=5014,len=318,crc=2947,field=157,dup=0,old=1,ovf=0
2026-08-01 05:26:04.119105 DBG,RX,t=465900,event=CRC,bytes=414381,parsed=8437,accepted=5014,len=318,crc=2948,field=157,dup=0,old=1,ovf=0
2026-08-01 05:26:04.120103 DBG,RX,t=465960,event=CRC,bytes=414434,parsed=8438,accepted=5014,len=318,crc=2949,field=157,dup=0,old=1,ovf=0
2026-08-01 05:26:04.121611 DBG,CTRL,t=466120,old=VIS,new=ACT,mage=2,rxage=0,seq=8442,valid=1,meas=1,streak=3,event=TARGET
2026-08-01 05:26:04.122367 DBG,RX,t=466180,event=CRC,bytes=414638,parsed=8442,accepted=5017,len=318,crc=2950,field=157,dup=0,old=1,ovf=0
2026-08-01 05:26:04.459842 DBG,CTRL,t=466260,old=ACT,new=ACT,mage=33,rxage=20,seq=8444,valid=1,meas=1,streak=3,event=TARGET
2026-08-01 05:26:04.459842 DBG,FILTER,t=466260,result=ACCEPT,seq=8444,valid=1,meas=1,pos=-46,accepted=2707,jump=0,hold=16
2026-08-01 05:26:04.461350 DBG,RX,t=466260,event=TARGET,bytes=414688,parsed=8443,accepted=5018,len=318,crc=2950,field=157,dup=0,old=1,ovf=0
2026-08-01 05:26:04.463102 DBG,AXIS,t=466260,zero=1,limits=1,cal=0,test=0,osc=0,busy=1,pfault=NONE
2026-08-01 05:26:04.464277 DBG,PCTRL,t=466260,fault=NONE,target=65,current=93,err=-33,follow=-2,noenc=0
2026-08-01 05:26:04.464277 DBG,LIMIT,t=466260,count=0,dir=0,current=93,min=-183,max=581,err=0
2026-08-01 05:26:04.465287 DBG,RX,t=466280,event=CRC,bytes=414739,parsed=8444,accepted=5018,len=318,crc=2951,field=157,dup=0,old=1,ovf=0
2026-08-01 05:26:04.466582 DBG,RX,t=466400,event=CRC,bytes=414840,parsed=8446,accepted=5019,len=318,crc=2952,field=157,dup=0,old=1,ovf=0
2026-08-01 05:26:04.466582 DBG,RX,t=466440,event=CRC,bytes=414892,parsed=8447,accepted=5019,len=318,crc=2953,field=157,dup=0,old=1,ovf=0
2026-08-01 05:26:04.804712 DBG,RX,t=466600,event=LENGTH,bytes=415044,parsed=8450,accepted=5021,len=319,crc=2953,field=157,dup=0,old=1,ovf=0
2026-08-01 05:26:04.805711 DBG,RX,t=466920,event=CRC,bytes=415345,parsed=8456,accepted=5026,len=319,crc=2954,field=157,dup=0,old=1,ovf=0
2026-08-01 05:26:05.115198 DBG,RX,t=466980,event=CRC,bytes=415396,parsed=8457,accepted=5026,len=319,crc=2955,field=157,dup=0,old=1,ovf=0
2026-08-01 05:26:05.116195 DBG,CTRL,t=467020,old=ACT,new=VIS,mage=154,rxage=0,seq=8456,valid=1,meas=1,streak=0,event=CRC
2026-08-01 05:26:05.116711 DBG,RX,t=467160,event=CRC,bytes=415547,parsed=8460,accepted=5028,len=319,crc=2956,field=157,dup=0,old=1,ovf=0
2026-08-01 05:26:05.117223 DBG,CTRL,t=467220,old=VIS,new=ACT,mage=13,rxage=0,seq=8462,valid=1,meas=1,streak=3,event=TARGET
2026-08-01 05:26:05.408508 DBG,RX,t=467260,event=CRC,bytes=415652,parsed=8462,accepted=5029,len=319,crc=2957,field=157,dup=0,old=1,ovf=0
2026-08-01 05:26:05.409889 DBG,RX,t=467320,event=CRC,bytes=415704,parsed=8463,accepted=5029,len=319,crc=2958,field=157,dup=0,old=1,ovf=0
2026-08-01 05:26:05.410948 DBG,CTRL,t=467360,old=ACT,new=VIS,mage=153,rxage=40,seq=8462,valid=1,meas=1,streak=0,event=CRC
2026-08-01 05:26:05.411454 DBG,RX,t=467440,event=CRC,bytes=415807,parsed=8465,accepted=5030,len=319,crc=2959,field=157,dup=0,old=1,ovf=0
2026-08-01 05:26:05.411454 DBG,RX,t=467480,event=CRC,bytes=415859,parsed=8466,accepted=5030,len=319,crc=2960,field=157,dup=0,old=1,ovf=0
2026-08-01 05:26:05.412462 DBG,RX,t=467540,event=LENGTH,bytes=415911,parsed=8467,accepted=5030,len=320,crc=2960,field=157,dup=0,old=1,ovf=0
2026-08-01 05:26:05.711290 DBG,CTRL,t=467700,old=VIS,new=ACT,mage=10,rxage=0,seq=8471,valid=1,meas=1,streak=3,event=TARGET
2026-08-01 05:26:05.711799 DBG,RX,t=467800,event=CRC,bytes=416167,parsed=8472,accepted=5034,len=320,crc=2961,field=157,dup=0,old=1,ovf=0
2026-08-01 05:26:05.969405 DBG,RX,t=468080,event=CRC,bytes=416423,parsed=8477,accepted=5038,len=320,crc=2962,field=157,dup=0,old=1,ovf=0
2026-08-01 05:26:06.269536 DBG,RX,t=468140,event=CRC,bytes=416476,parsed=8478,accepted=5038,len=320,crc=2963,field=157,dup=0,old=1,ovf=0
2026-08-01 05:26:06.269536 DBG,CTRL,t=468180,old=ACT,new=VIS,mage=168,rxage=0,seq=8477,valid=1,meas=1,streak=0,event=CRC
2026-08-01 05:26:06.271548 DBG,RX,t=468180,event=CRC,bytes=416528,parsed=8479,accepted=5038,len=320,crc=2964,field=157,dup=0,old=1,ovf=0
2026-08-01 05:26:06.272740 DBG,RX,t=468300,event=LENGTH,bytes=416629,parsed=8481,accepted=5039,len=321,crc=2964,field=157,dup=0,old=1,ovf=0
2026-08-01 05:26:06.272740 DBG,RX,t=468400,event=CRC,bytes=416731,parsed=8483,accepted=5040,len=321,crc=2965,field=157,dup=0,old=1,ovf=0
2026-08-01 05:26:06.580065 DBG,CTRL,t=468460,old=VIS,new=ACT,mage=14,rxage=0,seq=8485,valid=1,meas=1,streak=3,event=TARGET
2026-08-01 05:26:06.580065 DBG,RX,t=468720,event=CRC,bytes=417032,parsed=8489,accepted=5045,len=321,crc=2966,field=157,dup=0,old=1,ovf=0
2026-08-01 05:26:06.879297 DBG,RX,t=468780,event=CRC,bytes=417084,parsed=8490,accepted=5045,len=321,crc=2967,field=157,dup=0,old=1,ovf=0
2026-08-01 05:26:06.880498 DBG,CTRL,t=468820,old=ACT,new=VIS,mage=154,rxage=40,seq=8489,valid=1,meas=1,streak=0,event=CRC
2026-08-01 05:26:06.881495 DBG,RX,t=468880,event=CRC,bytes=417186,parsed=8492,accepted=5046,len=321,crc=2968,field=157,dup=0,old=1,ovf=0
2026-08-01 05:26:06.882020 DBG,CTRL,t=469000,old=VIS,new=ACT,mage=14,rxage=0,seq=8495,valid=1,meas=1,streak=3,event=TARGET
2026-08-01 05:26:07.173688 DBG,RX,t=469060,event=CRC,bytes=417339,parsed=8495,accepted=5048,len=321,crc=2969,field=157,dup=0,old=1,ovf=0
2026-08-01 05:26:07.174693 DBG,RX,t=469100,event=CRC,bytes=417391,parsed=8496,accepted=5048,len=321,crc=2970,field=157,dup=0,old=1,ovf=0
2026-08-01 05:26:07.174693 DBG,CTRL,t=469140,old=ACT,new=VIS,mage=154,rxage=40,seq=8495,valid=1,meas=1,streak=0,event=CRC
2026-08-01 05:26:07.176704 DBG,RX,t=469160,event=CRC,bytes=417443,parsed=8497,accepted=5048,len=321,crc=2971,field=157,dup=0,old=1,ovf=0
2026-08-01 05:26:07.177552 DBG,RX,t=469220,event=CRC,bytes=417495,parsed=8498,accepted=5048,len=321,crc=2972,field=157,dup=0,old=1,ovf=0
2026-08-01 05:26:07.178937 DBG,RX,t=469260,event=CRC,bytes=417546,parsed=8499,accepted=5048,len=321,crc=2973,field=157,dup=0,old=1,ovf=0
2026-08-01 05:26:07.478200 DBG,RX,t=469440,event=LENGTH,bytes=417697,parsed=8502,accepted=5050,len=322,crc=2973,field=157,dup=0,old=1,ovf=0
2026-08-01 05:26:07.479197 DBG,CTRL,t=469500,old=VIS,new=ACT,mage=11,rxage=0,seq=8504,valid=1,meas=1,streak=3,event=TARGET
2026-08-01 05:26:07.479922 DBG,RX,t=469540,event=CRC,bytes=417798,parsed=8504,accepted=5051,len=322,crc=2974,field=157,dup=0,old=1,ovf=0
2026-08-01 05:26:08.104203 DBG,RX,t=470080,event=CRC,bytes=418300,parsed=8514,accepted=5060,len=322,crc=2975,field=157,dup=0,old=1,ovf=0
2026-08-01 05:26:08.106730 DBG,RX,t=470140,event=CRC,bytes=418351,parsed=8515,accepted=5060,len=322,crc=2976,field=157,dup=0,old=1,ovf=0
2026-08-01 05:26:08.106730 DBG,CTRL,t=470180,old=ACT,new=VIS,mage=153,rxage=40,seq=8514,valid=1,meas=1,streak=0,event=CRC
2026-08-01 05:26:08.391328 DBG,RX,t=470300,event=CRC,bytes=418502,parsed=8518,accepted=5062,len=322,crc=2977,field=157,dup=0,old=1,ovf=0
2026-08-01 05:26:08.392339 DBG,RX,t=470360,event=FIELD,bytes=418554,parsed=8519,accepted=5062,len=322,crc=2977,field=158,dup=0,old=1,ovf=0
2026-08-01 05:26:08.393345 DBG,RX,t=470420,event=LENGTH,bytes=418605,parsed=8520,accepted=5062,len=323,crc=2977,field=158,dup=0,old=1,ovf=0
2026-08-01 05:26:08.714554 DBG,CTRL,t=470600,old=VIS,new=ACT,mage=14,rxage=0,seq=8524,valid=1,meas=1,streak=3,event=TARGET
2026-08-01 05:26:08.714554 DBG,RX,t=470640,event=LENGTH,bytes=418807,parsed=8524,accepted=5065,len=324,crc=2977,field=158,dup=0,old=1,ovf=0
2026-08-01 05:26:08.714554 DBG,RX,t=470700,event=CRC,bytes=418858,parsed=8525,accepted=5065,len=324,crc=2978,field=158,dup=0,old=1,ovf=0
2026-08-01 05:26:08.714554 DBG,CTRL,t=470740,old=ACT,new=VIS,mage=154,rxage=0,seq=8524,valid=1,meas=1,streak=0,event=CRC
2026-08-01 05:26:08.714554 DBG,RX,t=470800,event=CRC,bytes=418960,parsed=8527,accepted=5066,len=324,crc=2979,field=158,dup=0,old=1,ovf=0
2026-08-01 05:26:08.718754 DBG,RX,t=470860,event=CRC,bytes=419011,parsed=8528,accepted=5066,len=324,crc=2980,field=158,dup=0,old=1,ovf=0
2026-08-01 05:26:09.002230 DBG,RX,t=470960,event=LENGTH,bytes=419113,parsed=8530,accepted=5067,len=325,crc=2980,field=158,dup=0,old=1,ovf=0
2026-08-01 05:26:09.002230 DBG,CTRL,t=471080,old=VIS,new=ACT,mage=14,rxage=0,seq=8533,valid=1,meas=1,streak=3,event=TARGET
2026-08-01 05:26:09.003970 DBG,RX,t=471140,event=CRC,bytes=419267,parsed=8533,accepted=5069,len=325,crc=2981,field=158,dup=0,old=1,ovf=0
2026-08-01 05:26:09.004469 DBG,RX,t=471180,event=CRC,bytes=419321,parsed=8534,accepted=5069,len=325,crc=2982,field=158,dup=0,old=1,ovf=0
2026-08-01 05:26:09.302264 DBG,CTRL,t=471220,old=ACT,new=VIS,mage=154,rxage=40,seq=8533,valid=1,meas=1,streak=0,event=CRC
2026-08-01 05:26:09.303464 DBG,RX,t=471240,event=LENGTH,bytes=419373,parsed=8535,accepted=5069,len=326,crc=2982,field=158,dup=0,old=1,ovf=0
2026-08-01 05:26:09.304474 DBG,CTRL,t=471400,old=VIS,new=ACT,mage=13,rxage=0,seq=8539,valid=1,meas=1,streak=3,event=TARGET
2026-08-01 05:26:09.597010 DBG,RX,t=471560,event=CRC,bytes=419679,parsed=8541,accepted=5074,len=326,crc=2983,field=158,dup=0,old=1,ovf=0
2026-08-01 05:26:09.599013 DBG,RX,t=471720,event=CRC,bytes=419830,parsed=8544,accepted=5076,len=326,crc=2984,field=158,dup=0,old=1,ovf=0
2026-08-01 05:26:09.600012 DBG,RX,t=471780,event=FIELD,bytes=419881,parsed=8545,accepted=5076,len=326,crc=2984,field=159,dup=0,old=1,ovf=0
2026-08-01 05:26:09.883221 DBG,CTRL,t=471820,old=ACT,new=VIS,mage=154,rxage=0,seq=8544,valid=1,meas=1,streak=0,event=FIELD
2026-08-01 05:26:09.885619 DBG,CTRL,t=471940,old=VIS,new=ACT,mage=9,rxage=0,seq=8549,valid=1,meas=1,streak=3,event=TARGET
2026-08-01 05:26:09.886617 DBG,RX,t=472040,event=CRC,bytes=420132,parsed=8550,accepted=5080,len=326,crc=2985,field=159,dup=0,old=1,ovf=0
2026-08-01 05:26:10.158126 DBG,RX,t=472100,event=CRC,bytes=420183,parsed=8551,accepted=5080,len=326,crc=2986,field=159,dup=0,old=1,ovf=0
2026-08-01 05:26:10.159198 DBG,CTRL,t=472140,old=ACT,new=VIS,mage=153,rxage=40,seq=8550,valid=1,meas=1,streak=0,event=CRC
2026-08-01 05:26:10.160639 DBG,RX,t=472260,event=CRC,bytes=420334,parsed=8554,accepted=5082,len=326,crc=2987,field=159,dup=0,old=1,ovf=0
2026-08-01 05:26:10.160639 DBG,RX,t=472320,event=CRC,bytes=420386,parsed=8555,accepted=5082,len=326,crc=2988,field=159,dup=0,old=1,ovf=0
2026-08-01 05:26:10.450132 DBG,RX,t=472380,event=CRC,bytes=420437,parsed=8556,accepted=5082,len=326,crc=2989,field=159,dup=0,old=1,ovf=0
2026-08-01 05:26:10.451644 DBG,RX,t=472420,event=LENGTH,bytes=420488,parsed=8557,accepted=5082,len=327,crc=2989,field=159,dup=0,old=1,ovf=0
2026-08-01 05:26:10.452177 DBG,RX,t=472600,event=CRC,bytes=420639,parsed=8560,accepted=5084,len=327,crc=2990,field=159,dup=0,old=1,ovf=0
2026-08-01 05:26:10.453461 DBG,RX,t=472640,event=CRC,bytes=420690,parsed=8561,accepted=5084,len=327,crc=2991,field=159,dup=0,old=1,ovf=0
2026-08-01 05:26:10.746681 DBG,RX,t=472800,event=CRC,bytes=420842,parsed=8564,accepted=5086,len=327,crc=2992,field=159,dup=0,old=1,ovf=0
2026-08-01 05:26:10.747014 DBG,RX,t=472860,event=CRC,bytes=420893,parsed=8565,accepted=5086,len=327,crc=2993,field=159,dup=0,old=1,ovf=0
2026-08-01 05:26:10.748129 DBG,RX,t=472920,event=CRC,bytes=420945,parsed=8566,accepted=5086,len=327,crc=2994,field=159,dup=0,old=1,ovf=0
2026-08-01 05:26:11.056339 DBG,CTRL,t=473080,old=VIS,new=ACT,mage=14,rxage=0,seq=8570,valid=1,meas=1,streak=3,event=TARGET
2026-08-01 05:26:11.057850 DBG,RX,t=473120,event=CRC,bytes=421147,parsed=8570,accepted=5089,len=327,crc=2995,field=159,dup=0,old=1,ovf=0
2026-08-01 05:26:11.058861 DBG,RX,t=473180,event=CRC,bytes=421199,parsed=8571,accepted=5089,len=327,crc=2996,field=159,dup=0,old=1,ovf=0
2026-08-01 05:26:11.058861 DBG,CTRL,t=473220,old=ACT,new=VIS,mage=154,rxage=0,seq=8570,valid=1,meas=1,streak=0,event=CRC
2026-08-01 05:26:11.331478 DBG,RX,t=473340,event=CRC,bytes=421350,parsed=8574,accepted=5091,len=327,crc=2997,field=159,dup=0,old=1,ovf=0
2026-08-01 05:26:11.332492 DBG,CTRL,t=473400,old=VIS,new=ACT,mage=14,rxage=0,seq=8576,valid=1,meas=1,streak=3,event=TARGET
2026-08-01 05:26:11.333495 DBG,RX,t=473440,event=CRC,bytes=421451,parsed=8576,accepted=5092,len=327,crc=2998,field=159,dup=0,old=1,ovf=0
2026-08-01 05:26:11.333495 DBG,RX,t=473500,event=CRC,bytes=421503,parsed=8577,accepted=5092,len=327,crc=2999,field=159,dup=0,old=1,ovf=0
2026-08-01 05:26:11.334490 DBG,CTRL,t=473540,old=ACT,new=VIS,mage=154,rxage=0,seq=8576,valid=1,meas=1,streak=0,event=CRC
2026-08-01 05:26:11.627614 DBG,CTRL,t=473680,old=VIS,new=ACT,mage=8,rxage=0,seq=8581,valid=1,meas=1,streak=3,event=TARGET
2026-08-01 05:26:11.627614 DBG,RX,t=473800,event=CRC,bytes=421755,parsed=8582,accepted=5096,len=327,crc=3000,field=159,dup=0,old=1,ovf=0
2026-08-01 05:26:11.627614 DBG,RX,t=473840,event=CRC,bytes=421806,parsed=8583,accepted=5096,len=327,crc=3001,field=159,dup=0,old=1,ovf=0
2026-08-01 05:26:11.907631 DBG,CTRL,t=473880,old=ACT,new=VIS,mage=153,rxage=40,seq=8582,valid=1,meas=1,streak=0,event=CRC
2026-08-01 05:26:11.907631 DBG,RX,t=474000,event=CRC,bytes=421957,parsed=8586,accepted=5098,len=327,crc=3002,field=159,dup=0,old=1,ovf=0
2026-08-01 05:26:11.908626 DBG,CTRL,t=474060,old=VIS,new=ACT,mage=9,rxage=0,seq=8588,valid=1,meas=1,streak=3,event=TARGET
2026-08-01 05:26:12.177714 DBG,RX,t=474220,event=CRC,bytes=422158,parsed=8590,accepted=5101,len=327,crc=3003,field=159,dup=0,old=1,ovf=0
2026-08-01 05:26:12.179508 DBG,RX,t=474320,event=CRC,bytes=422260,parsed=8592,accepted=5102,len=327,crc=3004,field=159,dup=0,old=1,ovf=0
2026-08-01 05:26:12.180652 DBG,RX,t=474380,event=CRC,bytes=422311,parsed=8593,accepted=5102,len=327,crc=3005,field=159,dup=0,old=1,ovf=0
2026-08-01 05:26:12.484683 DBG,CTRL,t=474420,old=ACT,new=VIS,mage=154,rxage=40,seq=8592,valid=1,meas=1,streak=0,event=CRC
2026-08-01 05:26:12.485671 DBG,RX,t=474540,event=CRC,bytes=422462,parsed=8596,accepted=5104,len=327,crc=3006,field=159,dup=0,old=1,ovf=0
2026-08-01 05:26:12.486669 DBG,RX,t=474600,event=CRC,bytes=422513,parsed=8597,accepted=5104,len=327,crc=3007,field=159,dup=0,old=1,ovf=0
2026-08-01 05:26:12.487667 DBG,RX,t=474700,event=CRC,bytes=422614,parsed=8599,accepted=5105,len=327,crc=3008,field=159,dup=0,old=1,ovf=0
2026-08-01 05:26:12.781965 DBG,RX,t=474820,event=CRC,bytes=422717,parsed=8601,accepted=5106,len=327,crc=3009,field=159,dup=0,old=1,ovf=0
2026-08-01 05:26:12.782976 DBG,CTRL,t=474880,old=VIS,new=ACT,mage=12,rxage=0,seq=8603,valid=1,meas=1,streak=3,event=TARGET
2026-08-01 05:26:12.782976 DBG,RX,t=474980,event=CRC,bytes=422869,parsed=8604,accepted=5108,len=327,crc=3010,field=159,dup=0,old=1,ovf=0
2026-08-01 05:26:13.325183 DBG,RX,t=475300,event=CRC,bytes=423172,parsed=8610,accepted=5113,len=327,crc=3011,field=159,dup=0,old=1,ovf=0
2026-08-01 05:26:13.608939 DBG,RX,t=475680,event=CRC,bytes=423523,parsed=8617,accepted=5119,len=327,crc=3012,field=159,dup=0,old=1,ovf=0
2026-08-01 05:26:13.906796 DBG,RX,t=475900,event=CRC,bytes=423724,parsed=8621,accepted=5122,len=327,crc=3013,field=159,dup=0,old=1,ovf=0
2026-08-01 05:26:14.184254 DBG,RX,t=476340,event=CRC,bytes=424131,parsed=8629,accepted=5129,len=327,crc=3014,field=159,dup=0,old=1,ovf=0
2026-08-01 05:26:14.465377 DBG,RX,t=476440,event=CRC,bytes=424234,parsed=8631,accepted=5130,len=327,crc=3015,field=159,dup=0,old=1,ovf=0
2026-08-01 05:26:14.466380 DBG,RX,t=476500,event=LENGTH,bytes=424287,parsed=8632,accepted=5130,len=328,crc=3015,field=159,dup=0,old=1,ovf=0
2026-08-01 05:26:14.466380 DBG,CTRL,t=476540,old=ACT,new=VIS,mage=154,rxage=40,seq=8631,valid=1,meas=1,streak=0,event=LENGTH
2026-08-01 05:26:14.467382 DBG,RX,t=476660,event=CRC,bytes=424444,parsed=8635,accepted=5132,len=328,crc=3016,field=159,dup=0,old=1,ovf=0
2026-08-01 05:26:14.468600 DBG,CTRL,t=476720,old=VIS,new=ACT,mage=13,rxage=0,seq=8637,valid=1,meas=1,streak=3,event=TARGET
2026-08-01 05:26:14.745191 DBG,RX,t=476780,event=CRC,bytes=424549,parsed=8637,accepted=5133,len=328,crc=3017,field=159,dup=0,old=1,ovf=0
2026-08-01 05:26:14.747186 DBG,RX,t=476880,event=CRC,bytes=424654,parsed=8639,accepted=5134,len=328,crc=3018,field=159,dup=0,old=1,ovf=0
2026-08-01 05:26:14.747908 DBG,RX,t=476960,event=CRC,bytes=424707,parsed=8640,accepted=5134,len=328,crc=3019,field=159,dup=0,old=1,ovf=0
2026-08-01 05:26:14.749142 DBG,CTRL,t=476980,old=ACT,new=VIS,mage=166,rxage=20,seq=8639,valid=1,meas=1,streak=0,event=CRC
2026-08-01 05:26:14.750146 DBG,RX,t=477000,event=LENGTH,bytes=424760,parsed=8641,accepted=5134,len=329,crc=3019,field=159,dup=0,old=1,ovf=0
2026-08-01 05:26:15.015812 DBG,CTRL,t=477160,old=VIS,new=ACT,mage=5,rxage=0,seq=8645,valid=1,meas=1,streak=3,event=TARGET
2026-08-01 05:26:15.018091 DBG,RX,t=477280,event=CRC,bytes=425021,parsed=8646,accepted=5138,len=329,crc=3020,field=159,dup=0,old=1,ovf=0
2026-08-01 05:26:15.293613 DBG,RX,t=477320,event=CRC,bytes=425074,parsed=8647,accepted=5138,len=329,crc=3021,field=159,dup=0,old=1,ovf=0
2026-08-01 05:26:15.580241 DBG,RX,t=477820,event=CRC,bytes=425533,parsed=8656,accepted=5146,len=329,crc=3022,field=159,dup=0,old=1,ovf=0
2026-08-01 05:26:15.877745 DBG,RX,t=477860,event=CRC,bytes=425585,parsed=8657,accepted=5146,len=329,crc=3023,field=159,dup=0,old=1,ovf=0
2026-08-01 05:26:15.878847 DBG,CTRL,t=477900,old=ACT,new=VIS,mage=153,rxage=40,seq=8656,valid=1,meas=1,streak=0,event=CRC
2026-08-01 05:26:15.879848 DBG,RX,t=478040,event=CRC,bytes=425736,parsed=8660,accepted=5148,len=329,crc=3024,field=159,dup=0,old=1,ovf=0
2026-08-01 05:26:15.879848 DBG,CTRL,t=478080,old=VIS,new=ACT,mage=1,rxage=0,seq=8662,valid=1,meas=1,streak=3,event=TARGET
2026-08-01 05:26:16.159831 DBG,RX,t=478240,event=CRC,bytes=425940,parsed=8664,accepted=5151,len=329,crc=3025,field=159,dup=0,old=1,ovf=0
2026-08-01 05:26:16.160842 DBG,RX,t=478300,event=CRC,bytes=425992,parsed=8665,accepted=5151,len=329,crc=3026,field=159,dup=0,old=1,ovf=0
2026-08-01 05:26:16.161920 DBG,CTRL,t=478340,old=ACT,new=VIS,mage=154,rxage=0,seq=8664,valid=1,meas=1,streak=0,event=CRC
2026-08-01 05:26:16.162952 DBG,RX,t=478420,event=CRC,bytes=426095,parsed=8667,accepted=5152,len=329,crc=3027,field=159,dup=0,old=1,ovf=0
2026-08-01 05:26:16.419694 DBG,RX,t=478460,event=LENGTH,bytes=426152,parsed=8668,accepted=5152,len=330,crc=3027,field=159,dup=0,old=1,ovf=0
2026-08-01 05:26:16.420762 DBG,RX,t=478580,event=CRC,bytes=426255,parsed=8670,accepted=5153,len=330,crc=3028,field=159,dup=0,old=1,ovf=0
2026-08-01 05:26:16.421278 DBG,CTRL,t=478680,old=VIS,new=ACT,mage=12,rxage=0,seq=8673,valid=1,meas=1,streak=3,event=TARGET
2026-08-01 05:26:16.988039 DBG,RX,t=479000,event=CRC,bytes=426665,parsed=8678,accepted=5160,len=330,crc=3029,field=159,dup=0,old=1,ovf=0
2026-08-01 05:26:16.989049 DBG,RX,t=479220,event=CRC,bytes=426869,parsed=8682,accepted=5163,len=330,crc=3030,field=159,dup=0,old=1,ovf=0
2026-08-01 05:26:17.281149 DBG,RX,t=479380,event=CRC,bytes=427020,parsed=8685,accepted=5165,len=330,crc=3031,field=159,dup=0,old=1,ovf=0
2026-08-01 05:26:17.550379 DBG,RX,t=479600,event=CRC,bytes=427223,parsed=8689,accepted=5168,len=330,crc=3032,field=159,dup=0,old=1,ovf=0
2026-08-01 05:26:17.551381 DBG,RX,t=479660,event=CRC,bytes=427274,parsed=8690,accepted=5168,len=330,crc=3033,field=159,dup=0,old=1,ovf=0
2026-08-01 05:26:17.551381 DBG,CTRL,t=479700,old=ACT,new=VIS,mage=166,rxage=0,seq=8689,valid=1,meas=1,streak=0,event=CRC
2026-08-01 05:26:17.553426 DBG,RX,t=479700,event=CRC,bytes=427326,parsed=8691,accepted=5168,len=330,crc=3034,field=159,dup=0,old=1,ovf=0
2026-08-01 05:26:17.831483 DBG,RX,t=479860,event=CRC,bytes=427478,parsed=8694,accepted=5170,len=330,crc=3035,field=159,dup=0,old=1,ovf=0
2026-08-01 05:26:17.832960 DBG,CTRL,t=479920,old=VIS,new=ACT,mage=6,rxage=0,seq=8696,valid=1,meas=1,streak=3,event=TARGET
2026-08-01 05:26:17.834132 DBG,RX,t=480040,event=CRC,bytes=427632,parsed=8697,accepted=5172,len=330,crc=3036,field=159,dup=0,old=1,ovf=0
2026-08-01 05:26:19.912423 DBG,RX,t=480640,event=LENGTH,bytes=428196,parsed=8708,accepted=5182,len=331,crc=3036,field=159,dup=0,old=1,ovf=0
2026-08-01 05:26:19.913426 DBG,RX,t=480700,event=CRC,bytes=428248,parsed=8709,accepted=5182,len=331,crc=3037,field=159,dup=0,old=1,ovf=0
2026-08-01 05:26:19.914436 DBG,CTRL,t=480740,old=ACT,new=VIS,mage=153,rxage=40,seq=8708,valid=1,meas=1,streak=0,event=CRC
2026-08-01 05:26:19.915436 DBG,RX,t=480860,event=CRC,bytes=428402,parsed=8712,accepted=5184,len=331,crc=3038,field=159,dup=0,old=1,ovf=0
2026-08-01 05:26:19.916560 DBG,CTRL,t=480920,old=VIS,new=ACT,mage=11,rxage=0,seq=8714,valid=1,meas=1,streak=3,event=TARGET
2026-08-01 05:26:19.917793 DBG,RX,t=480980,event=CRC,bytes=428505,parsed=8714,accepted=5185,len=331,crc=3039,field=159,dup=0,old=1,ovf=0
2026-08-01 05:26:19.917793 DBG,RX,t=481020,event=CRC,bytes=428557,parsed=8715,accepted=5185,len=331,crc=3040,field=159,dup=0,old=1,ovf=0
2026-08-01 05:26:19.919112 DBG,CTRL,t=481060,old=ACT,new=VIS,mage=151,rxage=40,seq=8714,valid=1,meas=1,streak=0,event=CRC
2026-08-01 05:26:19.919112 DBG,CTRL,t=481180,old=VIS,new=ACT,mage=6,rxage=0,seq=8719,valid=1,meas=1,streak=3,event=TARGET
2026-08-01 05:26:19.920119 DBG,RX,t=481560,event=CRC,bytes=429068,parsed=8725,accepted=5194,len=331,crc=3041,field=159,dup=0,old=1,ovf=0
2026-08-01 05:26:19.921126 DBG,RX,t=481720,event=CRC,bytes=429221,parsed=8728,accepted=5196,len=331,crc=3042,field=159,dup=0,old=1,ovf=0
2026-08-01 05:26:19.921483 DBG,RX,t=481780,event=CRC,bytes=429274,parsed=8729,accepted=5196,len=331,crc=3043,field=159,dup=0,old=1,ovf=0
2026-08-01 05:26:19.921483 DBG,CTRL,t=481820,old=ACT,new=VIS,mage=154,rxage=40,seq=8728,valid=1,meas=1,streak=0,event=CRC
2026-08-01 05:26:19.921483 DBG,RX,t=481900,event=CRC,bytes=429378,parsed=8731,accepted=5197,len=331,crc=3044,field=159,dup=0,old=1,ovf=0
2026-08-01 05:26:19.924388 DBG,RX,t=481940,event=CRC,bytes=429431,parsed=8732,accepted=5197,len=331,crc=3045,field=159,dup=0,old=1,ovf=0
2026-08-01 05:26:19.924388 DBG,RX,t=482040,event=CRC,bytes=429534,parsed=8734,accepted=5198,len=331,crc=3046,field=159,dup=0,old=1,ovf=0
2026-08-01 05:26:19.924388 DBG,CTRL,t=482160,old=VIS,new=ACT,mage=14,rxage=0,seq=8737,valid=1,meas=1,streak=3,event=TARGET
2026-08-01 05:26:20.208783 DBG,RX,t=482260,event=CRC,bytes=429738,parsed=8738,accepted=5201,len=331,crc=3047,field=159,dup=0,old=1,ovf=0
2026-08-01 05:26:20.209781 DBG,RX,t=482440,event=CRC,bytes=429892,parsed=8741,accepted=5203,len=331,crc=3048,field=159,dup=0,old=1,ovf=0
2026-08-01 05:26:20.209781 DBG,RX,t=482480,event=LENGTH,bytes=429945,parsed=8742,accepted=5203,len=332,crc=3048,field=159,dup=0,old=1,ovf=0
2026-08-01 05:26:20.211828 DBG,CTRL,t=482520,old=ACT,new=VIS,mage=154,rxage=40,seq=8741,valid=1,meas=1,streak=0,event=LENGTH
2026-08-01 05:26:20.446767 DBG,RX,t=482540,event=LENGTH,bytes=429999,parsed=8743,accepted=5203,len=333,crc=3048,field=159,dup=0,old=1,ovf=0
2026-08-01 05:26:20.447780 DBG,RX,t=482580,event=CRC,bytes=430051,parsed=8744,accepted=5203,len=333,crc=3049,field=159,dup=0,old=1,ovf=0
2026-08-01 05:26:20.449698 DBG,CTRL,t=482760,old=VIS,new=ACT,mage=14,rxage=0,seq=8748,valid=1,meas=1,streak=3,event=TARGET
2026-08-01 05:26:20.720136 DBG,RX,t=482800,event=CRC,bytes=430252,parsed=8748,accepted=5206,len=333,crc=3050,field=159,dup=0,old=1,ovf=0
2026-08-01 05:26:20.721144 DBG,RX,t=482860,event=LENGTH,bytes=430304,parsed=8749,accepted=5206,len=334,crc=3050,field=159,dup=0,old=1,ovf=0
2026-08-01 05:26:20.721144 DBG,CTRL,t=482900,old=ACT,new=VIS,mage=154,rxage=0,seq=8748,valid=1,meas=1,streak=0,event=LENGTH
2026-08-01 05:26:20.722386 DBG,RX,t=482920,event=CRC,bytes=430356,parsed=8750,accepted=5206,len=334,crc=3051,field=159,dup=0,old=1,ovf=0
2026-08-01 05:26:20.723385 DBG,RX,t=482980,event=CRC,bytes=430408,parsed=8751,accepted=5206,len=334,crc=3052,field=159,dup=0,old=1,ovf=0
2026-08-01 05:26:21.026360 DBG,CTRL,t=483120,old=VIS,new=ACT,mage=1,rxage=0,seq=8755,valid=1,meas=1,streak=3,event=TARGET
2026-08-01 05:26:21.026697 DBG,RX,t=483340,event=CRC,bytes=430766,parsed=8758,accepted=5212,len=334,crc=3053,field=159,dup=0,old=1,ovf=0
2026-08-01 05:26:21.280492 DBG,RX,t=483460,event=CRC,bytes=430869,parsed=8760,accepted=5213,len=334,crc=3054,field=159,dup=0,old=1,ovf=0
2026-08-01 05:26:21.281618 DBG,RX,t=483520,event=CRC,bytes=430922,parsed=8761,accepted=5213,len=334,crc=3055,field=159,dup=0,old=1,ovf=0
2026-08-01 05:26:21.281618 DBG,CTRL,t=483560,old=ACT,new=VIS,mage=169,rxage=40,seq=8760,valid=1,meas=1,streak=0,event=CRC
2026-08-01 05:26:21.538488 DBG,RX,t=483680,event=CRC,bytes=431074,parsed=8764,accepted=5215,len=334,crc=3056,field=159,dup=0,old=1,ovf=0
2026-08-01 05:26:21.539486 DBG,RX,t=483740,event=CRC,bytes=431125,parsed=8765,accepted=5215,len=334,crc=3057,field=159,dup=0,old=1,ovf=0
2026-08-01 05:26:21.836933 DBG,CTRL,t=483900,old=VIS,new=ACT,mage=11,rxage=0,seq=8769,valid=1,meas=1,streak=3,event=TARGET
2026-08-01 05:26:21.838280 DBG,RX,t=484060,event=LENGTH,bytes=431430,parsed=8771,accepted=5220,len=335,crc=3057,field=159,dup=0,old=1,ovf=0
2026-08-01 05:26:22.156888 DBG,RX,t=484220,event=CRC,bytes=431584,parsed=8774,accepted=5222,len=335,crc=3058,field=159,dup=0,old=1,ovf=0
2026-08-01 05:26:22.158288 DBG,RX,t=484280,event=CRC,bytes=431635,parsed=8775,accepted=5222,len=335,crc=3059,field=159,dup=0,old=1,ovf=0
2026-08-01 05:26:22.159669 DBG,RX,t=484380,event=CRC,bytes=431739,parsed=8777,accepted=5223,len=335,crc=3060,field=159,dup=0,old=1,ovf=0
2026-08-01 05:26:22.473852 DBG,RX,t=484720,event=CRC,bytes=432041,parsed=8783,accepted=5228,len=335,crc=3061,field=159,dup=0,old=1,ovf=0
2026-08-01 05:26:22.474861 DBG,RX,t=484780,event=CRC,bytes=432092,parsed=8784,accepted=5228,len=335,crc=3062,field=159,dup=0,old=1,ovf=0
2026-08-01 05:26:22.475864 DBG,CTRL,t=484820,old=ACT,new=VIS,mage=168,rxage=0,seq=8783,valid=1,meas=1,streak=0,event=CRC
2026-08-01 05:26:22.476862 DBG,RX,t=484820,event=CRC,bytes=432144,parsed=8785,accepted=5228,len=335,crc=3063,field=159,dup=0,old=1,ovf=0
2026-08-01 05:26:22.787319 DBG,RX,t=484940,event=FIELD,bytes=432245,parsed=8787,accepted=5229,len=335,crc=3063,field=160,dup=0,old=1,ovf=0
2026-08-01 05:26:22.787319 DBG,CTRL,t=485040,old=VIS,new=ACT,mage=10,rxage=0,seq=8790,valid=1,meas=1,streak=3,event=TARGET
2026-08-01 05:26:22.787319 DBG,RX,t=485100,event=CRC,bytes=432396,parsed=8790,accepted=5231,len=335,crc=3064,field=160,dup=0,old=1,ovf=0
2026-08-01 05:26:23.105256 DBG,RX,t=485300,event=CRC,bytes=432598,parsed=8794,accepted=5234,len=335,crc=3065,field=160,dup=0,old=1,ovf=0
2026-08-01 05:26:23.106766 DBG,RX,t=485360,event=CRC,bytes=432649,parsed=8795,accepted=5234,len=335,crc=3066,field=160,dup=0,old=1,ovf=0
2026-08-01 05:26:23.107779 DBG,CTRL,t=485400,old=ACT,new=VIS,mage=154,rxage=0,seq=8794,valid=1,meas=1,streak=0,event=DISCARD
2026-08-01 05:26:23.367234 DBG,CTRL,t=485520,old=VIS,new=ACT,mage=11,rxage=0,seq=8799,valid=1,meas=1,streak=3,event=TARGET
2026-08-01 05:26:23.367761 DBG,RX,t=485640,event=CRC,bytes=432901,parsed=8800,accepted=5238,len=335,crc=3067,field=160,dup=0,old=1,ovf=0
2026-08-01 05:26:23.656371 DBG,RX,t=485960,event=LENGTH,bytes=433207,parsed=8806,accepted=5243,len=336,crc=3067,field=160,dup=0,old=1,ovf=0
2026-08-01 05:26:23.915505 DBG,RX,t=486060,event=FIELD,bytes=433311,parsed=8808,accepted=5244,len=336,crc=3067,field=161,dup=0,old=1,ovf=0
2026-08-01 05:26:23.916393 DBG,RX,t=486120,event=CRC,bytes=433363,parsed=8809,accepted=5244,len=336,crc=3068,field=161,dup=0,old=1,ovf=0
2026-08-01 05:26:23.916732 DBG,CTRL,t=486160,old=ACT,new=VIS,mage=151,rxage=40,seq=8808,valid=1,meas=1,streak=0,event=CRC
2026-08-01 05:26:23.917876 DBG,CTRL,t=486280,old=VIS,new=ACT,mage=6,rxage=0,seq=8813,valid=1,meas=1,streak=3,event=TARGET
2026-08-01 05:26:24.236698 DBG,RX,t=486400,event=CRC,bytes=433619,parsed=8814,accepted=5248,len=336,crc=3069,field=161,dup=0,old=1,ovf=0
2026-08-01 05:26:24.236698 DBG,RX,t=486440,event=CRC,bytes=433671,parsed=8815,accepted=5248,len=336,crc=3070,field=161,dup=0,old=1,ovf=0
2026-08-01 05:26:24.238560 DBG,CTRL,t=486500,old=ACT,new=VIS,mage=170,rxage=0,seq=8814,valid=1,meas=1,streak=0,event=CRC
2026-08-01 05:26:24.238560 DBG,RX,t=486500,event=CRC,bytes=433722,parsed=8816,accepted=5248,len=336,crc=3071,field=161,dup=0,old=1,ovf=0
2026-08-01 05:26:24.239666 DBG,RX,t=486600,event=CRC,bytes=433825,parsed=8818,accepted=5249,len=336,crc=3072,field=161,dup=0,old=1,ovf=0
2026-08-01 05:26:24.514513 DBG,RX,t=486740,event=CRC,bytes=433928,parsed=8820,accepted=5250,len=336,crc=3073,field=161,dup=0,old=1,ovf=0
2026-08-01 05:26:24.516021 DBG,CTRL,t=486780,old=VIS,new=ACT,mage=2,rxage=0,seq=8822,valid=1,meas=1,streak=3,event=TARGET
2026-08-01 05:26:24.516021 DBG,RX,t=486840,event=CRC,bytes=434031,parsed=8822,accepted=5251,len=336,crc=3074,field=161,dup=0,old=1,ovf=0
2026-08-01 05:26:24.834880 DBG,RX,t=486940,event=CRC,bytes=434134,parsed=8824,accepted=5252,len=336,crc=3075,field=161,dup=0,old=1,ovf=0
2026-08-01 05:26:24.834880 DBG,RX,t=487060,event=CRC,bytes=434237,parsed=8826,accepted=5253,len=336,crc=3076,field=161,dup=0,old=1,ovf=0
2026-08-01 05:26:24.835889 DBG,RX,t=487160,event=FIELD,bytes=434343,parsed=8828,accepted=5254,len=336,crc=3076,field=162,dup=0,old=1,ovf=0
2026-08-01 05:26:25.119405 DBG,RX,t=487320,event=CRC,bytes=434494,parsed=8831,accepted=5256,len=336,crc=3077,field=162,dup=0,old=1,ovf=0
2026-08-01 05:26:25.396561 DBG,RX,t=487540,event=CRC,bytes=434695,parsed=8835,accepted=5259,len=336,crc=3078,field=162,dup=0,old=1,ovf=0
2026-08-01 05:26:25.397563 DBG,RX,t=487600,event=CRC,bytes=434747,parsed=8836,accepted=5259,len=336,crc=3079,field=162,dup=0,old=1,ovf=0
2026-08-01 05:26:25.689717 DBG,RX,t=488080,event=CRC,bytes=435198,parsed=8845,accepted=5267,len=336,crc=3080,field=162,dup=0,old=1,ovf=0
2026-08-01 05:26:25.991571 DBG,RX,t=488200,event=CRC,bytes=435299,parsed=8847,accepted=5268,len=336,crc=3081,field=162,dup=0,old=1,ovf=0
2026-08-01 05:26:25.992578 DBG,RX,t=488240,event=CRC,bytes=435350,parsed=8848,accepted=5268,len=336,crc=3082,field=162,dup=0,old=1,ovf=0
2026-08-01 05:26:25.994545 DBG,CTRL,t=488280,old=ACT,new=VIS,mage=154,rxage=40,seq=8847,valid=1,meas=1,streak=0,event=CRC
2026-08-01 05:26:25.994876 DBG,RX,t=488300,event=CRC,bytes=435401,parsed=8849,accepted=5268,len=336,crc=3083,field=162,dup=0,old=1,ovf=0
2026-08-01 05:26:26.275478 DBG,RX,t=488400,event=CRC,bytes=435502,parsed=8851,accepted=5269,len=336,crc=3084,field=162,dup=0,old=1,ovf=0
2026-08-01 05:26:26.276484 DBG,CTRL,t=488520,old=VIS,new=ACT,mage=13,rxage=0,seq=8854,valid=1,meas=1,streak=3,event=TARGET
2026-08-01 05:26:26.277476 DBG,RX,t=488560,event=CRC,bytes=435655,parsed=8854,accepted=5271,len=336,crc=3085,field=162,dup=0,old=1,ovf=0
2026-08-01 05:26:26.278245 DBG,RX,t=488620,event=CRC,bytes=435706,parsed=8855,accepted=5271,len=336,crc=3086,field=162,dup=0,old=1,ovf=0
2026-08-01 05:26:26.278245 DBG,CTRL,t=488660,old=ACT,new=VIS,mage=153,rxage=0,seq=8854,valid=1,meas=1,streak=0,event=CRC
2026-08-01 05:26:26.556827 DBG,CTRL,t=488780,old=VIS,new=ACT,mage=12,rxage=0,seq=8859,valid=1,meas=1,streak=3,event=TARGET
2026-08-01 05:26:26.557866 DBG,RX,t=488900,event=CRC,bytes=435963,parsed=8860,accepted=5275,len=336,crc=3087,field=162,dup=0,old=1,ovf=0
2026-08-01 05:26:26.851102 DBG,RX,t=489100,event=CRC,bytes=436167,parsed=8864,accepted=5278,len=336,crc=3088,field=162,dup=0,old=1,ovf=0
2026-08-01 05:26:26.851102 DBG,RX,t=489160,event=CRC,bytes=436219,parsed=8865,accepted=5278,len=336,crc=3089,field=162,dup=0,old=1,ovf=0
2026-08-01 05:26:26.855741 DBG,CTRL,t=489200,old=ACT,new=VIS,mage=154,rxage=0,seq=8864,valid=1,meas=1,streak=0,event=CRC
2026-08-01 05:26:26.857004 DBG,RX,t=489220,event=CRC,bytes=436270,parsed=8866,accepted=5278,len=336,crc=3090,field=162,dup=0,old=1,ovf=0
2026-08-01 05:26:26.858244 DBG,RX,t=489260,event=CRC,bytes=436321,parsed=8867,accepted=5278,len=336,crc=3091,field=162,dup=0,old=1,ovf=0
2026-08-01 05:26:27.192114 DBG,RX,t=489420,event=CRC,bytes=436474,parsed=8870,accepted=5280,len=336,crc=3092,field=162,dup=0,old=1,ovf=0
2026-08-01 05:26:27.193115 DBG,CTRL,t=489480,old=VIS,new=ACT,mage=9,rxage=0,seq=8872,valid=1,meas=1,streak=3,event=TARGET
2026-08-01 05:26:27.498426 DBG,RX,t=489740,event=CRC,bytes=436779,parsed=8876,accepted=5285,len=336,crc=3093,field=162,dup=0,old=1,ovf=0
2026-08-01 05:26:27.499436 DBG,RX,t=489800,event=CRC,bytes=436831,parsed=8877,accepted=5285,len=336,crc=3094,field=162,dup=0,old=1,ovf=0
2026-08-01 05:26:27.499436 DBG,CTRL,t=489840,old=ACT,new=VIS,mage=152,rxage=40,seq=8876,valid=1,meas=1,streak=0,event=CRC
2026-08-01 05:26:27.816710 DBG,CTRL,t=489980,old=VIS,new=ACT,mage=7,rxage=0,seq=8881,valid=1,meas=1,streak=3,event=TARGET
2026-08-01 05:26:27.818529 DBG,RX,t=490100,event=CRC,bytes=437084,parsed=8882,accepted=5289,len=336,crc=3095,field=162,dup=0,old=1,ovf=0
2026-08-01 05:26:28.312458 DBG,RX,t=490300,event=LENGTH,bytes=437287,parsed=8886,accepted=5292,len=337,crc=3095,field=162,dup=0,old=1,ovf=0
2026-08-01 05:26:28.313567 DBG,RX,t=490480,event=CRC,bytes=437438,parsed=8889,accepted=5294,len=337,crc=3096,field=162,dup=0,old=1,ovf=0
2026-08-01 05:26:28.314579 DBG,RX,t=490580,event=CRC,bytes=437539,parsed=8891,accepted=5295,len=337,crc=3097,field=162,dup=0,old=1,ovf=0
2026-08-01 05:26:28.315582 DBG,RX,t=490680,event=CRC,bytes=437640,parsed=8893,accepted=5296,len=337,crc=3098,field=162,dup=0,old=1,ovf=0
2026-08-01 05:26:28.758044 DBG,RX,t=490800,event=CRC,bytes=437741,parsed=8895,accepted=5297,len=337,crc=3099,field=162,dup=0,old=1,ovf=0
2026-08-01 05:26:28.758044 DBG,RX,t=490900,event=CRC,bytes=437842,parsed=8897,accepted=5298,len=337,crc=3100,field=162,dup=0,old=1,ovf=0
2026-08-01 05:26:28.760505 DBG,RX,t=490960,event=CRC,bytes=437894,parsed=8898,accepted=5298,len=337,crc=3101,field=162,dup=0,old=1,ovf=0
2026-08-01 05:26:28.761583 DBG,CTRL,t=491000,old=ACT,new=VIS,mage=166,rxage=0,seq=8897,valid=1,meas=1,streak=0,event=CRC
2026-08-01 05:26:28.762857 DBG,RX,t=491000,event=CRC,bytes=437946,parsed=8899,accepted=5298,len=337,crc=3102,field=162,dup=0,old=1,ovf=0
2026-08-01 05:26:28.763952 DBG,RX,t=491080,event=CRC,bytes=437997,parsed=8900,accepted=5298,len=337,crc=3103,field=162,dup=0,old=1,ovf=0
2026-08-01 05:26:28.765026 DBG,RX,t=491140,event=CRC,bytes=438048,parsed=8901,accepted=5298,len=337,crc=3104,field=162,dup=0,old=1,ovf=0
2026-08-01 05:26:28.766227 DBG,RX,t=491180,event=LENGTH,bytes=438100,parsed=8902,accepted=5298,len=338,crc=3104,field=162,dup=0,old=1,ovf=0
2026-08-01 05:26:29.158696 DBG,CTRL,t=491340,old=VIS,new=ACT,mage=5,rxage=0,seq=8906,valid=1,meas=1,streak=3,event=TARGET
2026-08-01 05:26:29.159695 DBG,RX,t=491500,event=CRC,bytes=438404,parsed=8908,accepted=5303,len=338,crc=3105,field=162,dup=0,old=1,ovf=0
2026-08-01 05:26:29.161552 DBG,RX,t=491560,event=CRC,bytes=438456,parsed=8909,accepted=5303,len=338,crc=3106,field=162,dup=0,old=1,ovf=0
2026-08-01 05:26:29.544758 DBG,CTRL,t=491600,old=ACT,new=VIS,mage=154,rxage=0,seq=8908,valid=1,meas=1,streak=0,event=CRC
2026-08-01 05:26:29.546424 DBG,RX,t=491660,event=CRC,bytes=438558,parsed=8911,accepted=5304,len=338,crc=3107,field=162,dup=0,old=1,ovf=0
2026-08-01 05:26:29.547416 DBG,RX,t=491720,event=CRC,bytes=438609,parsed=8912,accepted=5304,len=338,crc=3108,field=162,dup=0,old=1,ovf=0
2026-08-01 05:26:29.548416 DBG,RX,t=491880,event=CRC,bytes=438760,parsed=8915,accepted=5306,len=338,crc=3109,field=162,dup=0,old=1,ovf=0
2026-08-01 05:26:29.549415 DBG,CTRL,t=491940,old=VIS,new=ACT,mage=14,rxage=0,seq=8917,valid=1,meas=1,streak=3,event=TARGET
2026-08-01 05:26:29.914885 DBG,RX,t=492040,event=CRC,bytes=438911,parsed=8918,accepted=5308,len=338,crc=3110,field=162,dup=0,old=1,ovf=0
2026-08-01 05:26:30.295529 DBG,RX,t=492440,event=CRC,bytes=439266,parsed=8925,accepted=5314,len=338,crc=3111,field=162,dup=0,old=1,ovf=0
2026-08-01 05:26:30.296623 DBG,RX,t=492480,event=CRC,bytes=439319,parsed=8926,accepted=5314,len=338,crc=3112,field=162,dup=0,old=1,ovf=0
2026-08-01 05:26:30.298371 DBG,CTRL,t=492520,old=ACT,new=VIS,mage=154,rxage=40,seq=8925,valid=1,meas=1,streak=0,event=CRC
2026-08-01 05:26:30.299474 DBG,RX,t=492580,event=CRC,bytes=439423,parsed=8928,accepted=5315,len=338,crc=3113,field=162,dup=0,old=1,ovf=0
2026-08-01 05:26:30.300578 DBG,RX,t=492640,event=CRC,bytes=439475,parsed=8929,accepted=5315,len=338,crc=3114,field=162,dup=0,old=1,ovf=0
2026-08-01 05:26:30.632153 DBG,CTRL,t=492800,old=VIS,new=ACT,mage=6,rxage=0,seq=8933,valid=1,meas=1,streak=3,event=TARGET
2026-08-01 05:26:30.633537 DBG,RX,t=492960,event=CRC,bytes=439779,parsed=8935,accepted=5320,len=338,crc=3115,field=162,dup=0,old=1,ovf=0
2026-08-01 05:26:30.634553 DBG,RX,t=493020,event=LENGTH,bytes=439831,parsed=8936,accepted=5320,len=339,crc=3115,field=162,dup=0,old=1,ovf=0
2026-08-01 05:26:30.635908 DBG,CTRL,t=493060,old=ACT,new=VIS,mage=153,rxage=40,seq=8935,valid=1,meas=1,streak=0,event=LENGTH
2026-08-01 05:26:30.891354 DBG,RX,t=493120,event=CRC,bytes=439933,parsed=8938,accepted=5321,len=339,crc=3116,field=162,dup=0,old=1,ovf=0
2026-08-01 05:26:30.892954 DBG,RX,t=493180,event=CRC,bytes=439984,parsed=8939,accepted=5321,len=339,crc=3117,field=162,dup=0,old=1,ovf=0
2026-08-01 05:26:30.893415 DBG,RX,t=493260,event=CRC,bytes=440035,parsed=8940,accepted=5321,len=339,crc=3118,field=162,dup=0,old=1,ovf=0
2026-08-01 05:26:30.893415 DBG,RX,t=493300,event=CRC,bytes=440086,parsed=8941,accepted=5321,len=339,crc=3119,field=162,dup=0,old=1,ovf=0
2026-08-01 05:26:31.191413 DBG,CTRL,t=493460,old=VIS,new=ACT,mage=3,rxage=0,seq=8945,valid=1,meas=1,streak=3,event=TARGET
2026-08-01 05:26:31.539264 DBG,RX,t=493680,event=CRC,bytes=440442,parsed=8948,accepted=5327,len=339,crc=3120,field=162,dup=0,old=1,ovf=0
2026-08-01 05:26:31.540676 DBG,RX,t=493740,event=CRC,bytes=440495,parsed=8949,accepted=5327,len=339,crc=3121,field=162,dup=0,old=1,ovf=0
2026-08-01 05:26:31.541183 DBG,RX,t=493840,event=CRC,bytes=440599,parsed=8951,accepted=5328,len=339,crc=3122,field=162,dup=0,old=1,ovf=0
2026-08-01 05:26:31.542194 DBG,RX,t=493960,event=CRC,bytes=440702,parsed=8953,accepted=5329,len=339,crc=3123,field=162,dup=0,old=1,ovf=0
2026-08-01 05:26:31.543216 DBG,RX,t=494000,event=CRC,bytes=440754,parsed=8954,accepted=5329,len=339,crc=3124,field=162,dup=0,old=1,ovf=0
2026-08-01 05:26:31.877035 DBG,CTRL,t=494040,old=ACT,new=VIS,mage=153,rxage=40,seq=8953,valid=1,meas=1,streak=0,event=CRC
2026-08-01 05:26:31.878114 DBG,RX,t=494060,event=CRC,bytes=440806,parsed=8955,accepted=5329,len=339,crc=3125,field=162,dup=0,old=1,ovf=0
2026-08-01 05:26:31.879189 DBG,CTRL,t=494220,old=VIS,new=ACT,mage=11,rxage=0,seq=8959,valid=1,meas=1,streak=3,event=TARGET
2026-08-01 05:26:31.879189 DBG,RX,t=494340,event=CRC,bytes=441058,parsed=8960,accepted=5333,len=339,crc=3126,field=162,dup=0,old=1,ovf=0
2026-08-01 05:26:32.165869 DBG,RX,t=494440,event=CRC,bytes=441159,parsed=8962,accepted=5334,len=339,crc=3127,field=162,dup=0,old=1,ovf=0
2026-08-01 05:26:32.166879 DBG,RX,t=494540,event=CRC,bytes=441260,parsed=8964,accepted=5335,len=339,crc=3128,field=162,dup=0,old=1,ovf=0
2026-08-01 05:26:32.575659 DBG,RX,t=494760,event=CRC,bytes=441462,parsed=8968,accepted=5338,len=339,crc=3129,field=162,dup=0,old=1,ovf=0
2026-08-01 05:26:32.577674 DBG,RX,t=494880,event=CRC,bytes=441563,parsed=8970,accepted=5339,len=339,crc=3130,field=162,dup=0,old=1,ovf=0
2026-08-01 05:26:32.579182 DBG,RX,t=494980,event=CRC,bytes=441664,parsed=8972,accepted=5340,len=339,crc=3131,field=162,dup=0,old=1,ovf=0
2026-08-01 05:26:32.973797 DBG,RX,t=495240,event=CRC,bytes=441915,parsed=8977,accepted=5344,len=339,crc=3132,field=162,dup=0,old=1,ovf=0
2026-08-01 05:26:32.974792 DBG,RX,t=495360,event=CRC,bytes=442016,parsed=8979,accepted=5345,len=339,crc=3133,field=162,dup=0,old=1,ovf=0
2026-08-01 05:26:33.352661 DBG,RX,t=495460,event=CRC,bytes=442117,parsed=8981,accepted=5346,len=339,crc=3134,field=162,dup=0,old=1,ovf=0
2026-08-01 05:26:33.352661 DBG,RX,t=495620,event=CRC,bytes=442269,parsed=8984,accepted=5348,len=339,crc=3135,field=162,dup=0,old=1,ovf=0
2026-08-01 05:26:33.352661 DBG,RX,t=495740,event=FIELD,bytes=442370,parsed=8986,accepted=5349,len=339,crc=3135,field=163,dup=0,old=1,ovf=0
2026-08-01 05:26:33.352661 DBG,RX,t=495780,event=CRC,bytes=442422,parsed=8987,accepted=5349,len=339,crc=3136,field=163,dup=0,old=1,ovf=0
2026-08-01 05:26:33.714806 DBG,RX,t=496160,event=CRC,bytes=442773,parsed=8994,accepted=5355,len=339,crc=3137,field=163,dup=0,old=1,ovf=0
2026-08-01 05:26:34.460891 DBG,RX,t=496620,event=CRC,bytes=443174,parsed=9002,accepted=5362,len=339,crc=3138,field=163,dup=0,old=1,ovf=0
2026-08-01 05:26:34.462409 DBG,RX,t=496720,event=CRC,bytes=443276,parsed=9004,accepted=5363,len=339,crc=3139,field=163,dup=0,old=1,ovf=0
2026-08-01 05:26:34.847587 DBG,RX,t=497060,event=CRC,bytes=443577,parsed=9010,accepted=5368,len=339,crc=3140,field=163,dup=0,old=1,ovf=0
2026-08-01 05:26:34.848240 DBG,RX,t=497100,event=CRC,bytes=443628,parsed=9011,accepted=5368,len=339,crc=3141,field=163,dup=0,old=1,ovf=0
2026-08-01 05:26:34.848240 DBG,CTRL,t=497140,old=ACT,new=VIS,mage=153,rxage=40,seq=9010,valid=1,meas=1,streak=0,event=CRC
2026-08-01 05:26:34.850909 DBG,RX,t=497260,event=CRC,bytes=443780,parsed=9014,accepted=5370,len=339,crc=3142,field=163,dup=0,old=1,ovf=0
2026-08-01 05:26:34.851724 DBG,RX,t=497320,event=CRC,bytes=443831,parsed=9015,accepted=5370,len=339,crc=3143,field=163,dup=0,old=1,ovf=0
2026-08-01 05:26:35.197170 DBG,RX,t=497420,event=LENGTH,bytes=443932,parsed=9017,accepted=5371,len=340,crc=3143,field=163,dup=0,old=1,ovf=0
2026-08-01 05:26:35.198194 DBG,RX,t=497480,event=CRC,bytes=443983,parsed=9018,accepted=5371,len=340,crc=3144,field=163,dup=0,old=1,ovf=0
2026-08-01 05:26:35.199194 DBG,CTRL,t=497640,old=VIS,new=ACT,mage=2,rxage=0,seq=9022,valid=1,meas=1,streak=3,event=TARGET
2026-08-01 05:26:35.200196 DBG,RX,t=497700,event=CRC,bytes=444185,parsed=9022,accepted=5374,len=340,crc=3145,field=163,dup=0,old=1,ovf=0
2026-08-01 05:26:35.547789 DBG,RX,t=497800,event=CRC,bytes=444288,parsed=9024,accepted=5375,len=340,crc=3146,field=163,dup=0,old=1,ovf=0
2026-08-01 05:26:35.550402 DBG,RX,t=497860,event=CRC,bytes=444340,parsed=9025,accepted=5375,len=340,crc=3147,field=163,dup=0,old=1,ovf=0
2026-08-01 05:26:35.551101 DBG,CTRL,t=497900,old=ACT,new=VIS,mage=154,rxage=0,seq=9024,valid=1,meas=1,streak=0,event=CRC
2026-08-01 05:26:35.553336 DBG,RX,t=498020,event=CRC,bytes=444494,parsed=9028,accepted=5377,len=340,crc=3148,field=163,dup=0,old=1,ovf=0
2026-08-01 05:26:35.924595 DBG,CTRL,t=498080,old=VIS,new=ACT,mage=14,rxage=0,seq=9030,valid=1,meas=1,streak=3,event=TARGET
2026-08-01 05:26:35.925600 DBG,RX,t=498120,event=CRC,bytes=444598,parsed=9030,accepted=5378,len=340,crc=3149,field=163,dup=0,old=1,ovf=0
2026-08-01 05:26:35.925600 DBG,RX,t=498180,event=CRC,bytes=444650,parsed=9031,accepted=5378,len=340,crc=3150,field=163,dup=0,old=1,ovf=0
2026-08-01 05:26:35.927601 DBG,CTRL,t=498220,old=ACT,new=VIS,mage=154,rxage=0,seq=9030,valid=1,meas=1,streak=0,event=CRC
2026-08-01 05:26:35.928597 DBG,RX,t=498340,event=CRC,bytes=444803,parsed=9034,accepted=5380,len=340,crc=3151,field=163,dup=0,old=1,ovf=0
2026-08-01 05:26:35.928597 DBG,CTRL,t=498400,old=VIS,new=ACT,mage=14,rxage=0,seq=9036,valid=1,meas=1,streak=3,event=TARGET
2026-08-01 05:26:36.364722 DBG,RX,t=498560,event=CRC,bytes=445004,parsed=9038,accepted=5383,len=340,crc=3152,field=163,dup=0,old=1,ovf=0
2026-08-01 05:26:36.365732 DBG,RX,t=498620,event=CRC,bytes=445055,parsed=9039,accepted=5383,len=340,crc=3153,field=163,dup=0,old=1,ovf=0
2026-08-01 05:26:36.367243 DBG,CTRL,t=498660,old=ACT,new=VIS,mage=168,rxage=0,seq=9038,valid=1,meas=1,streak=0,event=CRC
2026-08-01 05:26:36.367859 DBG,RX,t=498660,event=CRC,bytes=445107,parsed=9040,accepted=5383,len=340,crc=3154,field=163,dup=0,old=1,ovf=0
2026-08-01 05:26:36.368874 DBG,CTRL,t=498840,old=VIS,new=ACT,mage=14,rxage=0,seq=9044,valid=1,meas=1,streak=3,event=TARGET
2026-08-01 05:26:36.370878 DBG,RX,t=498880,event=CRC,bytes=445309,parsed=9044,accepted=5386,len=340,crc=3155,field=163,dup=0,old=1,ovf=0
2026-08-01 05:26:36.740885 DBG,RX,t=498940,event=CRC,bytes=445361,parsed=9045,accepted=5386,len=340,crc=3156,field=163,dup=0,old=1,ovf=0
2026-08-01 05:26:36.741897 DBG,CTRL,t=498980,old=ACT,new=VIS,mage=154,rxage=0,seq=9044,valid=1,meas=1,streak=0,event=CRC
2026-08-01 05:26:36.743068 DBG,RX,t=498980,event=CRC,bytes=445413,parsed=9046,accepted=5386,len=340,crc=3157,field=163,dup=0,old=1,ovf=0
2026-08-01 05:26:36.744077 DBG,CTRL,t=499160,old=VIS,new=ACT,mage=14,rxage=0,seq=9050,valid=1,meas=1,streak=3,event=TARGET
2026-08-01 05:26:36.745076 DBG,RX,t=499260,event=LENGTH,bytes=445665,parsed=9051,accepted=5390,len=341,crc=3157,field=163,dup=0,old=1,ovf=0
2026-08-01 05:26:37.136455 DBG,RX,t=499320,event=CRC,bytes=445716,parsed=9052,accepted=5390,len=341,crc=3158,field=163,dup=0,old=1,ovf=0
2026-08-01 05:26:37.137962 DBG,RX,t=499420,event=CRC,bytes=445817,parsed=9054,accepted=5391,len=341,crc=3159,field=163,dup=0,old=1,ovf=0
2026-08-01 05:26:37.138973 DBG,RX,t=499580,event=CRC,bytes=445969,parsed=9057,accepted=5393,len=341,crc=3160,field=163,dup=0,old=1,ovf=0
2026-08-01 05:26:37.543811 DBG,RX,t=499760,event=CRC,bytes=446120,parsed=9060,accepted=5395,len=341,crc=3161,field=163,dup=0,old=1,ovf=0
2026-08-01 05:26:37.545277 DBG,RX,t=499860,event=CRC,bytes=446221,parsed=9062,accepted=5396,len=341,crc=3162,field=163,dup=0,old=1,ovf=0
2026-08-01 05:26:37.546785 DBG,RX,t=499920,event=CRC,bytes=446272,parsed=9063,accepted=5396,len=341,crc=3163,field=163,dup=0,old=1,ovf=0
2026-08-01 05:26:37.547709 DBG,CTRL,t=499960,old=ACT,new=VIS,mage=152,rxage=0,seq=9062,valid=1,meas=1,streak=0,event=CRC
2026-08-01 05:26:37.548983 DBG,RX,t=499980,event=CRC,bytes=446323,parsed=9064,accepted=5396,len=341,crc=3164,field=163,dup=0,old=1,ovf=0
2026-08-01 05:26:37.550126 DBG,RX,t=500080,event=LENGTH,bytes=446425,parsed=9066,accepted=5397,len=342,crc=3164,field=163,dup=0,old=1,ovf=0
2026-08-01 05:26:37.922875 DBG,RX,t=500180,event=CRC,bytes=446529,parsed=9068,accepted=5398,len=342,crc=3165,field=163,dup=0,old=1,ovf=0
2026-08-01 05:26:37.924397 DBG,RX,t=500240,event=CRC,bytes=446581,parsed=9069,accepted=5398,len=342,crc=3166,field=163,dup=0,old=1,ovf=0
2026-08-01 05:26:37.925411 DBG,RX,t=500400,event=CRC,bytes=446736,parsed=9072,accepted=5400,len=342,crc=3167,field=163,dup=0,old=1,ovf=0
2026-08-01 05:26:37.925411 DBG,RX,t=500460,event=CRC,bytes=446789,parsed=9073,accepted=5400,len=342,crc=3168,field=163,dup=0,old=1,ovf=0
2026-08-01 05:26:38.250903 DBG,CTRL,t=500500,old=VIS,new=ACT,mage=1,rxage=0,seq=9075,valid=1,meas=1,streak=3,event=TARGET
2026-08-01 05:26:38.251912 DBG,RX,t=500780,event=CRC,bytes=447098,parsed=9079,accepted=5405,len=342,crc=3169,field=163,dup=0,old=1,ovf=0
2026-08-01 05:26:38.592106 DBG,RX,t=500840,event=CRC,bytes=447149,parsed=9080,accepted=5405,len=342,crc=3170,field=163,dup=0,old=1,ovf=0
2026-08-01 05:26:38.592840 DBG,CTRL,t=500880,old=ACT,new=VIS,mage=167,rxage=40,seq=9079,valid=1,meas=1,streak=0,event=CRC
2026-08-01 05:26:38.594352 DBG,RX,t=501000,event=LENGTH,bytes=447303,parsed=9083,accepted=5407,len=343,crc=3170,field=163,dup=0,old=1,ovf=0
2026-08-01 05:26:38.594352 DBG,CTRL,t=501060,old=VIS,new=ACT,mage=14,rxage=0,seq=9085,valid=1,meas=1,streak=3,event=TARGET
2026-08-01 05:26:39.042223 DBG,RX,t=501160,event=CRC,bytes=447454,parsed=9086,accepted=5409,len=343,crc=3171,field=163,dup=0,old=1,ovf=0
2026-08-01 05:26:39.043221 DBG,RX,t=501320,event=CRC,bytes=447605,parsed=9089,accepted=5411,len=343,crc=3172,field=163,dup=0,old=1,ovf=0
2026-08-01 05:26:39.044221 DBG,RX,t=501380,event=LENGTH,bytes=447656,parsed=9090,accepted=5411,len=344,crc=3172,field=163,dup=0,old=1,ovf=0
2026-08-01 05:26:39.045224 DBG,CTRL,t=501420,old=ACT,new=VIS,mage=154,rxage=0,seq=9089,valid=1,meas=1,streak=0,event=LENGTH
2026-08-01 05:26:39.046532 DBG,RX,t=501480,event=CRC,bytes=447758,parsed=9092,accepted=5412,len=344,crc=3173,field=163,dup=0,old=1,ovf=0
2026-08-01 05:26:39.047766 DBG,RX,t=501540,event=CRC,bytes=447809,parsed=9093,accepted=5412,len=344,crc=3174,field=163,dup=0,old=1,ovf=0
2026-08-01 05:26:39.473000 DBG,RX,t=501700,event=CRC,bytes=447960,parsed=9096,accepted=5414,len=344,crc=3175,field=163,dup=0,old=1,ovf=0
2026-08-01 05:26:39.474152 DBG,CTRL,t=501760,old=VIS,new=ACT,mage=13,rxage=0,seq=9098,valid=1,meas=1,streak=3,event=TARGET
2026-08-01 05:26:39.475257 DBG,RX,t=501800,event=LENGTH,bytes=448061,parsed=9098,accepted=5415,len=345,crc=3175,field=163,dup=0,old=1,ovf=0
2026-08-01 05:26:39.476393 DBG,RX,t=501860,event=CRC,bytes=448112,parsed=9099,accepted=5415,len=345,crc=3176,field=163,dup=0,old=1,ovf=0
2026-08-01 05:26:39.477471 DBG,CTRL,t=501900,old=ACT,new=VIS,mage=153,rxage=40,seq=9098,valid=1,meas=1,streak=0,event=CRC
2026-08-01 05:26:39.478006 DBG,RX,t=501920,event=CRC,bytes=448163,parsed=9100,accepted=5415,len=345,crc=3177,field=163,dup=0,old=1,ovf=0
2026-08-01 05:26:39.874259 DBG,RX,t=502100,event=CRC,bytes=448315,parsed=9103,accepted=5417,len=345,crc=3178,field=163,dup=0,old=1,ovf=0
2026-08-01 05:26:39.875270 DBG,CTRL,t=502140,old=VIS,new=ACT,mage=7,rxage=0,seq=9105,valid=1,meas=1,streak=3,event=TARGET
2026-08-01 05:26:39.875270 DBG,RX,t=502200,event=CRC,bytes=448416,parsed=9105,accepted=5418,len=345,crc=3179,field=163,dup=0,old=1,ovf=0
2026-08-01 05:26:39.876779 DBG,RX,t=502360,event=CRC,bytes=448567,parsed=9108,accepted=5420,len=345,crc=3180,field=163,dup=0,old=1,ovf=0
2026-08-01 05:26:40.226548 DBG,RX,t=502460,event=CRC,bytes=448668,parsed=9110,accepted=5421,len=345,crc=3181,field=163,dup=0,old=1,ovf=0
2026-08-01 05:26:40.227719 DBG,RX,t=502520,event=CRC,bytes=448719,parsed=9111,accepted=5421,len=345,crc=3182,field=163,dup=0,old=1,ovf=0
2026-08-01 05:26:40.228719 DBG,CTRL,t=502560,old=ACT,new=VIS,mage=153,rxage=0,seq=9110,valid=1,meas=1,streak=0,event=CRC
2026-08-01 05:26:40.228719 DBG,RX,t=502640,event=CRC,bytes=448820,parsed=9113,accepted=5422,len=345,crc=3183,field=163,dup=0,old=1,ovf=0
2026-08-01 05:26:40.230235 DBG,RX,t=502680,event=CRC,bytes=448872,parsed=9114,accepted=5422,len=345,crc=3184,field=163,dup=0,old=1,ovf=0
2026-08-01 05:26:40.596464 DBG,CTRL,t=502840,old=VIS,new=ACT,mage=5,rxage=0,seq=9118,valid=1,meas=1,streak=3,event=TARGET
2026-08-01 05:26:40.596464 DBG,RX,t=503020,event=CRC,bytes=449173,parsed=9120,accepted=5427,len=345,crc=3185,field=163,dup=0,old=1,ovf=0
2026-08-01 05:26:40.601923 DBG,RX,t=503080,event=CRC,bytes=449224,parsed=9121,accepted=5427,len=345,crc=3186,field=163,dup=0,old=1,ovf=0
2026-08-01 05:26:40.602938 DBG,CTRL,t=503100,old=ACT,new=VIS,mage=154,rxage=20,seq=9120,valid=1,meas=1,streak=0,event=CRC
2026-08-01 05:26:40.994479 DBG,RX,t=503180,event=CRC,bytes=449326,parsed=9123,accepted=5428,len=345,crc=3187,field=163,dup=0,old=1,ovf=0
2026-08-01 05:26:40.995988 DBG,RX,t=503240,event=LENGTH,bytes=449377,parsed=9124,accepted=5428,len=346,crc=3187,field=163,dup=0,old=1,ovf=0
2026-08-01 05:26:40.996947 DBG,CTRL,t=503400,old=VIS,new=ACT,mage=7,rxage=0,seq=9128,valid=1,meas=1,streak=3,event=TARGET
2026-08-01 05:26:41.348404 DBG,RX,t=503720,event=CRC,bytes=449828,parsed=9133,accepted=5436,len=346,crc=3188,field=163,dup=0,old=1,ovf=0
2026-08-01 05:26:41.349419 DBG,RX,t=503780,event=CRC,bytes=449879,parsed=9134,accepted=5436,len=346,crc=3189,field=163,dup=0,old=1,ovf=0
2026-08-01 05:26:41.350923 DBG,CTRL,t=503820,old=ACT,new=VIS,mage=154,rxage=40,seq=9133,valid=1,meas=1,streak=0,event=CRC
2026-08-01 05:26:41.351930 DBG,RX,t=503880,event=CRC,bytes=449980,parsed=9136,accepted=5437,len=346,crc=3190,field=163,dup=0,old=1,ovf=0
2026-08-01 05:26:41.702527 DBG,CTRL,t=504000,old=VIS,new=ACT,mage=14,rxage=0,seq=9139,valid=1,meas=1,streak=3,event=TARGET
2026-08-01 05:26:41.703542 DBG,RX,t=504060,event=CRC,bytes=450132,parsed=9139,accepted=5439,len=346,crc=3191,field=163,dup=0,old=1,ovf=0
2026-08-01 05:26:41.704542 DBG,RX,t=504160,event=CRC,bytes=450233,parsed=9141,accepted=5440,len=346,crc=3192,field=163,dup=0,old=1,ovf=0
2026-08-01 05:26:42.089119 DBG,RX,t=504420,event=CRC,bytes=450484,parsed=9146,accepted=5444,len=346,crc=3193,field=163,dup=0,old=1,ovf=0
2026-08-01 05:26:42.090129 DBG,RX,t=504580,event=CRC,bytes=450635,parsed=9149,accepted=5446,len=346,crc=3194,field=163,dup=0,old=1,ovf=0
2026-08-01 05:26:42.091637 DBG,RX,t=504640,event=CRC,bytes=450686,parsed=9150,accepted=5446,len=346,crc=3195,field=163,dup=0,old=1,ovf=0
2026-08-01 05:26:42.092648 DBG,CTRL,t=504680,old=ACT,new=VIS,mage=154,rxage=40,seq=9149,valid=1,meas=1,streak=0,event=CRC
2026-08-01 05:26:42.543740 DBG,RX,t=504740,event=CRC,bytes=450788,parsed=9152,accepted=5447,len=346,crc=3196,field=163,dup=0,old=1,ovf=0
2026-08-01 05:26:42.546124 DBG,RX,t=504800,event=FIELD,bytes=450841,parsed=9153,accepted=5447,len=346,crc=3196,field=164,dup=0,old=1,ovf=0
2026-08-01 05:26:42.547130 DBG,RX,t=504960,event=CRC,bytes=450995,parsed=9156,accepted=5449,len=346,crc=3197,field=164,dup=0,old=1,ovf=0
2026-08-01 05:26:42.548123 DBG,CTRL,t=505020,old=VIS,new=ACT,mage=13,rxage=0,seq=9158,valid=1,meas=1,streak=3,event=TARGET
2026-08-01 05:26:42.549123 DBG,RX,t=505060,event=CRC,bytes=451100,parsed=9158,accepted=5450,len=346,crc=3198,field=164,dup=0,old=1,ovf=0
2026-08-01 05:26:42.550120 DBG,RX,t=505120,event=CRC,bytes=451153,parsed=9159,accepted=5450,len=346,crc=3199,field=164,dup=0,old=1,ovf=0
2026-08-01 05:26:42.974586 DBG,CTRL,t=505160,old=ACT,new=VIS,mage=153,rxage=40,seq=9158,valid=1,meas=1,streak=0,event=CRC
2026-08-01 05:26:42.975811 DBG,RX,t=505280,event=CRC,bytes=451310,parsed=9162,accepted=5452,len=346,crc=3200,field=164,dup=0,old=1,ovf=0
2026-08-01 05:26:42.977132 DBG,RX,t=505340,event=CRC,bytes=451363,parsed=9163,accepted=5452,len=346,crc=3201,field=164,dup=0,old=1,ovf=0
2026-08-01 05:26:42.978141 DBG,RX,t=505460,event=CRC,bytes=451468,parsed=9165,accepted=5453,len=346,crc=3202,field=164,dup=0,old=1,ovf=0
2026-08-01 05:26:42.979143 DBG,RX,t=505500,event=CRC,bytes=451522,parsed=9166,accepted=5453,len=346,crc=3203,field=164,dup=0,old=1,ovf=0
2026-08-01 05:26:42.980140 DBG,RX,t=505560,event=CRC,bytes=451576,parsed=9167,accepted=5453,len=346,crc=3204,field=164,dup=0,old=1,ovf=0
2026-08-01 05:26:43.392801 DBG,CTRL,t=505720,old=VIS,new=ACT,mage=11,rxage=0,seq=9171,valid=1,meas=1,streak=3,event=TARGET
2026-08-01 05:26:43.393814 DBG,RX,t=505880,event=CRC,bytes=451883,parsed=9173,accepted=5458,len=346,crc=3205,field=164,dup=0,old=1,ovf=0
2026-08-01 05:26:43.761141 DBG,RX,t=506040,event=CRC,bytes=452036,parsed=9176,accepted=5460,len=346,crc=3206,field=164,dup=0,old=1,ovf=0
2026-08-01 05:26:43.762659 DBG,RX,t=506140,event=CRC,bytes=452139,parsed=9178,accepted=5461,len=346,crc=3207,field=164,dup=0,old=1,ovf=0
2026-08-01 05:26:44.139528 DBG,RX,t=506380,event=CRC,bytes=452344,parsed=9182,accepted=5464,len=346,crc=3208,field=164,dup=0,old=1,ovf=0
2026-08-01 05:26:44.141038 DBG,RX,t=506440,event=CRC,bytes=452397,parsed=9183,accepted=5464,len=346,crc=3209,field=164,dup=0,old=1,ovf=0
2026-08-01 05:26:44.145881 DBG,CTRL,t=506480,old=ACT,new=VIS,mage=153,rxage=0,seq=9182,valid=1,meas=1,streak=0,event=CRC
2026-08-01 05:26:44.146937 DBG,RX,t=506600,event=CRC,bytes=452551,parsed=9186,accepted=5466,len=346,crc=3210,field=164,dup=0,old=1,ovf=0
2026-08-01 05:26:44.147951 DBG,CTRL,t=506660,old=VIS,new=ACT,mage=14,rxage=0,seq=9188,valid=1,meas=1,streak=3,event=TARGET
2026-08-01 05:26:44.149937 DBG,RX,t=506700,event=CRC,bytes=452654,parsed=9188,accepted=5467,len=346,crc=3211,field=164,dup=0,old=1,ovf=0
2026-08-01 05:26:44.150961 DBG,RX,t=506760,event=LENGTH,bytes=452706,parsed=9189,accepted=5467,len=347,crc=3211,field=164,dup=0,old=1,ovf=0
2026-08-01 05:26:44.490890 DBG,CTRL,t=506800,old=ACT,new=VIS,mage=154,rxage=40,seq=9188,valid=1,meas=1,streak=0,event=LENGTH
2026-08-01 05:26:44.491898 DBG,CTRL,t=506920,old=VIS,new=ACT,mage=8,rxage=0,seq=9193,valid=1,meas=1,streak=3,event=TARGET
2026-08-01 05:26:44.492903 DBG,RX,t=506980,event=CRC,bytes=452906,parsed=9193,accepted=5470,len=347,crc=3212,field=164,dup=0,old=1,ovf=0
2026-08-01 05:26:44.494354 DBG,RX,t=507020,event=CRC,bytes=452956,parsed=9194,accepted=5470,len=347,crc=3213,field=164,dup=0,old=1,ovf=0
2026-08-01 05:26:44.889528 DBG,RX,t=507360,event=LENGTH,bytes=453251,parsed=9200,accepted=5475,len=348,crc=3213,field=164,dup=0,old=1,ovf=0
2026-08-01 05:26:44.891043 DBG,RX,t=507480,event=CRC,bytes=453350,parsed=9202,accepted=5476,len=348,crc=3214,field=164,dup=0,old=1,ovf=0
2026-08-01 05:26:45.242417 DBG,RX,t=507580,event=CRC,bytes=453447,parsed=9204,accepted=5477,len=348,crc=3215,field=164,dup=0,old=1,ovf=0
2026-08-01 05:26:45.619217 DBG,RX,t=507900,event=CRC,bytes=453737,parsed=9210,accepted=5482,len=348,crc=3216,field=164,dup=0,old=1,ovf=0
2026-08-01 05:26:45.619217 DBG,RX,t=508000,event=CRC,bytes=453834,parsed=9212,accepted=5483,len=348,crc=3217,field=164,dup=0,old=1,ovf=0
2026-08-01 05:26:45.620730 DBG,RX,t=508060,event=CRC,bytes=453883,parsed=9213,accepted=5483,len=348,crc=3218,field=164,dup=0,old=1,ovf=0
2026-08-01 05:26:45.622747 DBG,CTRL,t=508100,old=ACT,new=VIS,mage=154,rxage=0,seq=9212,valid=1,meas=1,streak=0,event=CRC
2026-08-01 05:26:45.623785 DBG,RX,t=508220,event=CRC,bytes=454028,parsed=9216,accepted=5485,len=348,crc=3219,field=164,dup=0,old=1,ovf=0
2026-08-01 05:26:45.995704 DBG,CTRL,t=508280,old=VIS,new=ACT,mage=14,rxage=0,seq=9218,valid=1,meas=1,streak=3,event=TARGET
2026-08-01 05:26:45.996698 DBG,RX,t=508540,event=LENGTH,bytes=454318,parsed=9222,accepted=5490,len=349,crc=3219,field=164,dup=0,old=1,ovf=0
2026-08-01 05:26:46.401214 DBG,RX,t=508720,event=CRC,bytes=454463,parsed=9225,accepted=5492,len=349,crc=3220,field=164,dup=0,old=1,ovf=0
2026-08-01 05:26:46.402496 DBG,RX,t=508760,event=CRC,bytes=454512,parsed=9226,accepted=5492,len=349,crc=3221,field=164,dup=0,old=1,ovf=0
2026-08-01 05:26:46.403671 DBG,CTRL,t=508800,old=ACT,new=VIS,mage=153,rxage=40,seq=9225,valid=1,meas=1,streak=0,event=CRC
2026-08-01 05:26:46.404679 DBG,RX,t=508860,event=CRC,bytes=454609,parsed=9228,accepted=5493,len=349,crc=3222,field=164,dup=0,old=1,ovf=0
2026-08-01 05:26:46.405778 DBG,CTRL,t=508980,old=VIS,new=ACT,mage=13,rxage=0,seq=9231,valid=1,meas=1,streak=3,event=TARGET
2026-08-01 05:26:46.791123 DBG,RX,t=509080,event=CRC,bytes=454802,parsed=9232,accepted=5496,len=349,crc=3223,field=164,dup=0,old=1,ovf=0
2026-08-01 05:26:46.793131 DBG,RX,t=509140,event=CRC,bytes=454851,parsed=9233,accepted=5496,len=349,crc=3224,field=164,dup=0,old=1,ovf=0
2026-08-01 05:26:46.794134 DBG,CTRL,t=509180,old=ACT,new=VIS,mage=154,rxage=0,seq=9232,valid=1,meas=1,streak=0,event=CRC
2026-08-01 05:26:46.795152 DBG,RX,t=509200,event=CRC,bytes=454901,parsed=9234,accepted=5496,len=349,crc=3225,field=164,dup=0,old=1,ovf=0
2026-08-01 05:26:46.796134 DBG,RX,t=509240,event=LENGTH,bytes=454950,parsed=9235,accepted=5496,len=350,crc=3225,field=164,dup=0,old=1,ovf=0
2026-08-01 05:26:46.796134 DBG,RX,t=509400,event=CRC,bytes=455096,parsed=9238,accepted=5498,len=350,crc=3226,field=164,dup=0,old=1,ovf=0
2026-08-01 05:26:47.180995 DBG,RX,t=509460,event=CRC,bytes=455145,parsed=9239,accepted=5498,len=350,crc=3227,field=164,dup=0,old=1,ovf=0
2026-08-01 05:26:47.182005 DBG,RX,t=509520,event=CRC,bytes=455197,parsed=9240,accepted=5498,len=350,crc=3228,field=164,dup=0,old=1,ovf=0
2026-08-01 05:26:47.184006 DBG,RX,t=509580,event=CRC,bytes=455247,parsed=9241,accepted=5498,len=350,crc=3229,field=164,dup=0,old=1,ovf=0
2026-08-01 05:26:47.185008 DBG,CTRL,t=509740,old=VIS,new=ACT,mage=7,rxage=0,seq=9245,valid=1,meas=1,streak=3,event=TARGET
2026-08-01 05:26:47.185008 DBG,RX,t=509800,event=CRC,bytes=455444,parsed=9245,accepted=5501,len=350,crc=3230,field=164,dup=0,old=1,ovf=0
2026-08-01 05:26:47.535720 DBG,RX,t=509960,event=CRC,bytes=455592,parsed=9248,accepted=5503,len=350,crc=3231,field=164,dup=0,old=1,ovf=0
2026-08-01 05:26:47.536889 DBG,RX,t=510060,event=CRC,bytes=455691,parsed=9250,accepted=5504,len=350,crc=3232,field=164,dup=0,old=1,ovf=0
2026-08-01 05:26:47.537923 DBG,RX,t=510180,event=CRC,bytes=455791,parsed=9252,accepted=5505,len=350,crc=3233,field=164,dup=0,old=1,ovf=0
2026-08-01 05:26:47.954212 DBG,RX,t=510280,event=CRC,bytes=455890,parsed=9254,accepted=5506,len=350,crc=3234,field=164,dup=0,old=1,ovf=0
2026-08-01 05:26:48.321180 DBG,RX,t=510660,event=CRC,bytes=456233,parsed=9261,accepted=5512,len=350,crc=3235,field=164,dup=0,old=1,ovf=0
2026-08-01 05:26:48.322188 DBG,RX,t=510880,event=CRC,bytes=456430,parsed=9265,accepted=5515,len=350,crc=3236,field=164,dup=0,old=1,ovf=0
2026-08-01 05:26:48.323193 DBG,RX,t=510980,event=CRC,bytes=456527,parsed=9267,accepted=5516,len=350,crc=3237,field=164,dup=0,old=1,ovf=0
2026-08-01 05:26:48.703235 DBG,FILTER,t=511040,result=VALID_0,seq=9269,valid=0,meas=0,pos=0,accepted=3205,jump=0,hold=17
2026-08-01 05:26:48.704238 DBG,CTRL,t=511080,old=ACT,new=VIS,mage=154,rxage=0,seq=9269,valid=0,meas=0,streak=0,event=NO_TARGET
2026-08-01 05:26:48.705237 DBG,RX,t=511140,event=CRC,bytes=456669,parsed=9270,accepted=5518,len=350,crc=3238,field=164,dup=0,old=1,ovf=0
2026-08-01 05:26:48.706236 DBG,RX,t=511300,event=CRC,bytes=456818,parsed=9273,accepted=5520,len=350,crc=3239,field=164,dup=0,old=1,ovf=0
2026-08-01 05:26:48.707234 DBG,CTRL,t=511340,old=VIS,new=LOST,cause=VALID_0,mage=414,rxage=40,seq=9273,valid=0,meas=0,streak=0,event=CRC
2026-08-01 05:26:48.708236 DBG,FILTER,t=511340,result=VALID_0,seq=9273,valid=0,meas=0,pos=0,accepted=3205,jump=0,hold=17
2026-08-01 05:26:48.709747 DBG,RX,t=511340,event=CRC,bytes=456818,parsed=9273,accepted=5520,len=350,crc=3239,field=164,dup=0,old=1,ovf=0
2026-08-01 05:26:49.063183 DBG,CTRL,t=511360,old=LOST,new=VIS,mage=13,rxage=0,seq=9275,valid=1,meas=1,streak=1,event=TARGET
2026-08-01 05:26:49.064690 DBG,FILTER,t=511360,result=ACCEPT,seq=9275,valid=1,meas=1,pos=-1,accepted=3206,jump=0,hold=17
2026-08-01 05:26:49.065699 DBG,RX,t=511420,event=CRC,bytes=456915,parsed=9275,accepted=5521,len=350,crc=3240,field=164,dup=0,old=1,ovf=0
2026-08-01 05:26:49.066702 DBG,CTRL,t=511520,old=VIS,new=ACT,mage=12,rxage=0,seq=9278,valid=1,meas=1,streak=3,event=TARGET
2026-08-01 05:26:49.067699 DBG,RX,t=511560,event=CRC,bytes=457055,parsed=9278,accepted=5523,len=350,crc=3241,field=164,dup=0,old=1,ovf=0
2026-08-01 05:26:49.068700 DBG,RX,t=511620,event=LENGTH,bytes=457102,parsed=9279,accepted=5523,len=351,crc=3241,field=164,dup=0,old=1,ovf=0
2026-08-01 05:26:49.069698 DBG,CTRL,t=511660,old=ACT,new=VIS,mage=152,rxage=40,seq=9278,valid=1,meas=1,streak=0,event=LENGTH
2026-08-01 05:26:49.070696 DBG,RX,t=511680,event=CRC,bytes=457149,parsed=9280,accepted=5523,len=351,crc=3242,field=164,dup=0,old=1,ovf=0
2026-08-01 05:26:49.447076 DBG,RX,t=511840,event=CRC,bytes=457291,parsed=9283,accepted=5525,len=351,crc=3243,field=164,dup=0,old=1,ovf=0
2026-08-01 05:26:49.449049 DBG,CTRL,t=511900,old=VIS,new=ACT,mage=14,rxage=0,seq=9285,valid=1,meas=1,streak=3,event=TARGET
2026-08-01 05:26:49.450136 DBG,RX,t=512120,event=CRC,bytes=457531,parsed=9288,accepted=5529,len=351,crc=3244,field=164,dup=0,old=1,ovf=0
2026-08-01 05:26:49.814776 DBG,RX,t=512280,event=CRC,bytes=457679,parsed=9291,accepted=5531,len=351,crc=3245,field=164,dup=0,old=1,ovf=0
2026-08-01 05:26:50.181868 DBG,RX,t=512660,event=CRC,bytes=458025,parsed=9298,accepted=5537,len=351,crc=3246,field=164,dup=0,old=1,ovf=0
2026-08-01 05:26:50.542635 DBG,RX,t=512900,event=CRC,bytes=458226,parsed=9302,accepted=5540,len=351,crc=3247,field=164,dup=0,old=1,ovf=0
2026-08-01 05:26:50.543634 DBG,RX,t=512960,event=LENGTH,bytes=458277,parsed=9303,accepted=5540,len=352,crc=3247,field=164,dup=0,old=1,ovf=0
2026-08-01 05:26:50.544634 DBG,CTRL,t=513000,old=ACT,new=VIS,mage=154,rxage=0,seq=9302,valid=1,meas=1,streak=0,event=LENGTH
2026-08-01 05:26:50.546151 DBG,RX,t=513060,event=CRC,bytes=458379,parsed=9305,accepted=5541,len=352,crc=3248,field=164,dup=0,old=1,ovf=0
2026-08-01 05:26:50.547156 DBG,RX,t=513120,event=CRC,bytes=458432,parsed=9306,accepted=5541,len=352,crc=3249,field=164,dup=0,old=1,ovf=0
2026-08-01 05:26:50.548154 DBG,RX,t=513220,event=CRC,bytes=458535,parsed=9308,accepted=5542,len=352,crc=3250,field=164,dup=0,old=1,ovf=0
2026-08-01 05:26:50.962722 DBG,RX,t=513280,event=CRC,bytes=458587,parsed=9309,accepted=5542,len=352,crc=3251,field=164,dup=0,old=1,ovf=0
2026-08-01 05:26:50.962722 DBG,RX,t=513400,event=CRC,bytes=458690,parsed=9311,accepted=5543,len=352,crc=3252,field=164,dup=0,old=1,ovf=0
2026-08-01 05:26:50.962722 DBG,RX,t=513440,event=CRC,bytes=458742,parsed=9312,accepted=5543,len=352,crc=3253,field=164,dup=0,old=1,ovf=0
2026-08-01 05:26:50.966335 DBG,CTRL,t=513600,old=VIS,new=ACT,mage=6,rxage=0,seq=9316,valid=1,meas=1,streak=3,event=TARGET
2026-08-01 05:26:51.301455 DBG,RX,t=513720,event=CRC,bytes=459002,parsed=9317,accepted=5547,len=352,crc=3254,field=164,dup=0,old=1,ovf=0
2026-08-01 05:26:51.302470 DBG,RX,t=513820,event=CRC,bytes=459105,parsed=9319,accepted=5548,len=352,crc=3255,field=164,dup=0,old=1,ovf=0
2026-08-01 05:26:51.656309 DBG,RX,t=514160,event=CRC,bytes=459410,parsed=9325,accepted=5553,len=352,crc=3256,field=164,dup=0,old=1,ovf=0
2026-08-01 05:26:51.657314 DBG,RX,t=514220,event=CRC,bytes=459462,parsed=9326,accepted=5553,len=352,crc=3257,field=164,dup=0,old=1,ovf=0
2026-08-01 05:26:51.658795 DBG,CTRL,t=514240,old=ACT,new=VIS,mage=161,rxage=20,seq=9325,valid=1,meas=1,streak=0,event=CRC
2026-08-01 05:26:51.659597 DBG,RX,t=514260,event=CRC,bytes=459514,parsed=9327,accepted=5553,len=352,crc=3258,field=164,dup=0,old=1,ovf=0
2026-08-01 05:26:51.659597 DBG,RX,t=514320,event=CRC,bytes=459566,parsed=9328,accepted=5553,len=352,crc=3259,field=164,dup=0,old=1,ovf=0
2026-08-01 05:26:52.004610 DBG,RX,t=514420,event=CRC,bytes=459668,parsed=9330,accepted=5554,len=352,crc=3260,field=164,dup=0,old=1,ovf=0
2026-08-01 05:26:52.006183 DBG,RX,t=514480,event=CRC,bytes=459719,parsed=9331,accepted=5554,len=352,crc=3261,field=164,dup=0,old=1,ovf=0
2026-08-01 05:26:52.007194 DBG,RX,t=514580,event=CRC,bytes=459820,parsed=9333,accepted=5555,len=352,crc=3262,field=164,dup=0,old=1,ovf=0
2026-08-01 05:26:52.008192 DBG,RX,t=514640,event=CRC,bytes=459872,parsed=9334,accepted=5555,len=352,crc=3263,field=164,dup=0,old=1,ovf=0
2026-08-01 05:26:52.008192 DBG,RX,t=514700,event=CRC,bytes=459923,parsed=9335,accepted=5555,len=352,crc=3264,field=164,dup=0,old=1,ovf=0
2026-08-01 05:26:52.421175 DBG,RX,t=514740,event=CRC,bytes=459974,parsed=9336,accepted=5555,len=352,crc=3265,field=164,dup=0,old=1,ovf=0
2026-08-01 05:26:52.422187 DBG,RX,t=514800,event=CRC,bytes=460025,parsed=9337,accepted=5555,len=352,crc=3266,field=164,dup=0,old=1,ovf=0
2026-08-01 05:26:52.424064 DBG,CTRL,t=514980,old=VIS,new=ACT,mage=14,rxage=0,seq=9341,valid=1,meas=1,streak=3,event=TARGET
2026-08-01 05:26:52.425314 DBG,RX,t=515020,event=CRC,bytes=460226,parsed=9341,accepted=5558,len=352,crc=3267,field=164,dup=0,old=1,ovf=0
2026-08-01 05:26:52.426326 DBG,RX,t=515080,event=CRC,bytes=460277,parsed=9342,accepted=5558,len=352,crc=3268,field=164,dup=0,old=1,ovf=0
2026-08-01 05:26:52.427396 DBG,CTRL,t=515120,old=ACT,new=VIS,mage=154,rxage=40,seq=9341,valid=1,meas=1,streak=0,event=CRC
2026-08-01 05:26:52.924267 DBG,RX,t=515240,event=CRC,bytes=460431,parsed=9345,accepted=5560,len=352,crc=3269,field=164,dup=0,old=1,ovf=0
2026-08-01 05:26:52.924267 DBG,CTRL,t=515300,old=VIS,new=ACT,mage=14,rxage=0,seq=9347,valid=1,meas=1,streak=3,event=TARGET
2026-08-01 05:26:52.926174 DBG,RX,t=515360,event=CRC,bytes=460534,parsed=9347,accepted=5561,len=352,crc=3270,field=164,dup=0,old=1,ovf=0
2026-08-01 05:26:52.927544 DBG,RX,t=515400,event=CRC,bytes=460585,parsed=9348,accepted=5561,len=352,crc=3271,field=164,dup=0,old=1,ovf=0
2026-08-01 05:26:52.928558 DBG,CTRL,t=515440,old=ACT,new=VIS,mage=154,rxage=40,seq=9347,valid=1,meas=1,streak=0,event=CRC
2026-08-01 05:26:52.929555 DBG,RX,t=515460,event=LENGTH,bytes=460636,parsed=9349,accepted=5561,len=353,crc=3271,field=164,dup=0,old=1,ovf=0
2026-08-01 05:26:52.929555 DBG,RX,t=515560,event=CRC,bytes=460737,parsed=9351,accepted=5562,len=353,crc=3272,field=164,dup=0,old=1,ovf=0
2026-08-01 05:26:53.304628 DBG,CTRL,t=515680,old=VIS,new=ACT,mage=14,rxage=0,seq=9354,valid=1,meas=1,streak=3,event=TARGET
2026-08-01 05:26:53.657544 DBG,RX,t=516060,event=LENGTH,bytes=461189,parsed=9360,accepted=5570,len=354,crc=3272,field=164,dup=0,old=1,ovf=0
2026-08-01 05:26:53.658546 DBG,RX,t=516220,event=CRC,bytes=461340,parsed=9363,accepted=5572,len=354,crc=3273,field=164,dup=0,old=1,ovf=0
2026-08-01 05:26:54.042561 DBG,RX,t=516480,event=FIELD,bytes=461591,parsed=9368,accepted=5576,len=354,crc=3273,field=165,dup=0,old=1,ovf=0
2026-08-01 05:26:54.043562 DBG,RX,t=516540,event=CRC,bytes=461643,parsed=9369,accepted=5576,len=354,crc=3274,field=165,dup=0,old=1,ovf=0
2026-08-01 05:26:54.044560 DBG,CTRL,t=516580,old=ACT,new=VIS,mage=153,rxage=40,seq=9368,valid=1,meas=1,streak=0,event=CRC
2026-08-01 05:26:54.046312 DBG,RX,t=516700,event=LENGTH,bytes=461794,parsed=9372,accepted=5578,len=355,crc=3274,field=165,dup=0,old=1,ovf=0
2026-08-01 05:26:54.047312 DBG,RX,t=516760,event=CRC,bytes=461845,parsed=9373,accepted=5578,len=355,crc=3275,field=165,dup=0,old=1,ovf=0
2026-08-01 05:26:54.387819 DBG,RX,t=516820,event=CRC,bytes=461896,parsed=9374,accepted=5578,len=355,crc=3276,field=165,dup=0,old=1,ovf=0
2026-08-01 05:26:54.388967 DBG,CTRL,t=516980,old=VIS,new=ACT,mage=14,rxage=0,seq=9378,valid=1,meas=1,streak=3,event=TARGET
2026-08-01 05:26:54.389977 DBG,RX,t=517020,event=CRC,bytes=462097,parsed=9378,accepted=5581,len=355,crc=3277,field=165,dup=0,old=1,ovf=0
2026-08-01 05:26:54.391490 DBG,RX,t=517080,event=CRC,bytes=462149,parsed=9379,accepted=5581,len=355,crc=3278,field=165,dup=0,old=1,ovf=0
2026-08-01 05:26:54.392072 DBG,CTRL,t=517120,old=ACT,new=VIS,mage=154,rxage=40,seq=9378,valid=1,meas=1,streak=0,event=CRC
2026-08-01 05:26:54.787289 DBG,CTRL,t=517240,old=VIS,new=ACT,mage=2,rxage=0,seq=9383,valid=1,meas=1,streak=3,event=TARGET
2026-08-01 05:26:54.788285 DBG,RX,t=517300,event=CRC,bytes=462350,parsed=9383,accepted=5584,len=355,crc=3279,field=165,dup=0,old=1,ovf=0
2026-08-01 05:26:54.789285 DBG,RX,t=517420,event=CRC,bytes=462451,parsed=9385,accepted=5585,len=355,crc=3280,field=165,dup=0,old=1,ovf=0
2026-08-01 05:26:55.186738 DBG,RX,t=517560,event=CRC,bytes=462602,parsed=9388,accepted=5587,len=355,crc=3281,field=165,dup=0,old=1,ovf=0
2026-08-01 05:26:55.187969 DBG,RX,t=517780,event=CRC,bytes=462803,parsed=9392,accepted=5590,len=355,crc=3282,field=165,dup=0,old=1,ovf=0
2026-08-01 05:26:55.187969 DBG,RX,t=517880,event=CRC,bytes=462904,parsed=9394,accepted=5591,len=355,crc=3283,field=165,dup=0,old=1,ovf=0
2026-08-01 05:26:55.572113 DBG,FILTER,t=518040,result=VALID_0,seq=9398,valid=0,meas=0,pos=0,accepted=3278,jump=0,hold=18
2026-08-01 05:26:55.573110 DBG,FILTER,t=518100,result=ACCEPT,seq=9399,valid=1,meas=1,pos=117,accepted=3279,jump=0,hold=18
2026-08-01 05:26:55.574107 DBG,FILTER,t=518160,result=VALID_0,seq=9400,valid=0,meas=0,pos=0,accepted=3279,jump=0,hold=19
2026-08-01 05:26:55.575109 DBG,RX,t=518220,event=CRC,bytes=463203,parsed=9400,accepted=5596,len=355,crc=3284,field=165,dup=0,old=1,ovf=0
2026-08-01 05:26:55.575618 DBG,CTRL,t=518260,old=ACT,new=VIS,mage=170,rxage=40,seq=9400,valid=0,meas=0,streak=0,event=CRC
2026-08-01 05:26:55.577463 DBG,RX,t=518320,event=CRC,bytes=463302,parsed=9402,accepted=5597,len=355,crc=3285,field=165,dup=0,old=1,ovf=0
2026-08-01 05:26:55.935998 DBG,RX,t=518380,event=CRC,bytes=463355,parsed=9403,accepted=5597,len=355,crc=3286,field=165,dup=0,old=1,ovf=0
2026-08-01 05:26:55.936999 DBG,RX,t=518440,event=CRC,bytes=463406,parsed=9404,accepted=5597,len=355,crc=3287,field=165,dup=0,old=1,ovf=0
2026-08-01 05:26:55.938000 DBG,CTRL,t=518500,old=VIS,new=LOST,cause=VALID_0,mage=410,rxage=0,seq=9402,valid=0,meas=0,streak=0,event=CRC
2026-08-01 05:26:55.938998 DBG,FILTER,t=518500,result=VALID_0,seq=9402,valid=0,meas=0,pos=0,accepted=3279,jump=0,hold=19
2026-08-01 05:26:55.940208 DBG,RX,t=518500,event=CRC,bytes=463456,parsed=9405,accepted=5597,len=355,crc=3288,field=165,dup=0,old=1,ovf=0
2026-08-01 05:26:55.940715 DBG,RX,t=518500,event=CRC,bytes=463456,parsed=9405,accepted=5597,len=355,crc=3288,field=165,dup=0,old=1,ovf=0
2026-08-01 05:26:56.296444 DBG,RX,t=518760,event=CRC,bytes=463702,parsed=9410,accepted=5601,len=355,crc=3289,field=165,dup=0,old=1,ovf=0
2026-08-01 05:26:56.297899 DBG,RX,t=518820,event=CRC,bytes=463752,parsed=9411,accepted=5601,len=355,crc=3290,field=165,dup=0,old=1,ovf=0
2026-08-01 05:26:56.299757 DBG,RX,t=518880,event=CRC,bytes=463802,parsed=9412,accepted=5601,len=355,crc=3291,field=165,dup=0,old=1,ovf=0
2026-08-01 05:26:56.300768 DBG,RX,t=518920,event=CRC,bytes=463852,parsed=9413,accepted=5601,len=355,crc=3292,field=165,dup=0,old=1,ovf=0
2026-08-01 05:26:56.301817 DBG,RX,t=519040,event=CRC,bytes=463951,parsed=9415,accepted=5602,len=355,crc=3293,field=165,dup=0,old=1,ovf=0
2026-08-01 05:26:56.697540 DBG,RX,t=519240,event=CRC,bytes=464148,parsed=9419,accepted=5605,len=355,crc=3294,field=165,dup=0,old=1,ovf=0
2026-08-01 05:26:56.699544 DBG,RX,t=519300,event=CRC,bytes=464198,parsed=9420,accepted=5605,len=355,crc=3295,field=165,dup=0,old=1,ovf=0
2026-08-01 05:26:56.699544 DBG,RX,t=519360,event=CRC,bytes=464249,parsed=9421,accepted=5605,len=355,crc=3296,field=165,dup=0,old=1,ovf=0
2026-08-01 05:26:57.051565 DBG,RX,t=519520,event=CRC,bytes=464397,parsed=9424,accepted=5607,len=355,crc=3297,field=165,dup=0,old=1,ovf=0
2026-08-01 05:26:57.052565 DBG,RX,t=519680,event=LENGTH,bytes=464546,parsed=9427,accepted=5609,len=356,crc=3297,field=165,dup=0,old=1,ovf=0
2026-08-01 05:26:57.053651 DBG,RX,t=519740,event=CRC,bytes=464598,parsed=9428,accepted=5609,len=356,crc=3298,field=165,dup=0,old=1,ovf=0
2026-08-01 05:26:57.440534 DBG,RX,t=519940,event=CRC,bytes=464795,parsed=9432,accepted=5612,len=356,crc=3299,field=165,dup=0,old=1,ovf=0
2026-08-01 05:26:57.445076 DBG,RX,t=520040,event=CRC,bytes=464896,parsed=9434,accepted=5613,len=356,crc=3300,field=165,dup=0,old=1,ovf=0
2026-08-01 05:26:57.446705 DBG,RX,t=520100,event=CRC,bytes=464948,parsed=9435,accepted=5613,len=356,crc=3301,field=165,dup=0,old=1,ovf=0
2026-08-01 05:26:57.448316 DBG,RX,t=520200,event=LENGTH,bytes=465047,parsed=9437,accepted=5614,len=357,crc=3301,field=165,dup=0,old=1,ovf=0
2026-08-01 05:26:57.819473 DBG,RX,t=520260,event=CRC,bytes=465097,parsed=9438,accepted=5614,len=357,crc=3302,field=165,dup=0,old=1,ovf=0
2026-08-01 05:26:57.820987 DBG,RX,t=520380,event=FIELD,bytes=465197,parsed=9440,accepted=5615,len=357,crc=3302,field=166,dup=0,old=1,ovf=0
2026-08-01 05:26:57.822524 DBG,RX,t=520420,event=CRC,bytes=465249,parsed=9441,accepted=5615,len=357,crc=3303,field=166,dup=0,old=1,ovf=0
2026-08-01 05:26:57.823542 DBG,RX,t=520600,event=CRC,bytes=465398,parsed=9444,accepted=5617,len=357,crc=3304,field=166,dup=0,old=1,ovf=0
2026-08-01 05:26:58.215685 DBG,RX,t=520700,event=CRC,bytes=465498,parsed=9446,accepted=5618,len=357,crc=3305,field=166,dup=0,old=1,ovf=0
2026-08-01 05:26:58.216929 DBG,RX,t=520820,event=FIELD,bytes=465598,parsed=9448,accepted=5619,len=357,crc=3305,field=167,dup=0,old=1,ovf=0
2026-08-01 05:26:58.219630 DBG,RX,t=520860,event=LENGTH,bytes=465649,parsed=9449,accepted=5619,len=358,crc=3305,field=167,dup=0,old=1,ovf=0
2026-08-01 05:26:58.219630 DBG,RX,t=520980,event=CRC,bytes=465748,parsed=9451,accepted=5620,len=358,crc=3306,field=167,dup=0,old=1,ovf=0
2026-08-01 05:26:58.591131 DBG,RX,t=521180,event=CRC,bytes=465946,parsed=9455,accepted=5623,len=358,crc=3307,field=167,dup=0,old=1,ovf=0
2026-08-01 05:26:58.963893 DBG,RX,t=521440,event=CRC,bytes=466193,parsed=9460,accepted=5627,len=358,crc=3308,field=167,dup=0,old=1,ovf=0
2026-08-01 05:26:58.965892 DBG,RX,t=521560,event=FIELD,bytes=466292,parsed=9462,accepted=5628,len=358,crc=3308,field=168,dup=0,old=1,ovf=0
2026-08-01 05:26:58.966892 DBG,RX,t=521600,event=CRC,bytes=466342,parsed=9463,accepted=5628,len=358,crc=3309,field=168,dup=0,old=1,ovf=0
2026-08-01 05:26:58.967891 DBG,RX,t=521660,event=CRC,bytes=466392,parsed=9464,accepted=5628,len=358,crc=3310,field=168,dup=0,old=1,ovf=0
2026-08-01 05:26:58.968892 DBG,RX,t=521760,event=CRC,bytes=466492,parsed=9466,accepted=5629,len=358,crc=3311,field=168,dup=0,old=1,ovf=0
2026-08-01 05:26:59.351541 DBG,RX,t=521880,event=CRC,bytes=466591,parsed=9468,accepted=5630,len=358,crc=3312,field=168,dup=0,old=1,ovf=0
2026-08-01 05:26:59.352697 DBG,RX,t=521980,event=LENGTH,bytes=466693,parsed=9470,accepted=5631,len=359,crc=3312,field=168,dup=0,old=1,ovf=0
2026-08-01 05:26:59.353811 DBG,RX,t=522080,event=CRC,bytes=466794,parsed=9472,accepted=5632,len=359,crc=3313,field=168,dup=0,old=1,ovf=0
2026-08-01 05:26:59.354827 DBG,RX,t=522140,event=LENGTH,bytes=466845,parsed=9473,accepted=5632,len=360,crc=3313,field=168,dup=0,old=1,ovf=0
2026-08-01 05:26:59.730552 DBG,RX,t=522200,event=CRC,bytes=466896,parsed=9474,accepted=5632,len=360,crc=3314,field=168,dup=0,old=1,ovf=0
2026-08-01 05:26:59.730552 DBG,RX,t=522240,event=CRC,bytes=466948,parsed=9475,accepted=5632,len=360,crc=3315,field=168,dup=0,old=1,ovf=0
2026-08-01 05:26:59.730552 DBG,RX,t=522400,event=CRC,bytes=467097,parsed=9478,accepted=5634,len=360,crc=3316,field=168,dup=0,old=1,ovf=0
2026-08-01 05:27:00.091853 DBG,RX,t=522620,event=CRC,bytes=467296,parsed=9482,accepted=5637,len=360,crc=3317,field=168,dup=0,old=1,ovf=0
2026-08-01 05:27:00.092865 DBG,RX,t=522680,event=CRC,bytes=467346,parsed=9483,accepted=5637,len=360,crc=3318,field=168,dup=0,old=1,ovf=0
2026-08-01 05:27:00.094183 DBG,RX,t=522740,event=FIELD,bytes=467396,parsed=9484,accepted=5637,len=360,crc=3318,field=169,dup=0,old=1,ovf=0
2026-08-01 05:27:00.095343 DBG,RX,t=522780,event=CRC,bytes=467447,parsed=9485,accepted=5637,len=360,crc=3319,field=169,dup=0,old=1,ovf=0
2026-08-01 05:27:00.460338 DBG,RX,t=522940,event=CRC,bytes=467595,parsed=9488,accepted=5639,len=360,crc=3320,field=169,dup=0,old=1,ovf=0
2026-08-01 05:27:00.461864 DBG,RX,t=523100,event=CRC,bytes=467744,parsed=9491,accepted=5641,len=360,crc=3321,field=169,dup=0,old=1,ovf=0
2026-08-01 05:27:00.463391 DBG,RX,t=523160,event=CRC,bytes=467795,parsed=9492,accepted=5641,len=360,crc=3322,field=169,dup=0,old=1,ovf=0
2026-08-01 05:27:00.465409 DBG,RX,t=523260,event=CRC,bytes=467895,parsed=9494,accepted=5642,len=360,crc=3323,field=169,dup=0,old=1,ovf=0
2026-08-01 05:27:00.860541 DBG,RX,t=523360,event=CRC,bytes=467994,parsed=9496,accepted=5643,len=360,crc=3324,field=169,dup=0,old=1,ovf=0
2026-08-01 05:27:01.217486 DBG,RX,t=523860,event=CRC,bytes=468437,parsed=9505,accepted=5651,len=360,crc=3325,field=169,dup=0,old=1,ovf=0
2026-08-01 05:27:01.217947 DBG,RX,t=523960,event=CRC,bytes=468536,parsed=9507,accepted=5652,len=360,crc=3326,field=169,dup=0,old=1,ovf=0
2026-08-01 05:27:01.588433 DBG,RX,t=524120,event=LENGTH,bytes=468685,parsed=9510,accepted=5654,len=361,crc=3326,field=169,dup=0,old=1,ovf=0
2026-08-01 05:27:01.589435 DBG,RX,t=524280,event=CRC,bytes=468834,parsed=9513,accepted=5656,len=361,crc=3327,field=169,dup=0,old=1,ovf=0
2026-08-01 05:27:01.589435 DBG,RX,t=524400,event=CRC,bytes=468933,parsed=9515,accepted=5657,len=361,crc=3328,field=169,dup=0,old=1,ovf=0
2026-08-01 05:27:01.955325 DBG,RX,t=524440,event=CRC,bytes=468983,parsed=9516,accepted=5657,len=361,crc=3329,field=169,dup=0,old=1,ovf=0
2026-08-01 05:27:01.956892 DBG,RX,t=524540,event=LENGTH,bytes=469082,parsed=9518,accepted=5658,len=362,crc=3329,field=169,dup=0,old=1,ovf=0
2026-08-01 05:27:01.958632 DBG,RX,t=524720,event=FIELD,bytes=469230,parsed=9521,accepted=5660,len=362,crc=3329,field=170,dup=0,old=1,ovf=0
2026-08-01 05:27:01.959789 DBG,RX,t=524760,event=CRC,bytes=469280,parsed=9522,accepted=5660,len=362,crc=3330,field=170,dup=0,old=1,ovf=0
2026-08-01 05:27:02.369364 DBG,RX,t=524860,event=LENGTH,bytes=469380,parsed=9524,accepted=5661,len=363,crc=3330,field=170,dup=0,old=1,ovf=0
2026-08-01 05:27:02.371420 DBG,RX,t=525040,event=CRC,bytes=469529,parsed=9527,accepted=5663,len=363,crc=3331,field=170,dup=0,old=1,ovf=0
2026-08-01 05:27:02.372577 DBG,RX,t=525140,event=CRC,bytes=469628,parsed=9529,accepted=5664,len=363,crc=3332,field=170,dup=0,old=1,ovf=0
2026-08-01 05:27:02.373577 DBG,RX,t=525180,event=CRC,bytes=469679,parsed=9530,accepted=5664,len=363,crc=3333,field=170,dup=0,old=1,ovf=0
2026-08-01 05:27:02.782513 DBG,RX,t=525240,event=CRC,bytes=469730,parsed=9531,accepted=5664,len=363,crc=3334,field=170,dup=0,old=1,ovf=0
2026-08-01 05:27:02.783768 DBG,RX,t=525620,event=CRC,bytes=470074,parsed=9538,accepted=5670,len=363,crc=3335,field=170,dup=0,old=1,ovf=0
2026-08-01 05:27:03.169545 DBG,RX,t=525680,event=CRC,bytes=470124,parsed=9539,accepted=5670,len=363,crc=3336,field=170,dup=0,old=1,ovf=0
2026-08-01 05:27:03.171404 DBG,RX,t=525780,event=CRC,bytes=470223,parsed=9541,accepted=5671,len=363,crc=3337,field=170,dup=0,old=1,ovf=0
2026-08-01 05:27:03.172415 DBG,RX,t=525940,event=CRC,bytes=470372,parsed=9544,accepted=5673,len=363,crc=3338,field=170,dup=0,old=1,ovf=0
2026-08-01 05:27:03.547085 DBG,RX,t=526100,event=CRC,bytes=470520,parsed=9547,accepted=5675,len=363,crc=3339,field=170,dup=0,old=1,ovf=0
2026-08-01 05:27:03.547085 DBG,RX,t=526380,event=CRC,bytes=470766,parsed=9552,accepted=5679,len=363,crc=3340,field=170,dup=0,old=1,ovf=0
2026-08-01 05:27:03.940461 DBG,RX,t=526420,event=CRC,bytes=470818,parsed=9553,accepted=5679,len=363,crc=3341,field=170,dup=0,old=1,ovf=0
2026-08-01 05:27:03.942409 DBG,RX,t=526640,event=CRC,bytes=471016,parsed=9557,accepted=5682,len=363,crc=3342,field=170,dup=0,old=1,ovf=0
2026-08-01 05:27:03.943427 DBG,RX,t=526700,event=CRC,bytes=471067,parsed=9558,accepted=5682,len=363,crc=3343,field=170,dup=0,old=1,ovf=0
2026-08-01 05:27:03.944436 DBG,RX,t=526740,event=CRC,bytes=471117,parsed=9559,accepted=5682,len=363,crc=3344,field=170,dup=0,old=1,ovf=0
2026-08-01 05:27:03.945438 DBG,RX,t=526800,event=CRC,bytes=471167,parsed=9560,accepted=5682,len=363,crc=3345,field=170,dup=0,old=1,ovf=0
2026-08-01 05:27:04.342505 DBG,RX,t=526860,event=CRC,bytes=471217,parsed=9561,accepted=5682,len=363,crc=3346,field=170,dup=0,old=1,ovf=0
2026-08-01 05:27:04.342505 DBG,RX,t=526900,event=CRC,bytes=471267,parsed=9562,accepted=5682,len=363,crc=3347,field=170,dup=0,old=1,ovf=0
2026-08-01 05:27:04.343858 DBG,RX,t=526960,event=CRC,bytes=471320,parsed=9563,accepted=5682,len=363,crc=3348,field=170,dup=0,old=1,ovf=0
2026-08-01 05:27:04.344994 DBG,RX,t=527080,event=CRC,bytes=471419,parsed=9565,accepted=5683,len=363,crc=3349,field=170,dup=0,old=1,ovf=0
2026-08-01 05:27:04.346992 DBG,RX,t=527180,event=CRC,bytes=471518,parsed=9567,accepted=5684,len=363,crc=3350,field=170,dup=0,old=1,ovf=0
2026-08-01 05:27:04.752471 DBG,RX,t=527220,event=CRC,bytes=471569,parsed=9568,accepted=5684,len=363,crc=3351,field=170,dup=0,old=1,ovf=0
2026-08-01 05:27:04.753852 DBG,RX,t=527280,event=CRC,bytes=471619,parsed=9569,accepted=5684,len=363,crc=3352,field=170,dup=0,old=1,ovf=0
2026-08-01 05:27:04.753852 DBG,RX,t=527400,event=CRC,bytes=471718,parsed=9571,accepted=5685,len=363,crc=3353,field=170,dup=0,old=1,ovf=0
2026-08-01 05:27:04.755666 DBG,RX,t=527440,event=CRC,bytes=471768,parsed=9572,accepted=5685,len=363,crc=3354,field=170,dup=0,old=1,ovf=0
2026-08-01 05:27:04.756891 DBG,RX,t=527540,event=CRC,bytes=471870,parsed=9574,accepted=5686,len=363,crc=3355,field=170,dup=0,old=1,ovf=0
2026-08-01 05:27:04.756891 DBG,RX,t=527600,event=CRC,bytes=471921,parsed=9575,accepted=5686,len=363,crc=3356,field=170,dup=0,old=1,ovf=0
2026-08-01 05:27:05.140808 DBG,RX,t=527660,event=CRC,bytes=471972,parsed=9576,accepted=5686,len=363,crc=3357,field=170,dup=0,old=1,ovf=0
2026-08-01 05:27:05.143913 DBG,RX,t=527820,event=CRC,bytes=472120,parsed=9579,accepted=5688,len=363,crc=3358,field=170,dup=0,old=1,ovf=0
2026-08-01 05:27:05.145058 DBG,RX,t=527860,event=CRC,bytes=472170,parsed=9580,accepted=5688,len=363,crc=3359,field=170,dup=0,old=1,ovf=0
2026-08-01 05:27:05.558153 DBG,RX,t=528180,event=CRC,bytes=472465,parsed=9586,accepted=5693,len=363,crc=3360,field=170,dup=0,old=1,ovf=0
2026-08-01 05:27:05.559141 DBG,RX,t=528300,event=CRC,bytes=472564,parsed=9588,accepted=5694,len=363,crc=3361,field=170,dup=0,old=1,ovf=0
2026-08-01 05:27:05.560650 DBG,RX,t=528340,event=CRC,bytes=472615,parsed=9589,accepted=5694,len=363,crc=3362,field=170,dup=0,old=1,ovf=0
2026-08-01 05:27:05.945470 DBG,RX,t=528460,event=CRC,bytes=472715,parsed=9591,accepted=5695,len=363,crc=3363,field=170,dup=0,old=1,ovf=0
2026-08-01 05:27:05.947482 DBG,RX,t=528660,event=CRC,bytes=472914,parsed=9595,accepted=5698,len=363,crc=3364,field=170,dup=0,old=1,ovf=0
2026-08-01 05:27:05.948488 DBG,RX,t=528760,event=CRC,bytes=473013,parsed=9597,accepted=5699,len=363,crc=3365,field=170,dup=0,old=1,ovf=0
2026-08-01 05:27:06.341343 DBG,RX,t=528940,event=CRC,bytes=473161,parsed=9600,accepted=5701,len=363,crc=3366,field=170,dup=0,old=1,ovf=0
2026-08-01 05:27:06.342536 DBG,RX,t=529160,event=CRC,bytes=473359,parsed=9604,accepted=5704,len=363,crc=3367,field=170,dup=0,old=1,ovf=0
2026-08-01 05:27:06.772441 DBG,RX,t=529260,event=CRC,bytes=473458,parsed=9606,accepted=5705,len=363,crc=3368,field=170,dup=0,old=1,ovf=0
2026-08-01 05:27:06.774812 DBG,RX,t=529640,event=CRC,bytes=473802,parsed=9613,accepted=5711,len=363,crc=3369,field=170,dup=0,old=1,ovf=0
2026-08-01 05:27:07.170156 DBG,RX,t=529700,event=CRC,bytes=473852,parsed=9614,accepted=5711,len=363,crc=3370,field=170,dup=0,old=1,ovf=0
2026-08-01 05:27:07.170687 DBG,RX,t=529740,event=CRC,bytes=473902,parsed=9615,accepted=5711,len=363,crc=3371,field=170,dup=0,old=1,ovf=0
2026-08-01 05:27:07.173568 DBG,RX,t=529900,event=CRC,bytes=474051,parsed=9618,accepted=5713,len=363,crc=3372,field=170,dup=0,old=1,ovf=0
2026-08-01 05:27:07.174162 DBG,RX,t=529960,event=CRC,bytes=474101,parsed=9619,accepted=5713,len=363,crc=3373,field=170,dup=0,old=1,ovf=0
2026-08-01 05:27:07.174162 DBG,RX,t=530020,event=CRC,bytes=474151,parsed=9620,accepted=5713,len=363,crc=3374,field=170,dup=0,old=1,ovf=0
2026-08-01 05:27:07.576577 DBG,RX,t=530280,event=CRC,bytes=474398,parsed=9625,accepted=5717,len=363,crc=3375,field=170,dup=0,old=1,ovf=0
2026-08-01 05:27:07.579338 DBG,RX,t=530340,event=CRC,bytes=474448,parsed=9626,accepted=5717,len=363,crc=3376,field=170,dup=0,old=1,ovf=0
2026-08-01 05:27:07.580858 DBG,RX,t=530380,event=CRC,bytes=474499,parsed=9627,accepted=5717,len=363,crc=3377,field=170,dup=0,old=1,ovf=0
2026-08-01 05:27:07.980692 DBG,RX,t=530540,event=CRC,bytes=474647,parsed=9630,accepted=5719,len=363,crc=3378,field=170,dup=0,old=1,ovf=0
2026-08-01 05:27:07.981222 DBG,RX,t=530640,event=CRC,bytes=474746,parsed=9632,accepted=5720,len=363,crc=3379,field=170,dup=0,old=1,ovf=0
2026-08-01 05:27:07.982416 DBG,RX,t=530820,event=CRC,bytes=474895,parsed=9635,accepted=5722,len=363,crc=3380,field=170,dup=0,old=1,ovf=0
2026-08-01 05:27:07.983588 DBG,RX,t=530860,event=CRC,bytes=474947,parsed=9636,accepted=5722,len=363,crc=3381,field=170,dup=0,old=1,ovf=0
2026-08-01 05:27:08.396173 DBG,RX,t=531080,event=CRC,bytes=475144,parsed=9640,accepted=5725,len=363,crc=3382,field=170,dup=0,old=1,ovf=0
2026-08-01 05:27:08.397177 DBG,RX,t=531180,event=CRC,bytes=475244,parsed=9642,accepted=5726,len=363,crc=3383,field=170,dup=0,old=1,ovf=0
2026-08-01 05:27:08.398646 DBG,RX,t=531240,event=LENGTH,bytes=475294,parsed=9643,accepted=5726,len=364,crc=3383,field=170,dup=0,old=1,ovf=0
2026-08-01 05:27:08.809345 DBG,RX,t=531400,event=CRC,bytes=475443,parsed=9646,accepted=5728,len=364,crc=3384,field=170,dup=0,old=1,ovf=0
2026-08-01 05:27:08.809808 DBG,RX,t=531500,event=CRC,bytes=475542,parsed=9648,accepted=5729,len=364,crc=3385,field=170,dup=0,old=1,ovf=0
2026-08-01 05:27:08.811602 DBG,RX,t=531560,event=CRC,bytes=475592,parsed=9649,accepted=5729,len=364,crc=3386,field=170,dup=0,old=1,ovf=0
2026-08-01 05:27:08.813220 DBG,RX,t=531600,event=CRC,bytes=475642,parsed=9650,accepted=5729,len=364,crc=3387,field=170,dup=0,old=1,ovf=0
2026-08-01 05:27:08.814232 DBG,RX,t=531660,event=CRC,bytes=475693,parsed=9651,accepted=5729,len=364,crc=3388,field=170,dup=0,old=1,ovf=0
2026-08-01 05:27:09.203660 DBG,RX,t=531820,event=CRC,bytes=475841,parsed=9654,accepted=5731,len=364,crc=3389,field=170,dup=0,old=1,ovf=0
2026-08-01 05:27:09.205581 DBG,RX,t=531920,event=CRC,bytes=475940,parsed=9656,accepted=5732,len=364,crc=3390,field=170,dup=0,old=1,ovf=0
2026-08-01 05:27:09.206690 DBG,RX,t=531980,event=CRC,bytes=475990,parsed=9657,accepted=5732,len=364,crc=3391,field=170,dup=0,old=1,ovf=0
2026-08-01 05:27:09.621074 DBG,RX,t=532420,event=CRC,bytes=476383,parsed=9665,accepted=5739,len=364,crc=3392,field=170,dup=0,old=1,ovf=0
2026-08-01 05:27:09.622085 DBG,RX,t=532520,event=CRC,bytes=476483,parsed=9667,accepted=5740,len=364,crc=3393,field=170,dup=0,old=1,ovf=0
2026-08-01 05:27:09.996781 DBG,RX,t=532680,event=CRC,bytes=476632,parsed=9670,accepted=5742,len=364,crc=3394,field=170,dup=0,old=1,ovf=0
2026-08-01 05:27:09.996781 DBG,RX,t=532740,event=CRC,bytes=476682,parsed=9671,accepted=5742,len=364,crc=3395,field=170,dup=0,old=1,ovf=0
2026-08-01 05:27:09.996781 DBG,RX,t=532780,event=CRC,bytes=476732,parsed=9672,accepted=5742,len=364,crc=3396,field=170,dup=0,old=1,ovf=0
2026-08-01 05:27:10.000560 DBG,RX,t=532840,event=CRC,bytes=476784,parsed=9673,accepted=5742,len=364,crc=3397,field=170,dup=0,old=1,ovf=0
2026-08-01 05:27:10.367895 DBG,RX,t=533000,event=CRC,bytes=476932,parsed=9676,accepted=5744,len=364,crc=3398,field=170,dup=0,old=1,ovf=0
2026-08-01 05:27:10.368929 DBG,RX,t=533100,event=CRC,bytes=477034,parsed=9678,accepted=5745,len=364,crc=3399,field=170,dup=0,old=1,ovf=0
2026-08-01 05:27:10.370466 DBG,RX,t=533160,event=CRC,bytes=477084,parsed=9679,accepted=5745,len=364,crc=3400,field=170,dup=0,old=1,ovf=0
2026-08-01 05:27:10.371926 DBG,RX,t=533220,event=CRC,bytes=477134,parsed=9680,accepted=5745,len=364,crc=3401,field=170,dup=0,old=1,ovf=0
2026-08-01 05:27:10.753765 DBG,RX,t=533320,event=CRC,bytes=477233,parsed=9682,accepted=5746,len=364,crc=3402,field=170,dup=0,old=1,ovf=0
2026-08-01 05:27:10.755279 DBG,RX,t=533380,event=CRC,bytes=477285,parsed=9683,accepted=5746,len=364,crc=3403,field=170,dup=0,old=1,ovf=0
2026-08-01 05:27:10.756289 DBG,RX,t=533440,event=CRC,bytes=477335,parsed=9684,accepted=5746,len=364,crc=3404,field=170,dup=0,old=1,ovf=0
2026-08-01 05:27:10.757288 DBG,RX,t=533480,event=CRC,bytes=477386,parsed=9685,accepted=5746,len=364,crc=3405,field=170,dup=0,old=1,ovf=0
2026-08-01 05:27:10.758288 DBG,RX,t=533640,event=CRC,bytes=477535,parsed=9688,accepted=5748,len=364,crc=3406,field=170,dup=0,old=1,ovf=0
2026-08-01 05:27:10.759289 DBG,RX,t=533700,event=CRC,bytes=477585,parsed=9689,accepted=5748,len=364,crc=3407,field=170,dup=0,old=1,ovf=0
