2026-08-01 06:08:27.467360 DBG,RX,t=123260,event=OLD_SEQ,bytes=98982,parsed=2233,accepted=365,len=91,crc=751,field=47,dup=0,old=980,ovf=0
2026-08-01 06:08:27.469778 DBG,RX,t=123300,event=CRC,bytes=99028,parsed=2234,accepted=365,len=91,crc=752,field=47,dup=0,old=980,ovf=0
2026-08-01 06:08:27.470794 DBG,RX,t=123360,event=CRC,bytes=99075,parsed=2235,accepted=365,len=91,crc=753,field=47,dup=0,old=980,ovf=0
2026-08-01 06:08:27.473953 DBG,RX,t=123400,event=LENGTH,bytes=99122,parsed=2236,accepted=365,len=92,crc=753,field=47,dup=0,old=980,ovf=0
2026-08-01 06:08:27.475968 DBG,RX,t=123460,event=CRC,bytes=99168,parsed=2237,accepted=365,len=92,crc=754,field=47,dup=0,old=980,ovf=0
2026-08-01 06:08:31.549216 DBG,RX,t=123520,event=CRC,bytes=99214,parsed=2238,accepted=365,len=92,crc=755,field=47,dup=0,old=980,ovf=0
2026-08-01 06:08:31.550307 DBG,RX,t=123560,event=CRC,bytes=99261,parsed=2239,accepted=365,len=92,crc=756,field=47,dup=0,old=980,ovf=0
2026-08-01 06:08:31.550307 DBG,RX,t=123620,event=CRC,bytes=99307,parsed=2240,accepted=365,len=92,crc=757,field=47,dup=0,old=980,ovf=0
2026-08-01 06:08:31.551832 DBG,RX,t=123680,event=OLD_SEQ,bytes=99352,parsed=2241,accepted=365,len=92,crc=757,field=47,dup=0,old=981,ovf=0
2026-08-01 06:08:31.553492 DBG,RX,t=123720,event=OLD_SEQ,bytes=99397,parsed=2242,accepted=365,len=92,crc=757,field=47,dup=0,old=982,ovf=0
2026-08-01 06:08:31.553492 DBG,RX,t=123780,event=OLD_SEQ,bytes=99442,parsed=2243,accepted=365,len=92,crc=757,field=47,dup=0,old=983,ovf=0
2026-08-01 06:08:31.556027 DBG,RX,t=123840,event=CRC,bytes=99488,parsed=2244,accepted=365,len=92,crc=758,field=47,dup=0,old=983,ovf=0
2026-08-01 06:08:31.557975 DBG,RX,t=123880,event=CRC,bytes=99534,parsed=2245,accepted=365,len=92,crc=759,field=47,dup=0,old=983,ovf=0
2026-08-01 06:08:31.559267 DBG,RX,t=123940,event=OLD_SEQ,bytes=99579,parsed=2246,accepted=365,len=92,crc=759,field=47,dup=0,old=984,ovf=0
2026-08-01 06:08:31.559817 DBG,RX,t=124000,event=CRC,bytes=99625,parsed=2247,accepted=365,len=92,crc=760,field=47,dup=0,old=984,ovf=0
2026-08-01 06:08:31.560845 DBG,RX,t=124040,event=OLD_SEQ,bytes=99670,parsed=2248,accepted=365,len=92,crc=760,field=47,dup=0,old=985,ovf=0
2026-08-01 06:08:31.562079 DBG,RX,t=124100,event=OLD_SEQ,bytes=99715,parsed=2249,accepted=365,len=92,crc=760,field=47,dup=0,old=986,ovf=0
2026-08-01 06:08:31.563958 DBG,RX,t=124140,event=CRC,bytes=99761,parsed=2250,accepted=365,len=92,crc=761,field=47,dup=0,old=986,ovf=0
2026-08-01 06:08:31.564934 DBG,RX,t=124200,event=CRC,bytes=99809,parsed=2251,accepted=365,len=92,crc=762,field=47,dup=0,old=986,ovf=0
2026-08-01 06:08:31.565943 DBG,RX,t=124260,event=CRC,bytes=99856,parsed=2252,accepted=365,len=92,crc=763,field=47,dup=0,old=986,ovf=0
2026-08-01 06:08:31.567054 DBG,RX,t=124300,event=CRC,bytes=99903,parsed=2253,accepted=365,len=92,crc=764,field=47,dup=0,old=986,ovf=0
2026-08-01 06:08:31.568064 DBG,RX,t=124360,event=CRC,bytes=99950,parsed=2254,accepted=365,len=92,crc=765,field=47,dup=0,old=986,ovf=0
2026-08-01 06:08:31.569067 DBG,RX,t=124420,event=OLD_SEQ,bytes=99995,parsed=2255,accepted=365,len=92,crc=765,field=47,dup=0,old=987,ovf=0
2026-08-01 06:08:31.570306 DBG,RX,t=124460,event=OLD_SEQ,bytes=100040,parsed=2256,accepted=365,len=92,crc=765,field=47,dup=0,old=988,ovf=0
2026-08-01 06:08:31.571338 DBG,RX,t=124520,event=OLD_SEQ,bytes=100085,parsed=2257,accepted=365,len=92,crc=765,field=47,dup=0,old=989,ovf=0
2026-08-01 06:08:31.572418 DBG,RX,t=124560,event=FIELD,bytes=100131,parsed=2258,accepted=365,len=92,crc=765,field=48,dup=0,old=989,ovf=0
2026-08-01 06:08:31.573447 DBG,RX,t=124620,event=OLD_SEQ,bytes=100176,parsed=2259,accepted=365,len=92,crc=765,field=48,dup=0,old=990,ovf=0
2026-08-01 06:08:31.574513 DBG,RX,t=124680,event=OLD_SEQ,bytes=100221,parsed=2260,accepted=365,len=92,crc=765,field=48,dup=0,old=991,ovf=0
2026-08-01 06:08:31.576686 DBG,RX,t=124740,event=FIELD,bytes=100268,parsed=2261,accepted=365,len=92,crc=765,field=49,dup=0,old=991,ovf=0
2026-08-01 06:08:31.578204 DBG,RX,t=124780,event=CRC,bytes=100316,parsed=2262,accepted=365,len=92,crc=766,field=49,dup=0,old=991,ovf=0
2026-08-01 06:08:31.579903 DBG,RX,t=124840,event=OLD_SEQ,bytes=100361,parsed=2263,accepted=365,len=92,crc=766,field=49,dup=0,old=992,ovf=0
2026-08-01 06:08:31.580918 DBG,RX,t=124880,event=CRC,bytes=100408,parsed=2264,accepted=365,len=92,crc=767,field=49,dup=0,old=992,ovf=0
2026-08-01 06:08:31.580918 DBG,RX,t=124940,event=OLD_SEQ,bytes=100453,parsed=2265,accepted=365,len=92,crc=767,field=49,dup=0,old=993,ovf=0
2026-08-01 06:08:31.581914 DBG,RX,t=125000,event=CRC,bytes=100499,parsed=2266,accepted=365,len=92,crc=768,field=49,dup=0,old=993,ovf=0
2026-08-01 06:08:31.583421 DBG,RX,t=125040,event=CRC,bytes=100545,parsed=2267,accepted=365,len=92,crc=769,field=49,dup=0,old=993,ovf=0
2026-08-01 06:08:31.585328 DBG,RX,t=125100,event=OLD_SEQ,bytes=100590,parsed=2268,accepted=365,len=92,crc=769,field=49,dup=0,old=994,ovf=0
2026-08-01 06:08:31.585882 DBG,RX,t=125160,event=LENGTH,bytes=100636,parsed=2269,accepted=365,len=93,crc=769,field=49,dup=0,old=994,ovf=0
2026-08-01 06:08:31.586893 DBG,RX,t=125200,event=CRC,bytes=100682,parsed=2270,accepted=365,len=93,crc=770,field=49,dup=0,old=994,ovf=0
2026-08-01 06:08:31.587895 DBG,RX,t=125260,event=OLD_SEQ,bytes=100727,parsed=2271,accepted=365,len=93,crc=770,field=49,dup=0,old=995,ovf=0
2026-08-01 06:08:31.589829 DBG,RX,t=125300,event=OLD_SEQ,bytes=100772,parsed=2272,accepted=365,len=93,crc=770,field=49,dup=0,old=996,ovf=0
2026-08-01 06:08:31.591404 DBG,RX,t=125360,event=CRC,bytes=100819,parsed=2273,accepted=365,len=93,crc=771,field=49,dup=0,old=996,ovf=0
2026-08-01 06:08:31.592414 DBG,RX,t=125400,event=CRC,bytes=100865,parsed=2274,accepted=365,len=93,crc=772,field=49,dup=0,old=996,ovf=0
2026-08-01 06:08:31.593420 DBG,RX,t=125460,event=CRC,bytes=100912,parsed=2275,accepted=365,len=93,crc=773,field=49,dup=0,old=996,ovf=0
2026-08-01 06:08:31.594483 DBG,RX,t=125520,event=OLD_SEQ,bytes=100957,parsed=2276,accepted=365,len=93,crc=773,field=49,dup=0,old=997,ovf=0
2026-08-01 06:08:31.594483 DBG,RX,t=125580,event=FIELD,bytes=101004,parsed=2277,accepted=365,len=93,crc=773,field=50,dup=0,old=997,ovf=0
2026-08-01 06:08:31.595991 DBG,RX,t=125620,event=OLD_SEQ,bytes=101051,parsed=2278,accepted=365,len=93,crc=773,field=50,dup=0,old=998,ovf=0
2026-08-01 06:08:31.597002 DBG,RX,t=125680,event=OLD_SEQ,bytes=101096,parsed=2279,accepted=365,len=93,crc=773,field=50,dup=0,old=999,ovf=0
2026-08-01 06:08:31.598003 DBG,RX,t=125740,event=OLD_SEQ,bytes=101141,parsed=2280,accepted=365,len=93,crc=773,field=50,dup=0,old=1000,ovf=0
2026-08-01 06:08:31.599013 DBG,RX,t=125800,event=CRC,bytes=101188,parsed=2281,accepted=365,len=93,crc=774,field=50,dup=0,old=1000,ovf=0
2026-08-01 06:08:31.599013 DBG,RX,t=125840,event=OLD_SEQ,bytes=101233,parsed=2282,accepted=365,len=93,crc=774,field=50,dup=0,old=1001,ovf=0
2026-08-01 06:08:31.600477 DBG,RX,t=125900,event=OLD_SEQ,bytes=101278,parsed=2283,accepted=365,len=93,crc=774,field=50,dup=0,old=1002,ovf=0
2026-08-01 06:08:31.602313 DBG,RX,t=125940,event=CRC,bytes=101324,parsed=2284,accepted=365,len=93,crc=775,field=50,dup=0,old=1002,ovf=0
2026-08-01 06:08:31.603716 DBG,RX,t=126000,event=CRC,bytes=101370,parsed=2285,accepted=365,len=93,crc=776,field=50,dup=0,old=1002,ovf=0
2026-08-01 06:08:31.605242 DBG,RX,t=126060,event=CRC,bytes=101416,parsed=2286,accepted=365,len=93,crc=777,field=50,dup=0,old=1002,ovf=0
2026-08-01 06:08:31.607061 DBG,RX,t=126100,event=FIELD,bytes=101462,parsed=2287,accepted=365,len=93,crc=777,field=51,dup=0,old=1002,ovf=0
2026-08-01 06:08:31.608747 DBG,RX,t=126160,event=CRC,bytes=101509,parsed=2288,accepted=365,len=93,crc=778,field=51,dup=0,old=1002,ovf=0
2026-08-01 06:08:31.609667 DBG,RX,t=126220,event=OLD_SEQ,bytes=101554,parsed=2289,accepted=365,len=93,crc=778,field=51,dup=0,old=1003,ovf=0
2026-08-01 06:08:31.611272 DBG,RX,t=126260,event=CRC,bytes=101600,parsed=2290,accepted=365,len=93,crc=779,field=51,dup=0,old=1003,ovf=0
2026-08-01 06:08:31.612909 DBG,RX,t=126320,event=OLD_SEQ,bytes=101645,parsed=2291,accepted=365,len=93,crc=779,field=51,dup=0,old=1004,ovf=0
2026-08-01 06:08:31.613980 DBG,RX,t=126360,event=LENGTH,bytes=101691,parsed=2292,accepted=365,len=94,crc=779,field=51,dup=0,old=1004,ovf=0
2026-08-01 06:08:31.614844 DBG,RX,t=126420,event=OLD_SEQ,bytes=101738,parsed=2293,accepted=365,len=94,crc=779,field=51,dup=0,old=1005,ovf=0
2026-08-01 06:08:31.616047 DBG,RX,t=126480,event=OLD_SEQ,bytes=101783,parsed=2294,accepted=365,len=94,crc=779,field=51,dup=0,old=1006,ovf=0
2026-08-01 06:08:31.617140 DBG,RX,t=126520,event=CRC,bytes=101829,parsed=2295,accepted=365,len=94,crc=780,field=51,dup=0,old=1006,ovf=0
2026-08-01 06:08:31.617690 DBG,RX,t=126580,event=CRC,bytes=101875,parsed=2296,accepted=365,len=94,crc=781,field=51,dup=0,old=1006,ovf=0
2026-08-01 06:08:31.618781 DBG,RX,t=126640,event=OLD_SEQ,bytes=101920,parsed=2297,accepted=365,len=94,crc=781,field=51,dup=0,old=1007,ovf=0
2026-08-01 06:08:31.619972 DBG,RX,t=126680,event=CRC,bytes=101966,parsed=2298,accepted=365,len=94,crc=782,field=51,dup=0,old=1007,ovf=0
2026-08-01 06:08:31.621317 DBG,RX,t=126740,event=OLD_SEQ,bytes=102011,parsed=2299,accepted=365,len=94,crc=782,field=51,dup=0,old=1008,ovf=0
2026-08-01 06:08:31.621868 DBG,RX,t=126800,event=OLD_SEQ,bytes=102056,parsed=2300,accepted=365,len=94,crc=782,field=51,dup=0,old=1009,ovf=0
2026-08-01 06:08:31.623409 DBG,RX,t=126860,event=OLD_SEQ,bytes=102101,parsed=2301,accepted=365,len=94,crc=782,field=51,dup=0,old=1010,ovf=0
2026-08-01 06:08:31.624418 DBG,RX,t=126900,event=OLD_SEQ,bytes=102146,parsed=2302,accepted=365,len=94,crc=782,field=51,dup=0,old=1011,ovf=0
2026-08-01 06:08:31.624949 DBG,RX,t=126960,event=CRC,bytes=102192,parsed=2303,accepted=365,len=94,crc=783,field=51,dup=0,old=1011,ovf=0
2026-08-01 06:08:31.626271 DBG,RX,t=127020,event=OLD_SEQ,bytes=102237,parsed=2304,accepted=365,len=94,crc=783,field=51,dup=0,old=1012,ovf=0
2026-08-01 06:08:31.628265 DBG,RX,t=127060,event=CRC,bytes=102283,parsed=2305,accepted=365,len=94,crc=784,field=51,dup=0,old=1012,ovf=0
2026-08-01 06:08:31.628782 DBG,RX,t=127120,event=OLD_SEQ,bytes=102328,parsed=2306,accepted=365,len=94,crc=784,field=51,dup=0,old=1013,ovf=0
2026-08-01 06:08:31.629613 DBG,RX,t=127180,event=OLD_SEQ,bytes=102373,parsed=2307,accepted=365,len=94,crc=784,field=51,dup=0,old=1014,ovf=0
2026-08-01 06:08:31.631767 DBG,RX,t=127220,event=FIELD,bytes=102420,parsed=2308,accepted=365,len=94,crc=784,field=52,dup=0,old=1014,ovf=0
2026-08-01 06:08:31.632858 DBG,RX,t=127280,event=OLD_SEQ,bytes=102465,parsed=2309,accepted=365,len=94,crc=784,field=52,dup=0,old=1015,ovf=0
2026-08-01 06:08:31.633370 DBG,RX,t=127320,event=CRC,bytes=102511,parsed=2310,accepted=365,len=94,crc=785,field=52,dup=0,old=1015,ovf=0
2026-08-01 06:08:31.634900 DBG,RX,t=127380,event=CRC,bytes=102559,parsed=2311,accepted=365,len=94,crc=786,field=52,dup=0,old=1015,ovf=0
2026-08-01 06:08:31.635914 DBG,RX,t=127440,event=OLD_SEQ,bytes=102604,parsed=2312,accepted=365,len=94,crc=786,field=52,dup=0,old=1016,ovf=0
2026-08-01 06:08:31.637118 DBG,RX,t=127480,event=CRC,bytes=102650,parsed=2313,accepted=365,len=94,crc=787,field=52,dup=0,old=1016,ovf=0
2026-08-01 06:08:31.637118 DBG,RX,t=127540,event=OLD_SEQ,bytes=102695,parsed=2314,accepted=365,len=94,crc=787,field=52,dup=0,old=1017,ovf=0
2026-08-01 06:08:31.639278 DBG,RX,t=127600,event=OLD_SEQ,bytes=102740,parsed=2315,accepted=365,len=94,crc=787,field=52,dup=0,old=1018,ovf=0
2026-08-01 06:08:31.917086 DBG,RX,t=127640,event=OLD_SEQ,bytes=102785,parsed=2316,accepted=365,len=94,crc=787,field=52,dup=0,old=1019,ovf=0
2026-08-01 06:08:31.918596 DBG,RX,t=127700,event=OLD_SEQ,bytes=102830,parsed=2317,accepted=365,len=94,crc=787,field=52,dup=0,old=1020,ovf=0
2026-08-01 06:08:31.920006 DBG,RX,t=127740,event=CRC,bytes=102876,parsed=2318,accepted=365,len=94,crc=788,field=52,dup=0,old=1020,ovf=0
2026-08-01 06:08:31.921027 DBG,RX,t=127800,event=CRC,bytes=102924,parsed=2319,accepted=365,len=94,crc=789,field=52,dup=0,old=1020,ovf=0
2026-08-01 06:08:31.922019 DBG,RX,t=127860,event=OLD_SEQ,bytes=102969,parsed=2320,accepted=365,len=94,crc=789,field=52,dup=0,old=1021,ovf=0
2026-08-01 06:08:31.922019 DBG,RX,t=127920,event=OLD_SEQ,bytes=103014,parsed=2321,accepted=365,len=94,crc=789,field=52,dup=0,old=1022,ovf=0
2026-08-01 06:08:31.923019 DBG,RX,t=127960,event=LENGTH,bytes=103060,parsed=2322,accepted=365,len=95,crc=789,field=52,dup=0,old=1022,ovf=0
2026-08-01 06:08:32.998652 DBG,RX,t=128020,event=OLD_SEQ,bytes=103105,parsed=2323,accepted=365,len=95,crc=789,field=52,dup=0,old=1023,ovf=0
2026-08-01 06:08:33.000780 DBG,RX,t=128060,event=CRC,bytes=103151,parsed=2324,accepted=365,len=95,crc=790,field=52,dup=0,old=1023,ovf=0
2026-08-01 06:08:33.001644 DBG,RX,t=128120,event=OLD_SEQ,bytes=103196,parsed=2325,accepted=365,len=95,crc=790,field=52,dup=0,old=1024,ovf=0
2026-08-01 06:08:33.001644 DBG,RX,t=128160,event=FIELD,bytes=103243,parsed=2326,accepted=365,len=95,crc=790,field=53,dup=0,old=1024,ovf=0
2026-08-01 06:08:33.004450 DBG,RX,t=128220,event=CRC,bytes=103290,parsed=2327,accepted=365,len=95,crc=791,field=53,dup=0,old=1024,ovf=0
2026-08-01 06:08:33.005108 DBG,RX,t=128280,event=OLD_SEQ,bytes=103335,parsed=2328,accepted=365,len=95,crc=791,field=53,dup=0,old=1025,ovf=0
2026-08-01 06:08:33.005635 DBG,RX,t=128340,event=OLD_SEQ,bytes=103380,parsed=2329,accepted=365,len=95,crc=791,field=53,dup=0,old=1026,ovf=0
2026-08-01 06:08:33.006667 DBG,RX,t=128380,event=CRC,bytes=103426,parsed=2330,accepted=365,len=95,crc=792,field=53,dup=0,old=1026,ovf=0
2026-08-01 06:08:33.007681 DBG,RX,t=128440,event=OLD_SEQ,bytes=103471,parsed=2331,accepted=365,len=95,crc=792,field=53,dup=0,old=1027,ovf=0
2026-08-01 06:08:33.008679 DBG,RX,t=128480,event=OLD_SEQ,bytes=103516,parsed=2332,accepted=365,len=95,crc=792,field=53,dup=0,old=1028,ovf=0
2026-08-01 06:08:33.009679 DBG,RX,t=128540,event=OLD_SEQ,bytes=103561,parsed=2333,accepted=365,len=95,crc=792,field=53,dup=0,old=1029,ovf=0
2026-08-01 06:08:33.010991 DBG,RX,t=128600,event=OLD_SEQ,bytes=103606,parsed=2334,accepted=365,len=95,crc=792,field=53,dup=0,old=1030,ovf=0
2026-08-01 06:08:33.012480 DBG,RX,t=128640,event=CRC,bytes=103652,parsed=2335,accepted=365,len=95,crc=793,field=53,dup=0,old=1030,ovf=0
2026-08-01 06:08:33.014488 DBG,RX,t=128700,event=OLD_SEQ,bytes=103697,parsed=2336,accepted=365,len=95,crc=793,field=53,dup=0,old=1031,ovf=0
2026-08-01 06:08:33.014488 DBG,RX,t=128760,event=OLD_SEQ,bytes=103742,parsed=2337,accepted=365,len=95,crc=793,field=53,dup=0,old=1032,ovf=0
2026-08-01 06:08:33.016939 DBG,RX,t=128800,event=CRC,bytes=103789,parsed=2338,accepted=365,len=95,crc=794,field=53,dup=0,old=1032,ovf=0
2026-08-01 06:08:33.017949 DBG,RX,t=128860,event=OLD_SEQ,bytes=103834,parsed=2339,accepted=365,len=95,crc=794,field=53,dup=0,old=1033,ovf=0
2026-08-01 06:08:33.017949 DBG,RX,t=128920,event=OLD_SEQ,bytes=103879,parsed=2340,accepted=365,len=95,crc=794,field=53,dup=0,old=1034,ovf=0
2026-08-01 06:08:33.019354 DBG,RX,t=128980,event=CRC,bytes=103925,parsed=2341,accepted=365,len=95,crc=795,field=53,dup=0,old=1034,ovf=0
2026-08-01 06:08:33.020411 DBG,RX,t=129020,event=CRC,bytes=103972,parsed=2342,accepted=365,len=95,crc=796,field=53,dup=0,old=1034,ovf=0
2026-08-01 06:08:33.295914 DBG,RX,t=129080,event=OLD_SEQ,bytes=104017,parsed=2343,accepted=365,len=95,crc=796,field=53,dup=0,old=1035,ovf=0
2026-08-01 06:08:33.296925 DBG,RX,t=129120,event=OLD_SEQ,bytes=104062,parsed=2344,accepted=365,len=95,crc=796,field=53,dup=0,old=1036,ovf=0
2026-08-01 06:08:33.297933 DBG,RX,t=129180,event=CRC,bytes=104108,parsed=2345,accepted=365,len=95,crc=797,field=53,dup=0,old=1036,ovf=0
2026-08-01 06:08:33.297933 DBG,RX,t=129240,event=OLD_SEQ,bytes=104153,parsed=2346,accepted=365,len=95,crc=797,field=53,dup=0,old=1037,ovf=0
2026-08-01 06:08:33.299440 DBG,RX,t=129280,event=CRC,bytes=104199,parsed=2347,accepted=365,len=95,crc=798,field=53,dup=0,old=1037,ovf=0
2026-08-01 06:08:33.300450 DBG,RX,t=129340,event=OLD_SEQ,bytes=104244,parsed=2348,accepted=365,len=95,crc=798,field=53,dup=0,old=1038,ovf=0
2026-08-01 06:08:33.555509 DBG,RX,t=129400,event=OLD_SEQ,bytes=104289,parsed=2349,accepted=365,len=95,crc=798,field=53,dup=0,old=1039,ovf=0
2026-08-01 06:08:33.556767 DBG,RX,t=129440,event=FIELD,bytes=104335,parsed=2350,accepted=365,len=95,crc=798,field=54,dup=0,old=1039,ovf=0
2026-08-01 06:08:33.557893 DBG,RX,t=129500,event=OLD_SEQ,bytes=104380,parsed=2351,accepted=365,len=95,crc=798,field=54,dup=0,old=1040,ovf=0
2026-08-01 06:08:33.558902 DBG,RX,t=129540,event=CRC,bytes=104428,parsed=2352,accepted=365,len=95,crc=799,field=54,dup=0,old=1040,ovf=0
2026-08-01 06:08:33.559902 DBG,RX,t=129600,event=OLD_SEQ,bytes=104473,parsed=2353,accepted=365,len=95,crc=799,field=54,dup=0,old=1041,ovf=0
2026-08-01 06:08:33.814709 DBG,RX,t=129660,event=OLD_SEQ,bytes=104518,parsed=2354,accepted=365,len=95,crc=799,field=54,dup=0,old=1042,ovf=0
2026-08-01 06:08:33.815711 DBG,RX,t=129700,event=CRC,bytes=104566,parsed=2355,accepted=365,len=95,crc=800,field=54,dup=0,old=1042,ovf=0
2026-08-01 06:08:33.817176 DBG,RX,t=129760,event=OLD_SEQ,bytes=104611,parsed=2356,accepted=365,len=95,crc=800,field=54,dup=0,old=1043,ovf=0
2026-08-01 06:08:33.818259 DBG,RX,t=129820,event=OLD_SEQ,bytes=104656,parsed=2357,accepted=365,len=95,crc=800,field=54,dup=0,old=1044,ovf=0
2026-08-01 06:08:33.819315 DBG,RX,t=129860,event=CRC,bytes=104702,parsed=2358,accepted=365,len=95,crc=801,field=54,dup=0,old=1044,ovf=0
2026-08-01 06:08:34.088381 DBG,RX,t=129920,event=CRC,bytes=104750,parsed=2359,accepted=365,len=95,crc=802,field=54,dup=0,old=1044,ovf=0
2026-08-01 06:08:34.089389 DBG,RX,t=129980,event=OLD_SEQ,bytes=104795,parsed=2360,accepted=365,len=95,crc=802,field=54,dup=0,old=1045,ovf=0
2026-08-01 06:08:34.090747 DBG,RX,t=130040,event=OLD_SEQ,bytes=104840,parsed=2361,accepted=365,len=95,crc=802,field=54,dup=0,old=1046,ovf=0
2026-08-01 06:08:34.091867 DBG,RX,t=130080,event=OLD_SEQ,bytes=104885,parsed=2362,accepted=365,len=95,crc=802,field=54,dup=0,old=1047,ovf=0
2026-08-01 06:08:34.093379 DBG,RX,t=130140,event=OLD_SEQ,bytes=104930,parsed=2363,accepted=365,len=95,crc=802,field=54,dup=0,old=1048,ovf=0
2026-08-01 06:08:34.380124 DBG,RX,t=130180,event=CRC,bytes=104977,parsed=2364,accepted=365,len=95,crc=803,field=54,dup=0,old=1048,ovf=0
2026-08-01 06:08:34.382216 DBG,RX,t=130240,event=CRC,bytes=105023,parsed=2365,accepted=365,len=95,crc=804,field=54,dup=0,old=1048,ovf=0
2026-08-01 06:08:34.383312 DBG,RX,t=130300,event=CRC,bytes=105069,parsed=2366,accepted=365,len=95,crc=805,field=54,dup=0,old=1048,ovf=0
2026-08-01 06:08:34.384309 DBG,RX,t=130340,event=OLD_SEQ,bytes=105114,parsed=2367,accepted=365,len=95,crc=805,field=54,dup=0,old=1049,ovf=0
2026-08-01 06:08:34.386838 DBG,RX,t=130400,event=OLD_SEQ,bytes=105159,parsed=2368,accepted=365,len=95,crc=805,field=54,dup=0,old=1050,ovf=0
2026-08-01 06:08:34.388311 DBG,RX,t=130460,event=CRC,bytes=105205,parsed=2369,accepted=365,len=95,crc=806,field=54,dup=0,old=1050,ovf=0
2026-08-01 06:08:34.640844 DBG,RX,t=130500,event=OLD_SEQ,bytes=105250,parsed=2370,accepted=365,len=95,crc=806,field=54,dup=0,old=1051,ovf=0
2026-08-01 06:08:34.641389 DBG,RX,t=130560,event=OLD_SEQ,bytes=105295,parsed=2371,accepted=365,len=95,crc=806,field=54,dup=0,old=1052,ovf=0
2026-08-01 06:08:34.642417 DBG,RX,t=130600,event=CRC,bytes=105341,parsed=2372,accepted=365,len=95,crc=807,field=54,dup=0,old=1052,ovf=0
2026-08-01 06:08:34.643920 DBG,RX,t=130660,event=OLD_SEQ,bytes=105386,parsed=2373,accepted=365,len=95,crc=807,field=54,dup=0,old=1053,ovf=0
2026-08-01 06:08:34.643920 DBG,RX,t=130700,event=OLD_SEQ,bytes=105431,parsed=2374,accepted=365,len=95,crc=807,field=54,dup=0,old=1054,ovf=0
2026-08-01 06:08:36.864258 DBG,RX,t=130760,event=OLD_SEQ,bytes=105476,parsed=2375,accepted=365,len=95,crc=807,field=54,dup=0,old=1055,ovf=0
2026-08-01 06:08:36.865846 DBG,RX,t=130820,event=OLD_SEQ,bytes=105521,parsed=2376,accepted=365,len=95,crc=807,field=54,dup=0,old=1056,ovf=0
2026-08-01 06:08:36.869837 DBG,RX,t=130880,event=OLD_SEQ,bytes=105566,parsed=2377,accepted=365,len=95,crc=807,field=54,dup=0,old=1057,ovf=0
2026-08-01 06:08:36.871836 DBG,RX,t=130920,event=OLD_SEQ,bytes=105611,parsed=2378,accepted=365,len=95,crc=807,field=54,dup=0,old=1058,ovf=0
2026-08-01 06:08:36.893451 DBG,RX,t=130980,event=OLD_SEQ,bytes=105656,parsed=2379,accepted=365,len=95,crc=807,field=54,dup=0,old=1059,ovf=0
2026-08-01 06:08:36.903724 DBG,RX,t=131040,event=OLD_SEQ,bytes=105701,parsed=2380,accepted=365,len=95,crc=807,field=54,dup=0,old=1060,ovf=0
2026-08-01 06:08:36.911445 DBG,RX,t=131080,event=LENGTH,bytes=105748,parsed=2381,accepted=365,len=96,crc=807,field=54,dup=0,old=1060,ovf=0
2026-08-01 06:08:36.918495 DBG,RX,t=131140,event=OLD_SEQ,bytes=105793,parsed=2382,accepted=365,len=96,crc=807,field=54,dup=0,old=1061,ovf=0
2026-08-01 06:08:36.920510 DBG,RX,t=131200,event=OLD_SEQ,bytes=105838,parsed=2383,accepted=365,len=96,crc=807,field=54,dup=0,old=1062,ovf=0
2026-08-01 06:08:36.923911 DBG,RX,t=131240,event=OLD_SEQ,bytes=105883,parsed=2384,accepted=365,len=96,crc=807,field=54,dup=0,old=1063,ovf=0
2026-08-01 06:08:36.935932 DBG,RX,t=131300,event=OLD_SEQ,bytes=105928,parsed=2385,accepted=365,len=96,crc=807,field=54,dup=0,old=1064,ovf=0
2026-08-01 06:08:36.939249 DBG,RX,t=131340,event=LENGTH,bytes=105975,parsed=2386,accepted=365,len=97,crc=807,field=54,dup=0,old=1064,ovf=0
2026-08-01 06:08:36.942125 DBG,RX,t=131400,event=CRC,bytes=106023,parsed=2387,accepted=365,len=97,crc=808,field=54,dup=0,old=1064,ovf=0
2026-08-01 06:08:36.943142 DBG,RX,t=131460,event=CRC,bytes=106069,parsed=2388,accepted=365,len=97,crc=809,field=54,dup=0,old=1064,ovf=0
2026-08-01 06:08:36.945844 DBG,RX,t=131500,event=CRC,bytes=106116,parsed=2389,accepted=365,len=97,crc=810,field=54,dup=0,old=1064,ovf=0
2026-08-01 06:08:36.948601 DBG,RX,t=131560,event=OLD_SEQ,bytes=106161,parsed=2390,accepted=365,len=97,crc=810,field=54,dup=0,old=1065,ovf=0
2026-08-01 06:08:36.953722 DBG,RX,t=131620,event=CRC,bytes=106207,parsed=2391,accepted=365,len=97,crc=811,field=54,dup=0,old=1065,ovf=0
2026-08-01 06:08:36.956831 DBG,RX,t=131660,event=CRC,bytes=106256,parsed=2392,accepted=365,len=97,crc=812,field=54,dup=0,old=1065,ovf=0
2026-08-01 06:08:36.963508 DBG,RX,t=131720,event=OLD_SEQ,bytes=106301,parsed=2393,accepted=365,len=97,crc=812,field=54,dup=0,old=1066,ovf=0
2026-08-01 06:08:36.965503 DBG,RX,t=131760,event=CRC,bytes=106349,parsed=2394,accepted=365,len=97,crc=813,field=54,dup=0,old=1066,ovf=0
2026-08-01 06:08:36.966011 DBG,RX,t=131820,event=CRC,bytes=106397,parsed=2395,accepted=365,len=97,crc=814,field=54,dup=0,old=1066,ovf=0
2026-08-01 06:08:36.969124 DBG,RX,t=131880,event=OLD_SEQ,bytes=106442,parsed=2396,accepted=365,len=97,crc=814,field=54,dup=0,old=1067,ovf=0
2026-08-01 06:08:36.972725 DBG,RX,t=131920,event=OLD_SEQ,bytes=106487,parsed=2397,accepted=365,len=97,crc=814,field=54,dup=0,old=1068,ovf=0
2026-08-01 06:08:36.973739 DBG,RX,t=131980,event=OLD_SEQ,bytes=106532,parsed=2398,accepted=365,len=97,crc=814,field=54,dup=0,old=1069,ovf=0
2026-08-01 06:08:36.975902 DBG,RX,t=132040,event=OLD_SEQ,bytes=106577,parsed=2399,accepted=365,len=97,crc=814,field=54,dup=0,old=1070,ovf=0
2026-08-01 06:08:36.978234 DBG,RX,t=132100,event=CRC,bytes=106624,parsed=2400,accepted=365,len=97,crc=815,field=54,dup=0,old=1070,ovf=0
2026-08-01 06:08:36.978234 DBG,RX,t=132160,event=OLD_SEQ,bytes=106669,parsed=2401,accepted=365,len=97,crc=815,field=54,dup=0,old=1071,ovf=0
2026-08-01 06:08:36.979735 DBG,RX,t=132200,event=CRC,bytes=106716,parsed=2402,accepted=365,len=97,crc=816,field=54,dup=0,old=1071,ovf=0
2026-08-01 06:08:36.981247 DBG,RX,t=132260,event=CRC,bytes=106763,parsed=2403,accepted=365,len=97,crc=817,field=54,dup=0,old=1071,ovf=0
2026-08-01 06:08:36.983794 DBG,RX,t=132320,event=CRC,bytes=106809,parsed=2404,accepted=365,len=97,crc=818,field=54,dup=0,old=1071,ovf=0
2026-08-01 06:08:36.984795 DBG,RX,t=132360,event=OLD_SEQ,bytes=106854,parsed=2405,accepted=365,len=97,crc=818,field=54,dup=0,old=1072,ovf=0
2026-08-01 06:08:36.986302 DBG,RX,t=132420,event=OLD_SEQ,bytes=106899,parsed=2406,accepted=365,len=97,crc=818,field=54,dup=0,old=1073,ovf=0
2026-08-01 06:08:36.987167 DBG,RX,t=132480,event=OLD_SEQ,bytes=106945,parsed=2407,accepted=365,len=97,crc=818,field=54,dup=0,old=1074,ovf=0
2026-08-01 06:08:36.989607 DBG,RX,t=132520,event=OLD_SEQ,bytes=106990,parsed=2408,accepted=365,len=97,crc=818,field=54,dup=0,old=1075,ovf=0
2026-08-01 06:08:36.992118 DBG,RX,t=132580,event=OLD_SEQ,bytes=107035,parsed=2409,accepted=365,len=97,crc=818,field=54,dup=0,old=1076,ovf=0
2026-08-01 06:08:36.993630 DBG,RX,t=132620,event=CRC,bytes=107081,parsed=2410,accepted=365,len=97,crc=819,field=54,dup=0,old=1076,ovf=0
2026-08-01 06:08:36.994646 DBG,RX,t=132680,event=OLD_SEQ,bytes=107127,parsed=2411,accepted=365,len=97,crc=819,field=54,dup=0,old=1077,ovf=0
2026-08-01 06:08:36.996162 DBG,RX,t=132740,event=OLD_SEQ,bytes=107172,parsed=2412,accepted=365,len=97,crc=819,field=54,dup=0,old=1078,ovf=0
2026-08-01 06:08:36.998441 DBG,RX,t=132780,event=CRC,bytes=107218,parsed=2413,accepted=365,len=97,crc=820,field=54,dup=0,old=1078,ovf=0
2026-08-01 06:08:36.999614 DBG,RX,t=132840,event=OLD_SEQ,bytes=107263,parsed=2414,accepted=365,len=97,crc=820,field=54,dup=0,old=1079,ovf=0
2026-08-01 06:08:37.000627 DBG,RX,t=132900,event=CRC,bytes=107309,parsed=2415,accepted=365,len=97,crc=821,field=54,dup=0,old=1079,ovf=0
2026-08-01 06:08:37.003148 DBG,RX,t=132940,event=OLD_SEQ,bytes=107354,parsed=2416,accepted=365,len=97,crc=821,field=54,dup=0,old=1080,ovf=0
2026-08-01 06:08:37.479316 DBG,RX,t=133000,event=OLD_SEQ,bytes=107399,parsed=2417,accepted=365,len=97,crc=821,field=54,dup=0,old=1081,ovf=0
2026-08-01 06:08:37.480375 DBG,RX,t=133040,event=CRC,bytes=107446,parsed=2418,accepted=365,len=97,crc=822,field=54,dup=0,old=1081,ovf=0
2026-08-01 06:08:37.482378 DBG,RX,t=133100,event=OLD_SEQ,bytes=107491,parsed=2419,accepted=365,len=97,crc=822,field=54,dup=0,old=1082,ovf=0
2026-08-01 06:08:37.482378 DBG,RX,t=133160,event=OLD_SEQ,bytes=107536,parsed=2420,accepted=365,len=97,crc=822,field=54,dup=0,old=1083,ovf=0
2026-08-01 06:08:37.483896 DBG,RX,t=133220,event=OLD_SEQ,bytes=107581,parsed=2421,accepted=365,len=97,crc=822,field=54,dup=0,old=1084,ovf=0
2026-08-01 06:08:37.484908 DBG,RX,t=133260,event=CRC,bytes=107628,parsed=2422,accepted=365,len=97,crc=823,field=54,dup=0,old=1084,ovf=0
2026-08-01 06:08:37.485913 DBG,RX,t=133320,event=LENGTH,bytes=107675,parsed=2423,accepted=365,len=98,crc=823,field=54,dup=0,old=1084,ovf=0
2026-08-01 06:08:37.487344 DBG,RX,t=133380,event=FIELD,bytes=107722,parsed=2424,accepted=365,len=98,crc=823,field=55,dup=0,old=1084,ovf=0
2026-08-01 06:08:37.489358 DBG,RX,t=133420,event=OLD_SEQ,bytes=107767,parsed=2425,accepted=365,len=98,crc=823,field=55,dup=0,old=1085,ovf=0
2026-08-01 06:08:37.491352 DBG,RX,t=133480,event=OLD_SEQ,bytes=107812,parsed=2426,accepted=365,len=98,crc=823,field=55,dup=0,old=1086,ovf=0
2026-08-01 06:08:37.492352 DBG,RX,t=133520,event=OLD_SEQ,bytes=107857,parsed=2427,accepted=365,len=98,crc=823,field=55,dup=0,old=1087,ovf=0
2026-08-01 06:08:37.493834 DBG,RX,t=133580,event=OLD_SEQ,bytes=107902,parsed=2428,accepted=365,len=98,crc=823,field=55,dup=0,old=1088,ovf=0
2026-08-01 06:08:37.877684 DBG,RX,t=133640,event=OLD_SEQ,bytes=107947,parsed=2429,accepted=365,len=98,crc=823,field=55,dup=0,old=1089,ovf=0
2026-08-01 06:08:37.879953 DBG,RX,t=133680,event=CRC,bytes=107993,parsed=2430,accepted=365,len=98,crc=824,field=55,dup=0,old=1089,ovf=0
2026-08-01 06:08:37.881051 DBG,RX,t=133740,event=OLD_SEQ,bytes=108040,parsed=2431,accepted=365,len=98,crc=824,field=55,dup=0,old=1090,ovf=0
2026-08-01 06:08:37.883049 DBG,RX,t=133780,event=CRC,bytes=108088,parsed=2432,accepted=365,len=98,crc=825,field=55,dup=0,old=1090,ovf=0
2026-08-01 06:08:37.884050 DBG,RX,t=133840,event=OLD_SEQ,bytes=108133,parsed=2433,accepted=365,len=98,crc=825,field=55,dup=0,old=1091,ovf=0
2026-08-01 06:08:37.885886 DBG,RX,t=133900,event=OLD_SEQ,bytes=108178,parsed=2434,accepted=365,len=98,crc=825,field=55,dup=0,old=1092,ovf=0
2026-08-01 06:08:37.886987 DBG,RX,t=133940,event=FIELD,bytes=108225,parsed=2435,accepted=365,len=98,crc=825,field=56,dup=0,old=1092,ovf=0
2026-08-01 06:08:37.888251 DBG,RX,t=134000,event=CRC,bytes=108271,parsed=2436,accepted=365,len=98,crc=826,field=56,dup=0,old=1092,ovf=0
2026-08-01 06:08:38.291340 DBG,RX,t=134060,event=OLD_SEQ,bytes=108316,parsed=2437,accepted=365,len=98,crc=826,field=56,dup=0,old=1093,ovf=0
2026-08-01 06:08:38.292811 DBG,RX,t=134100,event=FIELD,bytes=108362,parsed=2438,accepted=365,len=98,crc=826,field=57,dup=0,old=1093,ovf=0
2026-08-01 06:08:38.295065 DBG,RX,t=134160,event=OLD_SEQ,bytes=108407,parsed=2439,accepted=365,len=98,crc=826,field=57,dup=0,old=1094,ovf=0
2026-08-01 06:08:38.295588 DBG,RX,t=134220,event=OLD_SEQ,bytes=108452,parsed=2440,accepted=365,len=98,crc=826,field=57,dup=0,old=1095,ovf=0
2026-08-01 06:08:38.297400 DBG,RX,t=134260,event=CRC,bytes=108498,parsed=2441,accepted=365,len=98,crc=827,field=57,dup=0,old=1095,ovf=0
2026-08-01 06:08:38.298466 DBG,RX,t=134320,event=OLD_SEQ,bytes=108543,parsed=2442,accepted=365,len=98,crc=827,field=57,dup=0,old=1096,ovf=0
2026-08-01 06:08:38.300983 DBG,RX,t=134380,event=OLD_SEQ,bytes=108588,parsed=2443,accepted=365,len=98,crc=827,field=57,dup=0,old=1097,ovf=0
2026-08-01 06:08:38.301984 DBG,RX,t=134420,event=CRC,bytes=108634,parsed=2444,accepted=365,len=98,crc=828,field=57,dup=0,old=1097,ovf=0
2026-08-01 06:08:38.701788 DBG,RX,t=134480,event=OLD_SEQ,bytes=108679,parsed=2445,accepted=365,len=98,crc=828,field=57,dup=0,old=1098,ovf=0
2026-08-01 06:08:38.702786 DBG,RX,t=134520,event=LENGTH,bytes=108726,parsed=2446,accepted=365,len=99,crc=828,field=57,dup=0,old=1098,ovf=0
2026-08-01 06:08:38.704851 DBG,RX,t=134580,event=OLD_SEQ,bytes=108771,parsed=2447,accepted=365,len=99,crc=828,field=57,dup=0,old=1099,ovf=0
2026-08-01 06:08:38.706361 DBG,RX,t=134640,event=OLD_SEQ,bytes=108816,parsed=2448,accepted=365,len=99,crc=828,field=57,dup=0,old=1100,ovf=0
2026-08-01 06:08:38.707368 DBG,RX,t=134680,event=CRC,bytes=108862,parsed=2449,accepted=365,len=99,crc=829,field=57,dup=0,old=1100,ovf=0
2026-08-01 06:08:38.708366 DBG,RX,t=134740,event=CRC,bytes=108908,parsed=2450,accepted=365,len=99,crc=830,field=57,dup=0,old=1100,ovf=0
2026-08-01 06:08:38.709822 DBG,RX,t=134800,event=OLD_SEQ,bytes=108953,parsed=2451,accepted=365,len=99,crc=830,field=57,dup=0,old=1101,ovf=0
2026-08-01 06:08:38.710833 DBG,RX,t=134840,event=CRC,bytes=108999,parsed=2452,accepted=365,len=99,crc=831,field=57,dup=0,old=1101,ovf=0
2026-08-01 06:08:39.080980 DBG,RX,t=134900,event=CRC,bytes=109045,parsed=2453,accepted=365,len=99,crc=832,field=57,dup=0,old=1101,ovf=0
2026-08-01 06:08:39.081981 DBG,RX,t=134940,event=CRC,bytes=109092,parsed=2454,accepted=365,len=99,crc=833,field=57,dup=0,old=1101,ovf=0
2026-08-01 06:08:39.083215 DBG,RX,t=135000,event=CRC,bytes=109138,parsed=2455,accepted=365,len=99,crc=834,field=57,dup=0,old=1101,ovf=0
2026-08-01 06:08:39.084628 DBG,RX,t=135060,event=OLD_SEQ,bytes=109183,parsed=2456,accepted=365,len=99,crc=834,field=57,dup=0,old=1102,ovf=0
2026-08-01 06:08:39.085638 DBG,RX,t=135100,event=OLD_SEQ,bytes=109228,parsed=2457,accepted=365,len=99,crc=834,field=57,dup=0,old=1103,ovf=0
2026-08-01 06:08:39.086650 DBG,RX,t=135160,event=CRC,bytes=109274,parsed=2458,accepted=365,len=99,crc=835,field=57,dup=0,old=1103,ovf=0
2026-08-01 06:08:39.088991 DBG,RX,t=135220,event=OLD_SEQ,bytes=109319,parsed=2459,accepted=365,len=99,crc=835,field=57,dup=0,old=1104,ovf=0
2026-08-01 06:08:39.477174 DBG,RX,t=135280,event=OLD_SEQ,bytes=109364,parsed=2460,accepted=365,len=99,crc=835,field=57,dup=0,old=1105,ovf=0
2026-08-01 06:08:39.481434 DBG,RX,t=135320,event=OLD_SEQ,bytes=109409,parsed=2461,accepted=365,len=99,crc=835,field=57,dup=0,old=1106,ovf=0
2026-08-01 06:08:39.482435 DBG,RX,t=135380,event=CRC,bytes=109455,parsed=2462,accepted=365,len=99,crc=836,field=57,dup=0,old=1106,ovf=0
2026-08-01 06:08:39.484641 DBG,RX,t=135440,event=OLD_SEQ,bytes=109500,parsed=2463,accepted=365,len=99,crc=836,field=57,dup=0,old=1107,ovf=0
2026-08-01 06:08:39.486149 DBG,RX,t=135480,event=OLD_SEQ,bytes=109545,parsed=2464,accepted=365,len=99,crc=836,field=57,dup=0,old=1108,ovf=0
2026-08-01 06:08:39.487159 DBG,RX,t=135540,event=OLD_SEQ,bytes=109590,parsed=2465,accepted=365,len=99,crc=836,field=57,dup=0,old=1109,ovf=0
2026-08-01 06:08:39.488162 DBG,RX,t=135580,event=LENGTH,bytes=109636,parsed=2466,accepted=365,len=100,crc=836,field=57,dup=0,old=1109,ovf=0
2026-08-01 06:08:39.879906 DBG,RX,t=135640,event=CRC,bytes=109682,parsed=2467,accepted=365,len=100,crc=837,field=57,dup=0,old=1109,ovf=0
2026-08-01 06:08:39.880918 DBG,RX,t=135700,event=OLD_SEQ,bytes=109727,parsed=2468,accepted=365,len=100,crc=837,field=57,dup=0,old=1110,ovf=0
2026-08-01 06:08:39.881570 DBG,RX,t=135740,event=CRC,bytes=109773,parsed=2469,accepted=365,len=100,crc=838,field=57,dup=0,old=1110,ovf=0
2026-08-01 06:08:39.884722 DBG,RX,t=135800,event=OLD_SEQ,bytes=109818,parsed=2470,accepted=365,len=100,crc=838,field=57,dup=0,old=1111,ovf=0
2026-08-01 06:08:39.886232 DBG,RX,t=135860,event=OLD_SEQ,bytes=109863,parsed=2471,accepted=365,len=100,crc=838,field=57,dup=0,old=1112,ovf=0
2026-08-01 06:08:39.888677 DBG,RX,t=135900,event=CRC,bytes=109910,parsed=2472,accepted=365,len=100,crc=839,field=57,dup=0,old=1112,ovf=0
2026-08-01 06:08:39.890706 DBG,RX,t=135960,event=OLD_SEQ,bytes=109955,parsed=2473,accepted=365,len=100,crc=839,field=57,dup=0,old=1113,ovf=0
2026-08-01 06:08:39.891192 DBG,RX,t=136000,event=OLD_SEQ,bytes=110000,parsed=2474,accepted=365,len=100,crc=839,field=57,dup=0,old=1114,ovf=0
2026-08-01 06:08:40.252373 DBG,RX,t=136060,event=OLD_SEQ,bytes=110045,parsed=2475,accepted=365,len=100,crc=839,field=57,dup=0,old=1115,ovf=0
2026-08-01 06:08:40.254026 DBG,RX,t=136120,event=CRC,bytes=110091,parsed=2476,accepted=365,len=100,crc=840,field=57,dup=0,old=1115,ovf=0
2026-08-01 06:08:40.255221 DBG,RX,t=136160,event=CRC,bytes=110137,parsed=2477,accepted=365,len=100,crc=841,field=57,dup=0,old=1115,ovf=0
2026-08-01 06:08:40.255728 DBG,RX,t=136220,event=OLD_SEQ,bytes=110182,parsed=2478,accepted=365,len=100,crc=841,field=57,dup=0,old=1116,ovf=0
2026-08-01 06:08:40.257246 DBG,RX,t=136280,event=OLD_SEQ,bytes=110227,parsed=2479,accepted=365,len=100,crc=841,field=57,dup=0,old=1117,ovf=0
2026-08-01 06:08:40.258447 DBG,RX,t=136320,event=OLD_SEQ,bytes=110272,parsed=2480,accepted=365,len=100,crc=841,field=57,dup=0,old=1118,ovf=0
2026-08-01 06:08:40.260457 DBG,RX,t=136380,event=OLD_SEQ,bytes=110317,parsed=2481,accepted=365,len=100,crc=841,field=57,dup=0,old=1119,ovf=0
2026-08-01 06:08:40.621692 DBG,RX,t=136440,event=CRC,bytes=110363,parsed=2482,accepted=365,len=100,crc=842,field=57,dup=0,old=1119,ovf=0
2026-08-01 06:08:40.622724 DBG,RX,t=136480,event=CRC,bytes=110410,parsed=2483,accepted=365,len=100,crc=843,field=57,dup=0,old=1119,ovf=0
2026-08-01 06:08:40.624403 DBG,RX,t=136540,event=OLD_SEQ,bytes=110455,parsed=2484,accepted=365,len=100,crc=843,field=57,dup=0,old=1120,ovf=0
2026-08-01 06:08:40.625486 DBG,RX,t=136600,event=CRC,bytes=110502,parsed=2485,accepted=365,len=100,crc=844,field=57,dup=0,old=1120,ovf=0
2026-08-01 06:08:40.626521 DBG,RX,t=136640,event=OLD_SEQ,bytes=110549,parsed=2486,accepted=365,len=100,crc=844,field=57,dup=0,old=1121,ovf=0
2026-08-01 06:08:40.627520 DBG,RX,t=136700,event=OLD_SEQ,bytes=110594,parsed=2487,accepted=365,len=100,crc=844,field=57,dup=0,old=1122,ovf=0
2026-08-01 06:08:40.628639 DBG,RX,t=136740,event=CRC,bytes=110642,parsed=2488,accepted=365,len=100,crc=845,field=57,dup=0,old=1122,ovf=0
2026-08-01 06:08:41.020086 DBG,RX,t=136800,event=CRC,bytes=110688,parsed=2489,accepted=365,len=100,crc=846,field=57,dup=0,old=1122,ovf=0
2026-08-01 06:08:41.022398 DBG,RX,t=136840,event=OLD_SEQ,bytes=110733,parsed=2490,accepted=365,len=100,crc=846,field=57,dup=0,old=1123,ovf=0
2026-08-01 06:08:41.022398 DBG,RX,t=136900,event=LENGTH,bytes=110779,parsed=2491,accepted=365,len=101,crc=846,field=57,dup=0,old=1123,ovf=0
2026-08-01 06:08:41.025140 DBG,RX,t=136960,event=OLD_SEQ,bytes=110824,parsed=2492,accepted=365,len=101,crc=846,field=57,dup=0,old=1124,ovf=0
2026-08-01 06:08:41.026463 DBG,RX,t=137000,event=CRC,bytes=110870,parsed=2493,accepted=365,len=101,crc=847,field=57,dup=0,old=1124,ovf=0
2026-08-01 06:08:41.027496 DBG,RX,t=137060,event=OLD_SEQ,bytes=110915,parsed=2494,accepted=365,len=101,crc=847,field=57,dup=0,old=1125,ovf=0
2026-08-01 06:08:41.028510 DBG,RX,t=137120,event=OLD_SEQ,bytes=110960,parsed=2495,accepted=365,len=101,crc=847,field=57,dup=0,old=1126,ovf=0
2026-08-01 06:08:41.029507 DBG,RX,t=137160,event=OLD_SEQ,bytes=111005,parsed=2496,accepted=365,len=101,crc=847,field=57,dup=0,old=1127,ovf=0
2026-08-01 06:08:41.447538 DBG,RX,t=137220,event=OLD_SEQ,bytes=111050,parsed=2497,accepted=365,len=101,crc=847,field=57,dup=0,old=1128,ovf=0
2026-08-01 06:08:41.449542 DBG,RX,t=137260,event=CRC,bytes=111097,parsed=2498,accepted=365,len=101,crc=848,field=57,dup=0,old=1128,ovf=0
2026-08-01 06:08:41.450868 DBG,RX,t=137320,event=LENGTH,bytes=111143,parsed=2499,accepted=365,len=102,crc=848,field=57,dup=0,old=1128,ovf=0
2026-08-01 06:08:41.451875 DBG,RX,t=137380,event=CRC,bytes=111189,parsed=2500,accepted=365,len=102,crc=849,field=57,dup=0,old=1128,ovf=0
2026-08-01 06:08:41.452881 DBG,RX,t=137440,event=OLD_SEQ,bytes=111234,parsed=2501,accepted=365,len=102,crc=849,field=57,dup=0,old=1129,ovf=0
2026-08-01 06:08:41.455131 DBG,RX,t=137500,event=OLD_SEQ,bytes=111279,parsed=2502,accepted=365,len=102,crc=849,field=57,dup=0,old=1130,ovf=0
2026-08-01 06:08:41.456018 DBG,RX,t=137540,event=CRC,bytes=111327,parsed=2503,accepted=365,len=102,crc=850,field=57,dup=0,old=1130,ovf=0
2026-08-01 06:08:41.457088 DBG,RX,t=137600,event=CRC,bytes=111373,parsed=2504,accepted=365,len=102,crc=851,field=57,dup=0,old=1130,ovf=0
2026-08-01 06:08:41.842323 DBG,RX,t=137660,event=OLD_SEQ,bytes=111418,parsed=2505,accepted=365,len=102,crc=851,field=57,dup=0,old=1131,ovf=0
2026-08-01 06:08:41.843339 DBG,RX,t=137700,event=CRC,bytes=111466,parsed=2506,accepted=365,len=102,crc=852,field=57,dup=0,old=1131,ovf=0
2026-08-01 06:08:41.844648 DBG,RX,t=137760,event=OLD_SEQ,bytes=111511,parsed=2507,accepted=365,len=102,crc=852,field=57,dup=0,old=1132,ovf=0
2026-08-01 06:08:41.846930 DBG,RX,t=137800,event=CRC,bytes=111557,parsed=2508,accepted=365,len=102,crc=853,field=57,dup=0,old=1132,ovf=0
2026-08-01 06:08:41.848101 DBG,RX,t=137860,event=CRC,bytes=111603,parsed=2509,accepted=365,len=102,crc=854,field=57,dup=0,old=1132,ovf=0
2026-08-01 06:08:41.849374 DBG,RX,t=137920,event=OLD_SEQ,bytes=111648,parsed=2510,accepted=365,len=102,crc=854,field=57,dup=0,old=1133,ovf=0
2026-08-01 06:08:41.850393 DBG,RX,t=137960,event=OLD_SEQ,bytes=111693,parsed=2511,accepted=365,len=102,crc=854,field=57,dup=0,old=1134,ovf=0
2026-08-01 06:08:42.237039 DBG,RX,t=138020,event=OLD_SEQ,bytes=111738,parsed=2512,accepted=365,len=102,crc=854,field=57,dup=0,old=1135,ovf=0
2026-08-01 06:08:42.239073 DBG,RX,t=138080,event=CRC,bytes=111784,parsed=2513,accepted=365,len=102,crc=855,field=57,dup=0,old=1135,ovf=0
2026-08-01 06:08:42.240445 DBG,RX,t=138120,event=OLD_SEQ,bytes=111829,parsed=2514,accepted=365,len=102,crc=855,field=57,dup=0,old=1136,ovf=0
2026-08-01 06:08:42.241458 DBG,RX,t=138180,event=OLD_SEQ,bytes=111874,parsed=2515,accepted=365,len=102,crc=855,field=57,dup=0,old=1137,ovf=0
2026-08-01 06:08:42.242809 DBG,RX,t=138220,event=CRC,bytes=111920,parsed=2516,accepted=365,len=102,crc=856,field=57,dup=0,old=1137,ovf=0
2026-08-01 06:08:42.243906 DBG,RX,t=138280,event=FIELD,bytes=111966,parsed=2517,accepted=365,len=102,crc=856,field=58,dup=0,old=1137,ovf=0
2026-08-01 06:08:42.245395 DBG,RX,t=138340,event=OLD_SEQ,bytes=112011,parsed=2518,accepted=365,len=102,crc=856,field=58,dup=0,old=1138,ovf=0
2026-08-01 06:08:42.247601 DBG,RX,t=138380,event=CRC,bytes=112058,parsed=2519,accepted=365,len=102,crc=857,field=58,dup=0,old=1138,ovf=0
2026-08-01 06:08:42.671086 DBG,RX,t=138440,event=CRC,bytes=112104,parsed=2520,accepted=365,len=102,crc=858,field=58,dup=0,old=1138,ovf=0
2026-08-01 06:08:42.672597 DBG,RX,t=138500,event=CRC,bytes=112150,parsed=2521,accepted=365,len=102,crc=859,field=58,dup=0,old=1138,ovf=0
2026-08-01 06:08:42.674137 DBG,RX,t=138560,event=OLD_SEQ,bytes=112195,parsed=2522,accepted=365,len=102,crc=859,field=58,dup=0,old=1139,ovf=0
2026-08-01 06:08:42.675711 DBG,RX,t=138620,event=CRC,bytes=112241,parsed=2523,accepted=365,len=102,crc=860,field=58,dup=0,old=1139,ovf=0
2026-08-01 06:08:42.677199 DBG,RX,t=138660,event=OLD_SEQ,bytes=112286,parsed=2524,accepted=365,len=102,crc=860,field=58,dup=0,old=1140,ovf=0
2026-08-01 06:08:42.678223 DBG,RX,t=138720,event=OLD_SEQ,bytes=112331,parsed=2525,accepted=365,len=102,crc=860,field=58,dup=0,old=1141,ovf=0
2026-08-01 06:08:42.679227 DBG,RX,t=138760,event=CRC,bytes=112377,parsed=2526,accepted=365,len=102,crc=861,field=58,dup=0,old=1141,ovf=0
2026-08-01 06:08:42.680223 DBG,RX,t=138820,event=OLD_SEQ,bytes=112422,parsed=2527,accepted=365,len=102,crc=861,field=58,dup=0,old=1142,ovf=0
2026-08-01 06:08:43.090606 DBG,RX,t=138860,event=CRC,bytes=112468,parsed=2528,accepted=365,len=102,crc=862,field=58,dup=0,old=1142,ovf=0
2026-08-01 06:08:43.092115 DBG,RX,t=138920,event=OLD_SEQ,bytes=112513,parsed=2529,accepted=365,len=102,crc=862,field=58,dup=0,old=1143,ovf=0
2026-08-01 06:08:43.093124 DBG,RX,t=138980,event=OLD_SEQ,bytes=112558,parsed=2530,accepted=365,len=102,crc=862,field=58,dup=0,old=1144,ovf=0
2026-08-01 06:08:43.094124 DBG,RX,t=139040,event=OLD_SEQ,bytes=112603,parsed=2531,accepted=365,len=102,crc=862,field=58,dup=0,old=1145,ovf=0
2026-08-01 06:08:43.095634 DBG,RX,t=139080,event=CRC,bytes=112650,parsed=2532,accepted=365,len=102,crc=863,field=58,dup=0,old=1145,ovf=0
2026-08-01 06:08:43.096646 DBG,RX,t=139140,event=OLD_SEQ,bytes=112695,parsed=2533,accepted=365,len=102,crc=863,field=58,dup=0,old=1146,ovf=0
2026-08-01 06:08:43.098657 DBG,RX,t=139180,event=OLD_SEQ,bytes=112740,parsed=2534,accepted=365,len=102,crc=863,field=58,dup=0,old=1147,ovf=0
2026-08-01 06:08:43.099655 DBG,RX,t=139240,event=OLD_SEQ,bytes=112785,parsed=2535,accepted=365,len=102,crc=863,field=58,dup=0,old=1148,ovf=0
2026-08-01 06:08:43.100655 DBG,RX,t=139280,event=CRC,bytes=112831,parsed=2536,accepted=365,len=102,crc=864,field=58,dup=0,old=1148,ovf=0
2026-08-01 06:08:43.465799 DBG,RX,t=139340,event=CRC,bytes=112877,parsed=2537,accepted=365,len=102,crc=865,field=58,dup=0,old=1148,ovf=0
2026-08-01 06:08:43.467820 DBG,RX,t=139400,event=OLD_SEQ,bytes=112922,parsed=2538,accepted=365,len=102,crc=865,field=58,dup=0,old=1149,ovf=0
2026-08-01 06:08:43.468830 DBG,RX,t=139440,event=OLD_SEQ,bytes=112967,parsed=2539,accepted=365,len=102,crc=865,field=58,dup=0,old=1150,ovf=0
2026-08-01 06:08:43.470281 DBG,RX,t=139500,event=OLD_SEQ,bytes=113012,parsed=2540,accepted=365,len=102,crc=865,field=58,dup=0,old=1151,ovf=0
2026-08-01 06:08:43.471476 DBG,RX,t=139560,event=OLD_SEQ,bytes=113057,parsed=2541,accepted=365,len=102,crc=865,field=58,dup=0,old=1152,ovf=0
2026-08-01 06:08:43.473601 DBG,RX,t=139600,event=OLD_SEQ,bytes=113102,parsed=2542,accepted=365,len=102,crc=865,field=58,dup=0,old=1153,ovf=0
2026-08-01 06:08:43.475604 DBG,RX,t=139660,event=OLD_SEQ,bytes=113147,parsed=2543,accepted=365,len=102,crc=865,field=58,dup=0,old=1154,ovf=0
2026-08-01 06:08:43.831838 DBG,RX,t=139720,event=OLD_SEQ,bytes=113192,parsed=2544,accepted=365,len=102,crc=865,field=58,dup=0,old=1155,ovf=0
2026-08-01 06:08:43.835733 DBG,RX,t=139760,event=CRC,bytes=113239,parsed=2545,accepted=365,len=102,crc=866,field=58,dup=0,old=1155,ovf=0
2026-08-01 06:08:43.838995 DBG,RX,t=139820,event=OLD_SEQ,bytes=113284,parsed=2546,accepted=365,len=102,crc=866,field=58,dup=0,old=1156,ovf=0
2026-08-01 06:08:43.840994 DBG,RX,t=139880,event=CRC,bytes=113330,parsed=2547,accepted=365,len=102,crc=867,field=58,dup=0,old=1156,ovf=0
2026-08-01 06:08:43.843520 DBG,RX,t=139920,event=CRC,bytes=113376,parsed=2548,accepted=365,len=102,crc=868,field=58,dup=0,old=1156,ovf=0
2026-08-01 06:08:43.845520 DBG,RX,t=139980,event=OLD_SEQ,bytes=113421,parsed=2549,accepted=365,len=102,crc=868,field=58,dup=0,old=1157,ovf=0
2026-08-01 06:08:43.847049 DBG,RX,t=140020,event=OLD_SEQ,bytes=113466,parsed=2550,accepted=365,len=102,crc=868,field=58,dup=0,old=1158,ovf=0
2026-08-01 06:08:44.292536 DBG,RX,t=140080,event=CRC,bytes=113512,parsed=2551,accepted=365,len=102,crc=869,field=58,dup=0,old=1158,ovf=0
2026-08-01 06:08:44.293966 DBG,RX,t=140140,event=CRC,bytes=113559,parsed=2552,accepted=365,len=102,crc=870,field=58,dup=0,old=1158,ovf=0
2026-08-01 06:08:44.295476 DBG,RX,t=140180,event=LENGTH,bytes=113605,parsed=2553,accepted=365,len=103,crc=870,field=58,dup=0,old=1158,ovf=0
2026-08-01 06:08:44.296007 DBG,RX,t=140240,event=OLD_SEQ,bytes=113650,parsed=2554,accepted=365,len=103,crc=870,field=58,dup=0,old=1159,ovf=0
2026-08-01 06:08:44.297044 DBG,RX,t=140300,event=CRC,bytes=113696,parsed=2555,accepted=365,len=103,crc=871,field=58,dup=0,old=1159,ovf=0
2026-08-01 06:08:44.298723 DBG,RX,t=140340,event=OLD_SEQ,bytes=113741,parsed=2556,accepted=365,len=103,crc=871,field=58,dup=0,old=1160,ovf=0
2026-08-01 06:08:44.301014 DBG,RX,t=140400,event=OLD_SEQ,bytes=113786,parsed=2557,accepted=365,len=103,crc=871,field=58,dup=0,old=1161,ovf=0
2026-08-01 06:08:44.302989 DBG,RX,t=140440,event=CRC,bytes=113832,parsed=2558,accepted=365,len=103,crc=872,field=58,dup=0,old=1161,ovf=0
2026-08-01 06:08:44.689445 DBG,RX,t=140500,event=CRC,bytes=113878,parsed=2559,accepted=365,len=103,crc=873,field=58,dup=0,old=1161,ovf=0
2026-08-01 06:08:44.690532 DBG,RX,t=140560,event=OLD_SEQ,bytes=113923,parsed=2560,accepted=365,len=103,crc=873,field=58,dup=0,old=1162,ovf=0
2026-08-01 06:08:44.692207 DBG,RX,t=140620,event=OLD_SEQ,bytes=113968,parsed=2561,accepted=365,len=103,crc=873,field=58,dup=0,old=1163,ovf=0
2026-08-01 06:08:44.693312 DBG,RX,t=140660,event=OLD_SEQ,bytes=114013,parsed=2562,accepted=365,len=103,crc=873,field=58,dup=0,old=1164,ovf=0
2026-08-01 06:08:44.694934 DBG,RX,t=140720,event=OLD_SEQ,bytes=114058,parsed=2563,accepted=365,len=103,crc=873,field=58,dup=0,old=1165,ovf=0
2026-08-01 06:08:44.695983 DBG,RX,t=140760,event=CRC,bytes=114104,parsed=2564,accepted=365,len=103,crc=874,field=58,dup=0,old=1165,ovf=0
2026-08-01 06:08:44.697068 DBG,RX,t=140820,event=OLD_SEQ,bytes=114149,parsed=2565,accepted=365,len=103,crc=874,field=58,dup=0,old=1166,ovf=0
2026-08-01 06:08:44.698699 DBG,RX,t=140880,event=CRC,bytes=114195,parsed=2566,accepted=365,len=103,crc=875,field=58,dup=0,old=1166,ovf=0
2026-08-01 06:08:45.003247 DBG,RX,t=140920,event=OLD_SEQ,bytes=114240,parsed=2567,accepted=365,len=103,crc=875,field=58,dup=0,old=1167,ovf=0
2026-08-01 06:08:45.004247 DBG,RX,t=140980,event=OLD_SEQ,bytes=114285,parsed=2568,accepted=365,len=103,crc=875,field=58,dup=0,old=1168,ovf=0
2026-08-01 06:08:45.004247 DBG,RX,t=141040,event=CRC,bytes=114331,parsed=2569,accepted=365,len=103,crc=876,field=58,dup=0,old=1168,ovf=0
2026-08-01 06:08:45.005756 DBG,RX,t=141080,event=OLD_SEQ,bytes=114376,parsed=2570,accepted=365,len=103,crc=876,field=58,dup=0,old=1169,ovf=0
2026-08-01 06:08:45.006765 DBG,RX,t=141140,event=OLD_SEQ,bytes=114421,parsed=2571,accepted=365,len=103,crc=876,field=58,dup=0,old=1170,ovf=0
2026-08-01 06:08:45.008202 DBG,RX,t=141180,event=CRC,bytes=114469,parsed=2572,accepted=365,len=103,crc=877,field=58,dup=0,old=1170,ovf=0
2026-08-01 06:08:45.277771 DBG,RX,t=141240,event=CRC,bytes=114515,parsed=2573,accepted=365,len=103,crc=878,field=58,dup=0,old=1170,ovf=0
2026-08-01 06:08:45.279174 DBG,RX,t=141300,event=CRC,bytes=114561,parsed=2574,accepted=365,len=103,crc=879,field=58,dup=0,old=1170,ovf=0
2026-08-01 06:08:45.279174 DBG,RX,t=141340,event=LENGTH,bytes=114607,parsed=2575,accepted=365,len=104,crc=879,field=58,dup=0,old=1170,ovf=0
2026-08-01 06:08:45.280657 DBG,RX,t=141400,event=OLD_SEQ,bytes=114652,parsed=2576,accepted=365,len=104,crc=879,field=58,dup=0,old=1171,ovf=0
2026-08-01 06:08:45.281924 DBG,RX,t=141440,event=CRC,bytes=114698,parsed=2577,accepted=365,len=104,crc=880,field=58,dup=0,old=1171,ovf=0
2026-08-01 06:08:45.600976 DBG,RX,t=141500,event=OLD_SEQ,bytes=114743,parsed=2578,accepted=365,len=104,crc=880,field=58,dup=0,old=1172,ovf=0
2026-08-01 06:08:45.603501 DBG,RX,t=141560,event=OLD_SEQ,bytes=114788,parsed=2579,accepted=365,len=104,crc=880,field=58,dup=0,old=1173,ovf=0
2026-08-01 06:08:45.604498 DBG,RX,t=141620,event=OLD_SEQ,bytes=114833,parsed=2580,accepted=365,len=104,crc=880,field=58,dup=0,old=1174,ovf=0
2026-08-01 06:08:45.606025 DBG,RX,t=141660,event=CRC,bytes=114879,parsed=2581,accepted=365,len=104,crc=881,field=58,dup=0,old=1174,ovf=0
2026-08-01 06:08:45.607039 DBG,RX,t=141720,event=CRC,bytes=114925,parsed=2582,accepted=365,len=104,crc=882,field=58,dup=0,old=1174,ovf=0
2026-08-01 06:08:45.607682 DBG,RX,t=141780,event=OLD_SEQ,bytes=114970,parsed=2583,accepted=365,len=104,crc=882,field=58,dup=0,old=1175,ovf=0
2026-08-01 06:08:45.609073 DBG,RX,t=141820,event=CRC,bytes=115017,parsed=2584,accepted=365,len=104,crc=883,field=58,dup=0,old=1175,ovf=0
2026-08-01 06:08:45.906866 DBG,RX,t=141880,event=CRC,bytes=115065,parsed=2585,accepted=365,len=104,crc=884,field=58,dup=0,old=1175,ovf=0
2026-08-01 06:08:45.908060 DBG,RX,t=141920,event=CRC,bytes=115111,parsed=2586,accepted=365,len=104,crc=885,field=58,dup=0,old=1175,ovf=0
2026-08-01 06:08:45.909064 DBG,RX,t=141980,event=CRC,bytes=115158,parsed=2587,accepted=365,len=104,crc=886,field=58,dup=0,old=1175,ovf=0
2026-08-01 06:08:45.909064 DBG,RX,t=142040,event=CRC,bytes=115204,parsed=2588,accepted=365,len=104,crc=887,field=58,dup=0,old=1175,ovf=0
2026-08-01 06:08:45.910253 DBG,RX,t=142080,event=CRC,bytes=115250,parsed=2589,accepted=365,len=104,crc=888,field=58,dup=0,old=1175,ovf=0
2026-08-01 06:08:46.169455 DBG,RX,t=142140,event=OLD_SEQ,bytes=115295,parsed=2590,accepted=365,len=104,crc=888,field=58,dup=0,old=1176,ovf=0
2026-08-01 06:08:46.170458 DBG,RX,t=142200,event=OLD_SEQ,bytes=115341,parsed=2591,accepted=365,len=104,crc=888,field=58,dup=0,old=1177,ovf=0
2026-08-01 06:08:46.171455 DBG,RX,t=142240,event=FIELD,bytes=115388,parsed=2592,accepted=365,len=104,crc=888,field=59,dup=0,old=1177,ovf=0
2026-08-01 06:08:46.171455 DBG,RX,t=142300,event=OLD_SEQ,bytes=115433,parsed=2593,accepted=365,len=104,crc=888,field=59,dup=0,old=1178,ovf=0
2026-08-01 06:08:46.173022 DBG,RX,t=142340,event=CRC,bytes=115479,parsed=2594,accepted=365,len=104,crc=889,field=59,dup=0,old=1178,ovf=0
2026-08-01 06:08:46.444238 DBG,RX,t=142400,event=CRC,bytes=115525,parsed=2595,accepted=365,len=104,crc=890,field=59,dup=0,old=1178,ovf=0
2026-08-01 06:08:46.445769 DBG,RX,t=142460,event=OLD_SEQ,bytes=115570,parsed=2596,accepted=365,len=104,crc=890,field=59,dup=0,old=1179,ovf=0
2026-08-01 06:08:46.446927 DBG,RX,t=142500,event=CRC,bytes=115617,parsed=2597,accepted=365,len=104,crc=891,field=59,dup=0,old=1179,ovf=0
2026-08-01 06:08:46.447939 DBG,RX,t=142560,event=CRC,bytes=115663,parsed=2598,accepted=365,len=104,crc=892,field=59,dup=0,old=1179,ovf=0
2026-08-01 06:08:46.448937 DBG,RX,t=142620,event=OLD_SEQ,bytes=115708,parsed=2599,accepted=365,len=104,crc=892,field=59,dup=0,old=1180,ovf=0
2026-08-01 06:08:46.739180 DBG,RX,t=142680,event=OLD_SEQ,bytes=115753,parsed=2600,accepted=365,len=104,crc=892,field=59,dup=0,old=1181,ovf=0
2026-08-01 06:08:46.740197 DBG,RX,t=142740,event=CRC,bytes=115799,parsed=2601,accepted=365,len=104,crc=893,field=59,dup=0,old=1181,ovf=0
2026-08-01 06:08:46.741190 DBG,RX,t=142780,event=CRC,bytes=115846,parsed=2602,accepted=365,len=104,crc=894,field=59,dup=0,old=1181,ovf=0
2026-08-01 06:08:46.742189 DBG,RX,t=142840,event=OLD_SEQ,bytes=115891,parsed=2603,accepted=365,len=104,crc=894,field=59,dup=0,old=1182,ovf=0
2026-08-01 06:08:46.743189 DBG,RX,t=142880,event=OLD_SEQ,bytes=115936,parsed=2604,accepted=365,len=104,crc=894,field=59,dup=0,old=1183,ovf=0
2026-08-01 06:08:46.744412 DBG,RX,t=142940,event=CRC,bytes=115982,parsed=2605,accepted=365,len=104,crc=895,field=59,dup=0,old=1183,ovf=0
2026-08-01 06:08:47.048512 DBG,RX,t=143000,event=OLD_SEQ,bytes=116027,parsed=2606,accepted=365,len=104,crc=895,field=59,dup=0,old=1184,ovf=0
2026-08-01 06:08:47.052059 DBG,RX,t=143040,event=OLD_SEQ,bytes=116072,parsed=2607,accepted=365,len=104,crc=895,field=59,dup=0,old=1185,ovf=0
2026-08-01 06:08:47.052059 DBG,RX,t=143100,event=CRC,bytes=116118,parsed=2608,accepted=365,len=104,crc=896,field=59,dup=0,old=1185,ovf=0
2026-08-01 06:08:47.054094 DBG,RX,t=143160,event=CRC,bytes=116164,parsed=2609,accepted=365,len=104,crc=897,field=59,dup=0,old=1185,ovf=0
2026-08-01 06:08:47.054094 DBG,RX,t=143200,event=CRC,bytes=116211,parsed=2610,accepted=365,len=104,crc=898,field=59,dup=0,old=1185,ovf=0
2026-08-01 06:08:47.056747 DBG,RX,t=143260,event=OLD_SEQ,bytes=116256,parsed=2611,accepted=365,len=104,crc=898,field=59,dup=0,old=1186,ovf=0
2026-08-01 06:08:47.348491 DBG,RX,t=143300,event=CRC,bytes=116303,parsed=2612,accepted=365,len=104,crc=899,field=59,dup=0,old=1186,ovf=0
2026-08-01 06:08:47.349516 DBG,RX,t=143360,event=OLD_SEQ,bytes=116348,parsed=2613,accepted=365,len=104,crc=899,field=59,dup=0,old=1187,ovf=0
2026-08-01 06:08:47.350520 DBG,RX,t=143420,event=OLD_SEQ,bytes=116393,parsed=2614,accepted=365,len=104,crc=899,field=59,dup=0,old=1188,ovf=0
2026-08-01 06:08:47.351936 DBG,RX,t=143460,event=CRC,bytes=116439,parsed=2615,accepted=365,len=104,crc=900,field=59,dup=0,old=1188,ovf=0
2026-08-01 06:08:47.353220 DBG,RX,t=143520,event=OLD_SEQ,bytes=116484,parsed=2616,accepted=365,len=104,crc=900,field=59,dup=0,old=1189,ovf=0
2026-08-01 06:08:47.353220 DBG,RX,t=143580,event=CRC,bytes=116530,parsed=2617,accepted=365,len=104,crc=901,field=59,dup=0,old=1189,ovf=0
2026-08-01 06:08:47.620216 DBG,RX,t=143620,event=OLD_SEQ,bytes=116575,parsed=2618,accepted=365,len=104,crc=901,field=59,dup=0,old=1190,ovf=0
2026-08-01 06:08:47.621642 DBG,RX,t=143680,event=OLD_SEQ,bytes=116620,parsed=2619,accepted=365,len=104,crc=901,field=59,dup=0,old=1191,ovf=0
2026-08-01 06:08:47.623658 DBG,RX,t=143740,event=OLD_SEQ,bytes=116665,parsed=2620,accepted=365,len=104,crc=901,field=59,dup=0,old=1192,ovf=0
2026-08-01 06:08:47.623658 DBG,RX,t=143780,event=CRC,bytes=116713,parsed=2621,accepted=365,len=104,crc=902,field=59,dup=0,old=1192,ovf=0
2026-08-01 06:08:47.625928 DBG,RX,t=143840,event=OLD_SEQ,bytes=116758,parsed=2622,accepted=365,len=104,crc=902,field=59,dup=0,old=1193,ovf=0
2026-08-01 06:08:47.899744 DBG,RX,t=143900,event=OLD_SEQ,bytes=116803,parsed=2623,accepted=365,len=104,crc=902,field=59,dup=0,old=1194,ovf=0
2026-08-01 06:08:47.899744 DBG,RX,t=143940,event=CRC,bytes=116849,parsed=2624,accepted=365,len=104,crc=903,field=59,dup=0,old=1194,ovf=0
2026-08-01 06:08:47.901546 DBG,RX,t=144000,event=OLD_SEQ,bytes=116894,parsed=2625,accepted=365,len=104,crc=903,field=59,dup=0,old=1195,ovf=0
2026-08-01 06:08:47.901546 DBG,RX,t=144040,event=OLD_SEQ,bytes=116939,parsed=2626,accepted=365,len=104,crc=903,field=59,dup=0,old=1196,ovf=0
2026-08-01 06:08:47.904626 DBG,RX,t=144100,event=FIELD,bytes=116987,parsed=2627,accepted=365,len=104,crc=903,field=60,dup=0,old=1196,ovf=0
2026-08-01 06:08:48.204463 DBG,RX,t=144160,event=OLD_SEQ,bytes=117032,parsed=2628,accepted=365,len=104,crc=903,field=60,dup=0,old=1197,ovf=0
2026-08-01 06:08:48.205998 DBG,RX,t=144200,event=CRC,bytes=117079,parsed=2629,accepted=365,len=104,crc=904,field=60,dup=0,old=1197,ovf=0
2026-08-01 06:08:48.207798 DBG,RX,t=144260,event=CRC,bytes=117126,parsed=2630,accepted=365,len=104,crc=905,field=60,dup=0,old=1197,ovf=0
2026-08-01 06:08:48.208125 DBG,RX,t=144320,event=OLD_SEQ,bytes=117171,parsed=2631,accepted=365,len=104,crc=905,field=60,dup=0,old=1198,ovf=0
2026-08-01 06:08:48.209200 DBG,RX,t=144360,event=OLD_SEQ,bytes=117216,parsed=2632,accepted=365,len=104,crc=905,field=60,dup=0,old=1199,ovf=0
2026-08-01 06:08:48.210205 DBG,RX,t=144420,event=OLD_SEQ,bytes=117261,parsed=2633,accepted=365,len=104,crc=905,field=60,dup=0,old=1200,ovf=0
2026-08-01 06:08:48.509641 DBG,RX,t=144460,event=CRC,bytes=117307,parsed=2634,accepted=365,len=104,crc=906,field=60,dup=0,old=1200,ovf=0
2026-08-01 06:08:48.510632 DBG,RX,t=144520,event=CRC,bytes=117353,parsed=2635,accepted=365,len=104,crc=907,field=60,dup=0,old=1200,ovf=0
2026-08-01 06:08:48.511748 DBG,RX,t=144580,event=CRC,bytes=117399,parsed=2636,accepted=365,len=104,crc=908,field=60,dup=0,old=1200,ovf=0
2026-08-01 06:08:48.512784 DBG,RX,t=144620,event=CRC,bytes=117445,parsed=2637,accepted=365,len=104,crc=909,field=60,dup=0,old=1200,ovf=0
2026-08-01 06:08:48.512784 DBG,RX,t=144680,event=OLD_SEQ,bytes=117490,parsed=2638,accepted=365,len=104,crc=909,field=60,dup=0,old=1201,ovf=0
2026-08-01 06:08:48.514293 DBG,RX,t=144740,event=OLD_SEQ,bytes=117535,parsed=2639,accepted=365,len=104,crc=909,field=60,dup=0,old=1202,ovf=0
2026-08-01 06:08:48.817411 DBG,RX,t=144800,event=OLD_SEQ,bytes=117580,parsed=2640,accepted=365,len=104,crc=909,field=60,dup=0,old=1203,ovf=0
2026-08-01 06:08:48.818408 DBG,RX,t=144840,event=OLD_SEQ,bytes=117625,parsed=2641,accepted=365,len=104,crc=909,field=60,dup=0,old=1204,ovf=0
2026-08-01 06:08:48.818408 DBG,RX,t=144900,event=OLD_SEQ,bytes=117670,parsed=2642,accepted=365,len=104,crc=909,field=60,dup=0,old=1205,ovf=0
2026-08-01 06:08:48.819657 DBG,RX,t=144960,event=OLD_SEQ,bytes=117715,parsed=2643,accepted=365,len=104,crc=909,field=60,dup=0,old=1206,ovf=0
2026-08-01 06:08:48.821009 DBG,RX,t=145000,event=OLD_SEQ,bytes=117760,parsed=2644,accepted=365,len=104,crc=909,field=60,dup=0,old=1207,ovf=0
2026-08-01 06:08:48.822364 DBG,RX,t=145060,event=OLD_SEQ,bytes=117805,parsed=2645,accepted=365,len=104,crc=909,field=60,dup=0,old=1208,ovf=0
2026-08-01 06:08:49.116490 DBG,RX,t=145100,event=CRC,bytes=117851,parsed=2646,accepted=365,len=104,crc=910,field=60,dup=0,old=1208,ovf=0
2026-08-01 06:08:49.117507 DBG,RX,t=145160,event=OLD_SEQ,bytes=117896,parsed=2647,accepted=365,len=104,crc=910,field=60,dup=0,old=1209,ovf=0
2026-08-01 06:08:49.118877 DBG,RX,t=145220,event=OLD_SEQ,bytes=117941,parsed=2648,accepted=365,len=104,crc=910,field=60,dup=0,old=1210,ovf=0
2026-08-01 06:08:49.119905 DBG,RX,t=145280,event=CRC,bytes=117988,parsed=2649,accepted=365,len=104,crc=911,field=60,dup=0,old=1210,ovf=0
2026-08-01 06:08:49.120994 DBG,RX,t=145320,event=OLD_SEQ,bytes=118033,parsed=2650,accepted=365,len=104,crc=911,field=60,dup=0,old=1211,ovf=0
2026-08-01 06:08:49.122152 DBG,RX,t=145380,event=LENGTH,bytes=118079,parsed=2651,accepted=365,len=105,crc=911,field=60,dup=0,old=1211,ovf=0
2026-08-01 06:08:49.390307 DBG,RX,t=145420,event=OLD_SEQ,bytes=118124,parsed=2652,accepted=365,len=105,crc=911,field=60,dup=0,old=1212,ovf=0
2026-08-01 06:08:49.391308 DBG,RX,t=145480,event=OLD_SEQ,bytes=118169,parsed=2653,accepted=365,len=105,crc=911,field=60,dup=0,old=1213,ovf=0
2026-08-01 06:08:49.392303 DBG,RX,t=145540,event=OLD_SEQ,bytes=118214,parsed=2654,accepted=365,len=105,crc=911,field=60,dup=0,old=1214,ovf=0
2026-08-01 06:08:49.394089 DBG,RX,t=145580,event=CRC,bytes=118260,parsed=2655,accepted=365,len=105,crc=912,field=60,dup=0,old=1214,ovf=0
2026-08-01 06:08:49.395675 DBG,RX,t=145640,event=OLD_SEQ,bytes=118305,parsed=2656,accepted=365,len=105,crc=912,field=60,dup=0,old=1215,ovf=0
2026-08-01 06:08:49.666337 DBG,RX,t=145700,event=OLD_SEQ,bytes=118350,parsed=2657,accepted=365,len=105,crc=912,field=60,dup=0,old=1216,ovf=0
2026-08-01 06:08:49.668353 DBG,RX,t=145740,event=LENGTH,bytes=118396,parsed=2658,accepted=365,len=106,crc=912,field=60,dup=0,old=1216,ovf=0
2026-08-01 06:08:49.669357 DBG,RX,t=145800,event=OLD_SEQ,bytes=118441,parsed=2659,accepted=365,len=106,crc=912,field=60,dup=0,old=1217,ovf=0
2026-08-01 06:08:49.670693 DBG,RX,t=145860,event=CRC,bytes=118487,parsed=2660,accepted=365,len=106,crc=913,field=60,dup=0,old=1217,ovf=0
2026-08-01 06:08:49.671683 DBG,RX,t=145900,event=CRC,bytes=118533,parsed=2661,accepted=365,len=106,crc=914,field=60,dup=0,old=1217,ovf=0
2026-08-01 06:08:51.853784 DBG,RX,t=145960,event=OLD_SEQ,bytes=118578,parsed=2662,accepted=365,len=106,crc=914,field=60,dup=0,old=1218,ovf=0
2026-08-01 06:08:51.855292 DBG,RX,t=146020,event=OLD_SEQ,bytes=118623,parsed=2663,accepted=365,len=106,crc=914,field=60,dup=0,old=1219,ovf=0
2026-08-01 06:08:51.858096 DBG,RX,t=146060,event=CRC,bytes=118670,parsed=2664,accepted=365,len=106,crc=915,field=60,dup=0,old=1219,ovf=0
2026-08-01 06:08:51.858676 DBG,RX,t=146120,event=OLD_SEQ,bytes=118715,parsed=2665,accepted=365,len=106,crc=915,field=60,dup=0,old=1220,ovf=0
2026-08-01 06:08:51.859692 DBG,RX,t=146160,event=OLD_SEQ,bytes=118760,parsed=2666,accepted=365,len=106,crc=915,field=60,dup=0,old=1221,ovf=0
2026-08-01 06:08:51.860899 DBG,RX,t=146220,event=CRC,bytes=118806,parsed=2667,accepted=365,len=106,crc=916,field=60,dup=0,old=1221,ovf=0
2026-08-01 06:08:51.861910 DBG,RX,t=146280,event=CRC,bytes=118853,parsed=2668,accepted=365,len=106,crc=917,field=60,dup=0,old=1221,ovf=0
2026-08-01 06:08:51.862911 DBG,RX,t=146320,event=CRC,bytes=118899,parsed=2669,accepted=365,len=106,crc=918,field=60,dup=0,old=1221,ovf=0
2026-08-01 06:08:51.863912 DBG,RX,t=146380,event=OLD_SEQ,bytes=118944,parsed=2670,accepted=365,len=106,crc=918,field=60,dup=0,old=1222,ovf=0
2026-08-01 06:08:51.865298 DBG,RX,t=146420,event=CRC,bytes=118990,parsed=2671,accepted=365,len=106,crc=919,field=60,dup=0,old=1222,ovf=0
2026-08-01 06:08:51.867408 DBG,RX,t=146480,event=CRC,bytes=119036,parsed=2672,accepted=365,len=106,crc=920,field=60,dup=0,old=1222,ovf=0
2026-08-01 06:08:51.869682 DBG,RX,t=146540,event=OLD_SEQ,bytes=119081,parsed=2673,accepted=365,len=106,crc=920,field=60,dup=0,old=1223,ovf=0
2026-08-01 06:08:51.870856 DBG,RX,t=146580,event=CRC,bytes=119128,parsed=2674,accepted=365,len=106,crc=921,field=60,dup=0,old=1223,ovf=0
2026-08-01 06:08:51.873175 DBG,RX,t=146640,event=OLD_SEQ,bytes=119173,parsed=2675,accepted=365,len=106,crc=921,field=60,dup=0,old=1224,ovf=0
2026-08-01 06:08:51.875342 DBG,RX,t=146680,event=CRC,bytes=119219,parsed=2676,accepted=365,len=106,crc=922,field=60,dup=0,old=1224,ovf=0
2026-08-01 06:08:51.876494 DBG,RX,t=146740,event=OLD_SEQ,bytes=119264,parsed=2677,accepted=365,len=106,crc=922,field=60,dup=0,old=1225,ovf=0
2026-08-01 06:08:51.876494 DBG,RX,t=146800,event=OLD_SEQ,bytes=119309,parsed=2678,accepted=365,len=106,crc=922,field=60,dup=0,old=1226,ovf=0
2026-08-01 06:08:51.877806 DBG,RX,t=146840,event=OLD_SEQ,bytes=119355,parsed=2679,accepted=365,len=106,crc=922,field=60,dup=0,old=1227,ovf=0
2026-08-01 06:08:51.879316 DBG,RX,t=146900,event=CRC,bytes=119402,parsed=2680,accepted=365,len=106,crc=923,field=60,dup=0,old=1227,ovf=0
2026-08-01 06:08:51.880326 DBG,RX,t=146960,event=OLD_SEQ,bytes=119447,parsed=2681,accepted=365,len=106,crc=923,field=60,dup=0,old=1228,ovf=0
2026-08-01 06:08:51.881327 DBG,RX,t=147000,event=OLD_SEQ,bytes=119492,parsed=2682,accepted=365,len=106,crc=923,field=60,dup=0,old=1229,ovf=0
2026-08-01 06:08:51.883326 DBG,RX,t=147060,event=LENGTH,bytes=119538,parsed=2683,accepted=365,len=107,crc=923,field=60,dup=0,old=1229,ovf=0
2026-08-01 06:08:51.883326 DBG,RX,t=147120,event=OLD_SEQ,bytes=119583,parsed=2684,accepted=365,len=107,crc=923,field=60,dup=0,old=1230,ovf=0
2026-08-01 06:08:51.885411 DBG,RX,t=147180,event=OLD_SEQ,bytes=119628,parsed=2685,accepted=365,len=107,crc=923,field=60,dup=0,old=1231,ovf=0
2026-08-01 06:08:51.886420 DBG,RX,t=147220,event=OLD_SEQ,bytes=119673,parsed=2686,accepted=365,len=107,crc=923,field=60,dup=0,old=1232,ovf=0
2026-08-01 06:08:51.886420 DBG,RX,t=147280,event=OLD_SEQ,bytes=119718,parsed=2687,accepted=365,len=107,crc=923,field=60,dup=0,old=1233,ovf=0
2026-08-01 06:08:51.887481 DBG,RX,t=147320,event=CRC,bytes=119765,parsed=2688,accepted=365,len=107,crc=924,field=60,dup=0,old=1233,ovf=0
2026-08-01 06:08:51.888926 DBG,RX,t=147380,event=OLD_SEQ,bytes=119810,parsed=2689,accepted=365,len=107,crc=924,field=60,dup=0,old=1234,ovf=0
2026-08-01 06:08:51.889934 DBG,RX,t=147440,event=CRC,bytes=119856,parsed=2690,accepted=365,len=107,crc=925,field=60,dup=0,old=1234,ovf=0
2026-08-01 06:08:51.890952 DBG,RX,t=147480,event=CRC,bytes=119902,parsed=2691,accepted=365,len=107,crc=926,field=60,dup=0,old=1234,ovf=0
2026-08-01 06:08:51.891946 DBG,RX,t=147540,event=OLD_SEQ,bytes=119947,parsed=2692,accepted=365,len=107,crc=926,field=60,dup=0,old=1235,ovf=0
2026-08-01 06:08:51.891946 DBG,RX,t=147600,event=CRC,bytes=119993,parsed=2693,accepted=365,len=107,crc=927,field=60,dup=0,old=1235,ovf=0
2026-08-01 06:08:51.894446 DBG,RX,t=147640,event=OLD_SEQ,bytes=120038,parsed=2694,accepted=365,len=107,crc=927,field=60,dup=0,old=1236,ovf=0
2026-08-01 06:08:51.895449 DBG,RX,t=147700,event=CRC,bytes=120084,parsed=2695,accepted=365,len=107,crc=928,field=60,dup=0,old=1236,ovf=0
2026-08-01 06:08:51.895449 DBG,RX,t=147740,event=OLD_SEQ,bytes=120129,parsed=2696,accepted=365,len=107,crc=928,field=60,dup=0,old=1237,ovf=0
2026-08-01 06:08:51.896827 DBG,RX,t=147800,event=CRC,bytes=120177,parsed=2697,accepted=365,len=107,crc=929,field=60,dup=0,old=1237,ovf=0
2026-08-01 06:08:51.898109 DBG,RX,t=147860,event=OLD_SEQ,bytes=120222,parsed=2698,accepted=365,len=107,crc=929,field=60,dup=0,old=1238,ovf=0
2026-08-01 06:08:51.898109 DBG,RX,t=147900,event=CRC,bytes=120269,parsed=2699,accepted=365,len=107,crc=930,field=60,dup=0,old=1238,ovf=0
2026-08-01 06:08:51.900339 DBG,RX,t=147980,event=OLD_SEQ,bytes=120314,parsed=2700,accepted=365,len=107,crc=930,field=60,dup=0,old=1239,ovf=0
2026-08-01 06:08:51.901560 DBG,RX,t=148040,event=OLD_SEQ,bytes=120359,parsed=2701,accepted=365,len=107,crc=930,field=60,dup=0,old=1240,ovf=0
2026-08-01 06:08:51.902571 DBG,RX,t=148080,event=OLD_SEQ,bytes=120404,parsed=2702,accepted=365,len=107,crc=930,field=60,dup=0,old=1241,ovf=0
2026-08-01 06:08:51.903567 DBG,RX,t=148140,event=OLD_SEQ,bytes=120449,parsed=2703,accepted=365,len=107,crc=930,field=60,dup=0,old=1242,ovf=0
2026-08-01 06:08:52.175492 DBG,RX,t=148180,event=CRC,bytes=120495,parsed=2704,accepted=365,len=107,crc=931,field=60,dup=0,old=1242,ovf=0
2026-08-01 06:08:52.178694 DBG,RX,t=148240,event=OLD_SEQ,bytes=120540,parsed=2705,accepted=365,len=107,crc=931,field=60,dup=0,old=1243,ovf=0
2026-08-01 06:08:52.178694 DBG,RX,t=148300,event=OLD_SEQ,bytes=120585,parsed=2706,accepted=365,len=107,crc=931,field=60,dup=0,old=1244,ovf=0
2026-08-01 06:08:52.179885 DBG,RX,t=148360,event=OLD_SEQ,bytes=120630,parsed=2707,accepted=365,len=107,crc=931,field=60,dup=0,old=1245,ovf=0
2026-08-01 06:08:52.181288 DBG,RX,t=148400,event=CRC,bytes=120678,parsed=2708,accepted=365,len=107,crc=932,field=60,dup=0,old=1245,ovf=0
2026-08-01 06:08:52.181288 DBG,RX,t=148460,event=OLD_SEQ,bytes=120723,parsed=2709,accepted=365,len=107,crc=932,field=60,dup=0,old=1246,ovf=0
2026-08-01 06:08:52.441734 DBG,RX,t=148500,event=OLD_SEQ,bytes=120768,parsed=2710,accepted=365,len=107,crc=932,field=60,dup=0,old=1247,ovf=0
2026-08-01 06:08:52.442720 DBG,LIMIT,t=148520,count=1,dir=1,current=0,min=0,max=0,err=0
2026-08-01 06:08:52.442720 DBG,RX,t=148560,event=OLD_SEQ,bytes=120813,parsed=2711,accepted=365,len=107,crc=932,field=60,dup=0,old=1248,ovf=0
2026-08-01 06:08:52.444112 DBG,RX,t=148600,event=CRC,bytes=120859,parsed=2712,accepted=365,len=107,crc=933,field=60,dup=0,old=1248,ovf=0
2026-08-01 06:08:52.445960 DBG,RX,t=148660,event=CRC,bytes=120905,parsed=2713,accepted=365,len=107,crc=934,field=60,dup=0,old=1248,ovf=0
2026-08-01 06:08:52.446281 DBG,RX,t=148720,event=OLD_SEQ,bytes=120950,parsed=2714,accepted=365,len=107,crc=934,field=60,dup=0,old=1249,ovf=0
2026-08-01 06:08:52.713241 DBG,RX,t=148760,event=CRC,bytes=120996,parsed=2715,accepted=365,len=107,crc=935,field=60,dup=0,old=1249,ovf=0
2026-08-01 06:08:52.713779 DBG,LIMIT,t=148780,count=2,dir=1,current=0,min=0,max=0,err=0
2026-08-01 06:08:52.715578 DBG,RX,t=148820,event=CRC,bytes=121045,parsed=2716,accepted=365,len=107,crc=936,field=60,dup=0,old=1249,ovf=0
2026-08-01 06:08:52.716588 DBG,RX,t=148880,event=OLD_SEQ,bytes=121090,parsed=2717,accepted=365,len=107,crc=936,field=60,dup=0,old=1250,ovf=0
2026-08-01 06:08:52.717590 DBG,RX,t=148920,event=CRC,bytes=121136,parsed=2718,accepted=365,len=107,crc=937,field=60,dup=0,old=1250,ovf=0
2026-08-01 06:08:52.717590 DBG,RX,t=148980,event=OLD_SEQ,bytes=121181,parsed=2719,accepted=365,len=107,crc=937,field=60,dup=0,old=1251,ovf=0
2026-08-01 06:08:52.950669 DBG,RX,t=149040,event=OLD_SEQ,bytes=121226,parsed=2720,accepted=365,len=107,crc=937,field=60,dup=0,old=1252,ovf=0
2026-08-01 06:08:52.951667 DBG,RX,t=149080,event=CRC,bytes=121272,parsed=2721,accepted=365,len=107,crc=938,field=60,dup=0,old=1252,ovf=0
2026-08-01 06:08:52.952671 DBG,RX,t=149140,event=OLD_SEQ,bytes=121317,parsed=2722,accepted=365,len=107,crc=938,field=60,dup=0,old=1253,ovf=0
2026-08-01 06:08:52.953667 DBG,RX,t=149200,event=OLD_SEQ,bytes=121362,parsed=2723,accepted=365,len=107,crc=938,field=60,dup=0,old=1254,ovf=0
2026-08-01 06:08:52.954668 DBG,RX,t=149240,event=CRC,bytes=121411,parsed=2724,accepted=365,len=107,crc=939,field=60,dup=0,old=1254,ovf=0
2026-08-01 06:08:53.292311 DBG,RX,t=149300,event=OLD_SEQ,bytes=121456,parsed=2725,accepted=365,len=107,crc=939,field=60,dup=0,old=1255,ovf=0
2026-08-01 06:08:53.292311 DBG,RX,t=149340,event=CRC,bytes=121502,parsed=2726,accepted=365,len=107,crc=940,field=60,dup=0,old=1255,ovf=0
2026-08-01 06:08:53.293324 DBG,RX,t=149400,event=OLD_SEQ,bytes=121547,parsed=2727,accepted=365,len=107,crc=940,field=60,dup=0,old=1256,ovf=0
2026-08-01 06:08:53.294324 DBG,RX,t=149460,event=CRC,bytes=121593,parsed=2728,accepted=365,len=107,crc=941,field=60,dup=0,old=1256,ovf=0
2026-08-01 06:08:53.295322 DBG,RX,t=149500,event=CRC,bytes=121640,parsed=2729,accepted=365,len=107,crc=942,field=60,dup=0,old=1256,ovf=0
2026-08-01 06:08:53.295829 DBG,RX,t=149560,event=OLD_SEQ,bytes=121685,parsed=2730,accepted=365,len=107,crc=942,field=60,dup=0,old=1257,ovf=0
2026-08-01 06:08:53.561341 DBG,RX,t=149620,event=CRC,bytes=121731,parsed=2731,accepted=365,len=107,crc=943,field=60,dup=0,old=1257,ovf=0
2026-08-01 06:08:53.562359 DBG,RX,t=149660,event=CRC,bytes=121777,parsed=2732,accepted=365,len=107,crc=944,field=60,dup=0,old=1257,ovf=0
2026-08-01 06:08:53.563522 DBG,RX,t=149720,event=OLD_SEQ,bytes=121822,parsed=2733,accepted=365,len=107,crc=944,field=60,dup=0,old=1258,ovf=0
2026-08-01 06:08:53.564586 DBG,RX,t=149760,event=OLD_SEQ,bytes=121867,parsed=2734,accepted=365,len=107,crc=944,field=60,dup=0,old=1259,ovf=0
2026-08-01 06:08:53.565582 DBG,RX,t=149820,event=OLD_SEQ,bytes=121912,parsed=2735,accepted=365,len=107,crc=944,field=60,dup=0,old=1260,ovf=0
2026-08-01 06:08:53.823151 DBG,RX,t=149880,event=OLD_SEQ,bytes=121957,parsed=2736,accepted=365,len=107,crc=944,field=60,dup=0,old=1261,ovf=0
2026-08-01 06:08:53.824461 DBG,LIMIT,t=149920,count=3,dir=1,current=0,min=0,max=0,err=0
2026-08-01 06:08:53.826744 DBG,RX,t=149920,event=CRC,bytes=122003,parsed=2737,accepted=365,len=107,crc=945,field=60,dup=0,old=1261,ovf=0
2026-08-01 06:08:53.829255 DBG,RX,t=149980,event=CRC,bytes=122049,parsed=2738,accepted=365,len=107,crc=946,field=60,dup=0,old=1261,ovf=0
2026-08-01 06:08:53.831909 DBG,RX,t=150040,event=OLD_SEQ,bytes=122094,parsed=2739,accepted=365,len=107,crc=946,field=60,dup=0,old=1262,ovf=0
2026-08-01 06:08:53.833535 DBG,RX,t=150080,event=CRC,bytes=122140,parsed=2740,accepted=365,len=107,crc=947,field=60,dup=0,old=1262,ovf=0
2026-08-01 06:08:53.835068 DBG,RX,t=150140,event=OLD_SEQ,bytes=122185,parsed=2741,accepted=365,len=107,crc=947,field=60,dup=0,old=1263,ovf=0
2026-08-01 06:08:54.093473 DBG,RX,t=150200,event=OLD_SEQ,bytes=122230,parsed=2742,accepted=365,len=107,crc=947,field=60,dup=0,old=1264,ovf=0
2026-08-01 06:08:54.094484 DBG,RX,t=150260,event=CRC,bytes=122276,parsed=2743,accepted=365,len=107,crc=948,field=60,dup=0,old=1264,ovf=0
2026-08-01 06:08:54.095606 DBG,RX,t=150300,event=CRC,bytes=122325,parsed=2744,accepted=365,len=107,crc=949,field=60,dup=0,old=1264,ovf=0
2026-08-01 06:08:54.096617 DBG,RX,t=150360,event=OLD_SEQ,bytes=122370,parsed=2745,accepted=365,len=107,crc=949,field=60,dup=0,old=1265,ovf=0
2026-08-01 06:08:54.096617 DBG,RX,t=150400,event=CRC,bytes=122418,parsed=2746,accepted=365,len=107,crc=950,field=60,dup=0,old=1265,ovf=0
2026-08-01 06:08:54.367856 DBG,RX,t=150460,event=OLD_SEQ,bytes=122463,parsed=2747,accepted=365,len=107,crc=950,field=60,dup=0,old=1266,ovf=0
2026-08-01 06:08:54.369051 DBG,RX,t=150500,event=CRC,bytes=122510,parsed=2748,accepted=365,len=107,crc=951,field=60,dup=0,old=1266,ovf=0
2026-08-01 06:08:54.370065 DBG,RX,t=150560,event=OLD_SEQ,bytes=122555,parsed=2749,accepted=365,len=107,crc=951,field=60,dup=0,old=1267,ovf=0
2026-08-01 06:08:54.371169 DBG,RX,t=150620,event=OLD_SEQ,bytes=122600,parsed=2750,accepted=365,len=107,crc=951,field=60,dup=0,old=1268,ovf=0
2026-08-01 06:08:54.371169 DBG,RX,t=150660,event=CRC,bytes=122647,parsed=2751,accepted=365,len=107,crc=952,field=60,dup=0,old=1268,ovf=0
2026-08-01 06:08:54.631814 DBG,RX,t=150720,event=OLD_SEQ,bytes=122692,parsed=2752,accepted=365,len=107,crc=952,field=60,dup=0,old=1269,ovf=0
2026-08-01 06:08:54.633155 DBG,LIMIT,t=150740,count=4,dir=-1,current=0,min=0,max=0,err=0
2026-08-01 06:08:54.633155 DBG,RX,t=150780,event=OLD_SEQ,bytes=122737,parsed=2753,accepted=365,len=107,crc=952,field=60,dup=0,old=1270,ovf=0
2026-08-01 06:08:54.634399 DBG,RX,t=150820,event=CRC,bytes=122783,parsed=2754,accepted=365,len=107,crc=953,field=60,dup=0,old=1270,ovf=0
2026-08-01 06:08:54.636418 DBG,RX,t=150880,event=OLD_SEQ,bytes=122828,parsed=2755,accepted=365,len=107,crc=953,field=60,dup=0,old=1271,ovf=0
2026-08-01 06:08:54.637948 DBG,RX,t=150920,event=OLD_SEQ,bytes=122873,parsed=2756,accepted=365,len=107,crc=953,field=60,dup=0,old=1272,ovf=0
2026-08-01 06:08:54.919246 DBG,RX,t=150980,event=CRC,bytes=122919,parsed=2757,accepted=365,len=107,crc=954,field=60,dup=0,old=1272,ovf=0
2026-08-01 06:08:54.921369 DBG,RX,t=151040,event=OLD_SEQ,bytes=122964,parsed=2758,accepted=365,len=107,crc=954,field=60,dup=0,old=1273,ovf=0
2026-08-01 06:08:54.923383 DBG,RX,t=151080,event=CRC,bytes=123011,parsed=2759,accepted=365,len=107,crc=955,field=60,dup=0,old=1273,ovf=0
2026-08-01 06:08:54.924595 DBG,RX,t=151140,event=CRC,bytes=123057,parsed=2760,accepted=365,len=107,crc=956,field=60,dup=0,old=1273,ovf=0
2026-08-01 06:08:54.925606 DBG,RX,t=151200,event=CRC,bytes=123103,parsed=2761,accepted=365,len=107,crc=957,field=60,dup=0,old=1273,ovf=0
2026-08-01 06:08:55.197858 DBG,RX,t=151260,event=OLD_SEQ,bytes=123148,parsed=2762,accepted=365,len=107,crc=957,field=60,dup=0,old=1274,ovf=0
2026-08-01 06:08:55.198852 DBG,RX,t=151300,event=OLD_SEQ,bytes=123195,parsed=2763,accepted=365,len=107,crc=957,field=60,dup=0,old=1275,ovf=0
2026-08-01 06:08:55.199851 DBG,RX,t=151360,event=CRC,bytes=123242,parsed=2764,accepted=365,len=107,crc=958,field=60,dup=0,old=1275,ovf=0
2026-08-01 06:08:55.200361 DBG,RX,t=151420,event=OLD_SEQ,bytes=123287,parsed=2765,accepted=365,len=107,crc=958,field=60,dup=0,old=1276,ovf=0
2026-08-01 06:08:55.201378 DBG,RX,t=151460,event=CRC,bytes=123335,parsed=2766,accepted=365,len=107,crc=959,field=60,dup=0,old=1276,ovf=0
2026-08-01 06:08:55.203120 DBG,RX,t=151520,event=OLD_SEQ,bytes=123380,parsed=2767,accepted=365,len=107,crc=959,field=60,dup=0,old=1277,ovf=0
2026-08-01 06:08:55.462256 DBG,RX,t=151560,event=OLD_SEQ,bytes=123425,parsed=2768,accepted=365,len=107,crc=959,field=60,dup=0,old=1278,ovf=0
2026-08-01 06:08:55.464384 DBG,RX,t=151620,event=OLD_SEQ,bytes=123470,parsed=2769,accepted=365,len=107,crc=959,field=60,dup=0,old=1279,ovf=0
2026-08-01 06:08:55.465168 DBG,RX,t=151680,event=OLD_SEQ,bytes=123515,parsed=2770,accepted=365,len=107,crc=959,field=60,dup=0,old=1280,ovf=0
2026-08-01 06:08:55.465168 DBG,RX,t=151720,event=CRC,bytes=123561,parsed=2771,accepted=365,len=107,crc=960,field=60,dup=0,old=1280,ovf=0
2026-08-01 06:08:55.465168 DBG,RX,t=151780,event=OLD_SEQ,bytes=123606,parsed=2772,accepted=365,len=107,crc=960,field=60,dup=0,old=1281,ovf=0
2026-08-01 06:08:55.729217 DBG,RX,t=151840,event=OLD_SEQ,bytes=123651,parsed=2773,accepted=365,len=107,crc=960,field=60,dup=0,old=1282,ovf=0
2026-08-01 06:08:55.730754 DBG,RX,t=151880,event=OLD_SEQ,bytes=123696,parsed=2774,accepted=365,len=107,crc=960,field=60,dup=0,old=1283,ovf=0
2026-08-01 06:08:55.731892 DBG,RX,t=151940,event=OLD_SEQ,bytes=123741,parsed=2775,accepted=365,len=107,crc=960,field=60,dup=0,old=1284,ovf=0
2026-08-01 06:08:55.732893 DBG,RX,t=151980,event=OLD_SEQ,bytes=123786,parsed=2776,accepted=365,len=107,crc=960,field=60,dup=0,old=1285,ovf=0
2026-08-01 06:08:55.734021 DBG,RX,t=152040,event=OLD_SEQ,bytes=123831,parsed=2777,accepted=365,len=107,crc=960,field=60,dup=0,old=1286,ovf=0
2026-08-01 06:08:56.011070 DBG,RX,t=152100,event=OLD_SEQ,bytes=123876,parsed=2778,accepted=365,len=107,crc=960,field=60,dup=0,old=1287,ovf=0
2026-08-01 06:08:56.011070 DBG,RX,t=152140,event=CRC,bytes=123922,parsed=2779,accepted=365,len=107,crc=961,field=60,dup=0,old=1287,ovf=0
2026-08-01 06:08:56.013875 DBG,RX,t=152200,event=CRC,bytes=123968,parsed=2780,accepted=365,len=107,crc=962,field=60,dup=0,old=1287,ovf=0
2026-08-01 06:08:56.015535 DBG,RX,t=152260,event=OLD_SEQ,bytes=124013,parsed=2781,accepted=365,len=107,crc=962,field=60,dup=0,old=1288,ovf=0
2026-08-01 06:08:56.017192 DBG,RX,t=152300,event=OLD_SEQ,bytes=124058,parsed=2782,accepted=365,len=107,crc=962,field=60,dup=0,old=1289,ovf=0
2026-08-01 06:08:56.018704 DBG,RX,t=152360,event=CRC,bytes=124104,parsed=2783,accepted=365,len=107,crc=963,field=60,dup=0,old=1289,ovf=0
2026-08-01 06:08:56.293107 DBG,RX,t=152420,event=OLD_SEQ,bytes=124149,parsed=2784,accepted=365,len=107,crc=963,field=60,dup=0,old=1290,ovf=0
2026-08-01 06:08:56.294215 DBG,RX,t=152460,event=OLD_SEQ,bytes=124194,parsed=2785,accepted=365,len=107,crc=963,field=60,dup=0,old=1291,ovf=0
2026-08-01 06:08:56.295236 DBG,RX,t=152520,event=OLD_SEQ,bytes=124239,parsed=2786,accepted=365,len=107,crc=963,field=60,dup=0,old=1292,ovf=0
2026-08-01 06:08:56.296249 DBG,RX,t=152580,event=OLD_SEQ,bytes=124284,parsed=2787,accepted=365,len=107,crc=963,field=60,dup=0,old=1293,ovf=0
2026-08-01 06:08:56.297257 DBG,RX,t=152620,event=OLD_SEQ,bytes=124329,parsed=2788,accepted=365,len=107,crc=963,field=60,dup=0,old=1294,ovf=0
2026-08-01 06:08:56.582852 DBG,LIMIT,t=152680,count=5,dir=-1,current=0,min=0,max=0,err=0
2026-08-01 06:08:56.584359 DBG,RX,t=152680,event=OLD_SEQ,bytes=124374,parsed=2789,accepted=365,len=107,crc=963,field=60,dup=0,old=1295,ovf=0
2026-08-01 06:08:56.585435 DBG,RX,t=152720,event=LENGTH,bytes=124424,parsed=2790,accepted=365,len=108,crc=963,field=60,dup=0,old=1295,ovf=0
2026-08-01 06:08:56.586445 DBG,RX,t=152780,event=CRC,bytes=124471,parsed=2791,accepted=365,len=108,crc=964,field=60,dup=0,old=1295,ovf=0
2026-08-01 06:08:56.587445 DBG,RX,t=152840,event=OLD_SEQ,bytes=124516,parsed=2792,accepted=365,len=108,crc=964,field=60,dup=0,old=1296,ovf=0
2026-08-01 06:08:56.588445 DBG,RX,t=152880,event=CRC,bytes=124564,parsed=2793,accepted=365,len=108,crc=965,field=60,dup=0,old=1296,ovf=0
2026-08-01 06:08:56.840481 DBG,RX,t=152940,event=CRC,bytes=124611,parsed=2794,accepted=365,len=108,crc=966,field=60,dup=0,old=1296,ovf=0
2026-08-01 06:08:56.841493 DBG,RX,t=153000,event=OLD_SEQ,bytes=124656,parsed=2795,accepted=365,len=108,crc=966,field=60,dup=0,old=1297,ovf=0
2026-08-01 06:08:56.842491 DBG,RX,t=153040,event=CRC,bytes=124702,parsed=2796,accepted=365,len=108,crc=967,field=60,dup=0,old=1297,ovf=0
2026-08-01 06:08:56.843496 DBG,RX,t=153100,event=OLD_SEQ,bytes=124747,parsed=2797,accepted=365,len=108,crc=967,field=60,dup=0,old=1298,ovf=0
2026-08-01 06:08:56.843496 DBG,RX,t=153140,event=CRC,bytes=124793,parsed=2798,accepted=365,len=108,crc=968,field=60,dup=0,old=1298,ovf=0
2026-08-01 06:08:57.109319 DBG,RX,t=153200,event=CRC,bytes=124839,parsed=2799,accepted=365,len=108,crc=969,field=60,dup=0,old=1298,ovf=0
2026-08-01 06:08:57.109319 DBG,RX,t=153260,event=OLD_SEQ,bytes=124884,parsed=2800,accepted=365,len=108,crc=969,field=60,dup=0,old=1299,ovf=0
2026-08-01 06:08:57.111331 DBG,RX,t=153320,event=OLD_SEQ,bytes=124929,parsed=2801,accepted=365,len=108,crc=969,field=60,dup=0,old=1300,ovf=0
2026-08-01 06:08:57.113485 DBG,RX,t=153380,event=OLD_SEQ,bytes=124974,parsed=2802,accepted=365,len=108,crc=969,field=60,dup=0,old=1301,ovf=0
2026-08-01 06:08:57.114498 DBG,RX,t=153440,event=FIELD,bytes=125022,parsed=2803,accepted=365,len=108,crc=969,field=61,dup=0,old=1301,ovf=0
2026-08-01 06:08:57.365866 DBG,RX,t=153480,event=CRC,bytes=125068,parsed=2804,accepted=365,len=108,crc=970,field=61,dup=0,old=1301,ovf=0
2026-08-01 06:08:57.367378 DBG,LIMIT,t=153500,count=6,dir=-1,current=0,min=0,max=0,err=0
2026-08-01 06:08:57.368139 DBG,RX,t=153540,event=OLD_SEQ,bytes=125113,parsed=2805,accepted=365,len=108,crc=970,field=61,dup=0,old=1302,ovf=0
2026-08-01 06:08:57.370159 DBG,RX,t=153580,event=CRC,bytes=125159,parsed=2806,accepted=365,len=108,crc=971,field=61,dup=0,old=1302,ovf=0
2026-08-01 06:08:57.371393 DBG,RX,t=153640,event=OLD_SEQ,bytes=125204,parsed=2807,accepted=365,len=108,crc=971,field=61,dup=0,old=1303,ovf=0
2026-08-01 06:08:57.372699 DBG,RX,t=153680,event=OLD_SEQ,bytes=125249,parsed=2808,accepted=365,len=108,crc=971,field=61,dup=0,old=1304,ovf=0
2026-08-01 06:08:57.651582 DBG,RX,t=153740,event=CRC,bytes=125295,parsed=2809,accepted=365,len=108,crc=972,field=61,dup=0,old=1304,ovf=0
2026-08-01 06:08:57.651582 DBG,LIMIT,t=153760,count=7,dir=-1,current=0,min=0,max=0,err=0
2026-08-01 06:08:57.652801 DBG,RX,t=153800,event=OLD_SEQ,bytes=125340,parsed=2810,accepted=365,len=108,crc=972,field=61,dup=0,old=1305,ovf=0
2026-08-01 06:08:57.653815 DBG,RX,t=153840,event=OLD_SEQ,bytes=125385,parsed=2811,accepted=365,len=108,crc=972,field=61,dup=0,old=1306,ovf=0
2026-08-01 06:08:57.655130 DBG,RX,t=153900,event=OLD_SEQ,bytes=125430,parsed=2812,accepted=365,len=108,crc=972,field=61,dup=0,old=1307,ovf=0
2026-08-01 06:08:57.657103 DBG,RX,t=153960,event=OLD_SEQ,bytes=125475,parsed=2813,accepted=365,len=108,crc=972,field=61,dup=0,old=1308,ovf=0
2026-08-01 06:08:57.658116 DBG,RX,t=154000,event=OLD_SEQ,bytes=125520,parsed=2814,accepted=365,len=108,crc=972,field=61,dup=0,old=1309,ovf=0
2026-08-01 06:08:57.921987 DBG,RX,t=154060,event=CRC,bytes=125566,parsed=2815,accepted=365,len=108,crc=973,field=61,dup=0,old=1309,ovf=0
2026-08-01 06:08:57.923050 DBG,RX,t=154120,event=CRC,bytes=125613,parsed=2816,accepted=365,len=108,crc=974,field=61,dup=0,old=1309,ovf=0
2026-08-01 06:08:57.924145 DBG,RX,t=154160,event=OLD_SEQ,bytes=125658,parsed=2817,accepted=365,len=108,crc=974,field=61,dup=0,old=1310,ovf=0
2026-08-01 06:08:57.925139 DBG,RX,t=154220,event=OLD_SEQ,bytes=125703,parsed=2818,accepted=365,len=108,crc=974,field=61,dup=0,old=1311,ovf=0
2026-08-01 06:08:57.925648 DBG,RX,t=154260,event=LENGTH,bytes=125749,parsed=2819,accepted=365,len=109,crc=974,field=61,dup=0,old=1311,ovf=0
2026-08-01 06:08:58.199649 DBG,LIMIT,t=154320,count=8,dir=-1,current=0,min=0,max=0,err=0
2026-08-01 06:08:58.200648 DBG,RX,t=154320,event=CRC,bytes=125795,parsed=2820,accepted=365,len=109,crc=975,field=61,dup=0,old=1311,ovf=0
2026-08-01 06:08:58.201648 DBG,RX,t=154380,event=OLD_SEQ,bytes=125840,parsed=2821,accepted=365,len=109,crc=975,field=61,dup=0,old=1312,ovf=0
2026-08-01 06:08:58.202652 DBG,RX,t=154440,event=OLD_SEQ,bytes=125885,parsed=2822,accepted=365,len=109,crc=975,field=61,dup=0,old=1313,ovf=0
2026-08-01 06:08:58.203650 DBG,RX,t=154480,event=CRC,bytes=125932,parsed=2823,accepted=365,len=109,crc=976,field=61,dup=0,old=1313,ovf=0
2026-08-01 06:08:58.205162 DBG,RX,t=154540,event=OLD_SEQ,bytes=125977,parsed=2824,accepted=365,len=109,crc=976,field=61,dup=0,old=1314,ovf=0
2026-08-01 06:08:58.472391 DBG,LIMIT,t=154600,count=9,dir=-1,current=0,min=0,max=0,err=0
2026-08-01 06:08:58.473386 DBG,RX,t=154600,event=OLD_SEQ,bytes=126022,parsed=2825,accepted=365,len=109,crc=976,field=61,dup=0,old=1315,ovf=0
2026-08-01 06:08:58.474385 DBG,RX,t=154640,event=CRC,bytes=126071,parsed=2826,accepted=365,len=109,crc=977,field=61,dup=0,old=1315,ovf=0
2026-08-01 06:08:58.475385 DBG,RX,t=154700,event=OLD_SEQ,bytes=126116,parsed=2827,accepted=365,len=109,crc=977,field=61,dup=0,old=1316,ovf=0
2026-08-01 06:08:58.477467 DBG,RX,t=154740,event=LENGTH,bytes=126163,parsed=2828,accepted=365,len=110,crc=977,field=61,dup=0,old=1316,ovf=0
2026-08-01 06:08:58.478463 DBG,RX,t=154800,event=CRC,bytes=126209,parsed=2829,accepted=365,len=110,crc=978,field=61,dup=0,old=1316,ovf=0
2026-08-01 06:08:58.752893 DBG,RX,t=154860,event=CRC,bytes=126255,parsed=2830,accepted=365,len=110,crc=979,field=61,dup=0,old=1316,ovf=0
2026-08-01 06:08:58.753892 DBG,LIMIT,t=154880,count=10,dir=-1,current=0,min=0,max=0,err=0
2026-08-01 06:08:58.755560 DBG,RX,t=154900,event=OLD_SEQ,bytes=126300,parsed=2831,accepted=365,len=110,crc=979,field=61,dup=0,old=1317,ovf=0
2026-08-01 06:08:58.755560 DBG,RX,t=154960,event=OLD_SEQ,bytes=126345,parsed=2832,accepted=365,len=110,crc=979,field=61,dup=0,old=1318,ovf=0
2026-08-01 06:08:58.759078 DBG,RX,t=155020,event=OLD_SEQ,bytes=126390,parsed=2833,accepted=365,len=110,crc=979,field=61,dup=0,old=1319,ovf=0
2026-08-01 06:08:58.759078 DBG,RX,t=155060,event=CRC,bytes=126437,parsed=2834,accepted=365,len=110,crc=980,field=61,dup=0,old=1319,ovf=0
2026-08-01 06:08:58.760308 DBG,RX,t=155120,event=OLD_SEQ,bytes=126482,parsed=2835,accepted=365,len=110,crc=980,field=61,dup=0,old=1320,ovf=0
2026-08-01 06:08:59.026556 DBG,RX,t=155160,event=LENGTH,bytes=126529,parsed=2836,accepted=365,len=111,crc=980,field=61,dup=0,old=1320,ovf=0
2026-08-01 06:08:59.028217 DBG,RX,t=155220,event=OLD_SEQ,bytes=126574,parsed=2837,accepted=365,len=111,crc=980,field=61,dup=0,old=1321,ovf=0
2026-08-01 06:08:59.029229 DBG,RX,t=155280,event=OLD_SEQ,bytes=126619,parsed=2838,accepted=365,len=111,crc=980,field=61,dup=0,old=1322,ovf=0
2026-08-01 06:08:59.030229 DBG,RX,t=155320,event=CRC,bytes=126665,parsed=2839,accepted=365,len=111,crc=981,field=61,dup=0,old=1322,ovf=0
2026-08-01 06:08:59.030229 DBG,RX,t=155380,event=CRC,bytes=126711,parsed=2840,accepted=365,len=111,crc=982,field=61,dup=0,old=1322,ovf=0
2026-08-01 06:08:59.308823 DBG,RX,t=155440,event=OLD_SEQ,bytes=126756,parsed=2841,accepted=365,len=111,crc=982,field=61,dup=0,old=1323,ovf=0
2026-08-01 06:08:59.309333 DBG,LIMIT,t=155460,count=11,dir=-1,current=0,min=0,max=0,err=0
2026-08-01 06:08:59.310346 DBG,RX,t=155480,event=CRC,bytes=126802,parsed=2842,accepted=365,len=111,crc=983,field=61,dup=0,old=1323,ovf=0
2026-08-01 06:08:59.311350 DBG,RX,t=155540,event=OLD_SEQ,bytes=126847,parsed=2843,accepted=365,len=111,crc=983,field=61,dup=0,old=1324,ovf=0
2026-08-01 06:08:59.311350 DBG,RX,t=155600,event=OLD_SEQ,bytes=126892,parsed=2844,accepted=365,len=111,crc=983,field=61,dup=0,old=1325,ovf=0
2026-08-01 06:08:59.313578 DBG,RX,t=155660,event=OLD_SEQ,bytes=126937,parsed=2845,accepted=365,len=111,crc=983,field=61,dup=0,old=1326,ovf=0
2026-08-01 06:08:59.563256 DBG,RX,t=155700,event=LENGTH,bytes=126983,parsed=2846,accepted=365,len=112,crc=983,field=61,dup=0,old=1326,ovf=0
2026-08-01 06:08:59.564246 DBG,RX,t=155760,event=OLD_SEQ,bytes=127028,parsed=2847,accepted=365,len=112,crc=983,field=61,dup=0,old=1327,ovf=0
2026-08-01 06:08:59.565247 DBG,RX,t=155800,event=OLD_SEQ,bytes=127073,parsed=2848,accepted=365,len=112,crc=983,field=61,dup=0,old=1328,ovf=0
2026-08-01 06:08:59.566263 DBG,RX,t=155860,event=OLD_SEQ,bytes=127118,parsed=2849,accepted=365,len=112,crc=983,field=61,dup=0,old=1329,ovf=0
2026-08-01 06:08:59.566263 DBG,RX,t=155900,event=OLD_SEQ,bytes=127163,parsed=2850,accepted=365,len=112,crc=983,field=61,dup=0,old=1330,ovf=0
2026-08-01 06:08:59.853819 DBG,RX,t=155960,event=CRC,bytes=127211,parsed=2851,accepted=365,len=112,crc=984,field=61,dup=0,old=1330,ovf=0
2026-08-01 06:08:59.855419 DBG,LIMIT,t=156000,count=12,dir=-1,current=0,min=0,max=0,err=0
2026-08-01 06:08:59.855419 DBG,RX,t=156020,event=OLD_SEQ,bytes=127256,parsed=2852,accepted=365,len=112,crc=984,field=61,dup=0,old=1331,ovf=0
2026-08-01 06:08:59.856748 DBG,RX,t=156060,event=OLD_SEQ,bytes=127301,parsed=2853,accepted=365,len=112,crc=984,field=61,dup=0,old=1332,ovf=0
2026-08-01 06:08:59.857756 DBG,RX,t=156120,event=OLD_SEQ,bytes=127348,parsed=2854,accepted=365,len=112,crc=984,field=61,dup=0,old=1333,ovf=0
2026-08-01 06:08:59.858761 DBG,RX,t=156180,event=OLD_SEQ,bytes=127393,parsed=2855,accepted=365,len=112,crc=984,field=61,dup=0,old=1334,ovf=0
2026-08-01 06:08:59.860427 DBG,RX,t=156220,event=CRC,bytes=127439,parsed=2856,accepted=365,len=112,crc=985,field=61,dup=0,old=1334,ovf=0
2026-08-01 06:09:00.138263 DBG,LIMIT,t=156280,count=13,dir=-1,current=0,min=0,max=0,err=0
2026-08-01 06:09:00.140467 DBG,RX,t=156280,event=OLD_SEQ,bytes=127484,parsed=2857,accepted=365,len=112,crc=985,field=61,dup=0,old=1335,ovf=0
2026-08-01 06:09:00.142499 DBG,RX,t=156340,event=CRC,bytes=127530,parsed=2858,accepted=365,len=112,crc=986,field=61,dup=0,old=1335,ovf=0
2026-08-01 06:09:00.144519 DBG,RX,t=156380,event=OLD_SEQ,bytes=127575,parsed=2859,accepted=365,len=112,crc=986,field=61,dup=0,old=1336,ovf=0
2026-08-01 06:09:00.145675 DBG,RX,t=156440,event=CRC,bytes=127621,parsed=2860,accepted=365,len=112,crc=987,field=61,dup=0,old=1336,ovf=0
2026-08-01 06:09:00.146687 DBG,RX,t=156500,event=OLD_SEQ,bytes=127666,parsed=2861,accepted=365,len=112,crc=987,field=61,dup=0,old=1337,ovf=0
2026-08-01 06:09:00.427123 DBG,RX,t=156540,event=CRC,bytes=127712,parsed=2862,accepted=365,len=112,crc=988,field=61,dup=0,old=1337,ovf=0
2026-08-01 06:09:00.428136 DBG,LIMIT,t=156580,count=14,dir=-1,current=0,min=0,max=0,err=0
2026-08-01 06:09:00.429511 DBG,RX,t=156600,event=CRC,bytes=127758,parsed=2863,accepted=365,len=112,crc=989,field=61,dup=0,old=1337,ovf=0
2026-08-01 06:09:00.430491 DBG,RX,t=156660,event=CRC,bytes=127804,parsed=2864,accepted=365,len=112,crc=990,field=61,dup=0,old=1337,ovf=0
2026-08-01 06:09:00.430827 DBG,RX,t=156700,event=CRC,bytes=127850,parsed=2865,accepted=365,len=112,crc=991,field=61,dup=0,old=1337,ovf=0
2026-08-01 06:09:00.430827 DBG,RX,t=156760,event=OLD_SEQ,bytes=127895,parsed=2866,accepted=365,len=112,crc=991,field=61,dup=0,old=1338,ovf=0
2026-08-01 06:09:00.434068 DBG,RX,t=156820,event=CRC,bytes=127942,parsed=2867,accepted=365,len=112,crc=992,field=61,dup=0,old=1338,ovf=0
2026-08-01 06:09:00.719866 DBG,LIMIT,t=156860,count=15,dir=-1,current=0,min=0,max=0,err=0
2026-08-01 06:09:00.721056 DBG,RX,t=156860,event=OLD_SEQ,bytes=127987,parsed=2868,accepted=365,len=112,crc=992,field=61,dup=0,old=1339,ovf=0
2026-08-01 06:09:00.722163 DBG,RX,t=156920,event=OLD_SEQ,bytes=128032,parsed=2869,accepted=365,len=112,crc=992,field=61,dup=0,old=1340,ovf=0
2026-08-01 06:09:00.722163 DBG,RX,t=156960,event=CRC,bytes=128078,parsed=2870,accepted=365,len=112,crc=993,field=61,dup=0,old=1340,ovf=0
2026-08-01 06:09:00.722163 DBG,RX,t=157020,event=CRC,bytes=128124,parsed=2871,accepted=365,len=112,crc=994,field=61,dup=0,old=1340,ovf=0
2026-08-01 06:09:00.722163 DBG,RX,t=157080,event=CRC,bytes=128171,parsed=2872,accepted=365,len=112,crc=995,field=61,dup=0,old=1340,ovf=0
2026-08-01 06:09:00.725401 DBG,RX,t=157120,event=OLD_SEQ,bytes=128216,parsed=2873,accepted=365,len=112,crc=995,field=61,dup=0,old=1341,ovf=0
2026-08-01 06:09:00.986636 DBG,LIMIT,t=157160,count=16,dir=-1,current=0,min=0,max=0,err=0
2026-08-01 06:09:00.987644 DBG,RX,t=157180,event=OLD_SEQ,bytes=128261,parsed=2874,accepted=365,len=112,crc=995,field=61,dup=0,old=1342,ovf=0
2026-08-01 06:09:00.990165 DBG,RX,t=157240,event=CRC,bytes=128307,parsed=2875,accepted=365,len=112,crc=996,field=61,dup=0,old=1342,ovf=0
2026-08-01 06:09:00.990165 DBG,RX,t=157280,event=OLD_SEQ,bytes=128352,parsed=2876,accepted=365,len=112,crc=996,field=61,dup=0,old=1343,ovf=0
2026-08-01 06:09:00.991678 DBG,RX,t=157340,event=OLD_SEQ,bytes=128397,parsed=2877,accepted=365,len=112,crc=996,field=61,dup=0,old=1344,ovf=0
2026-08-01 06:09:00.992702 DBG,RX,t=157380,event=OLD_SEQ,bytes=128442,parsed=2878,accepted=365,len=112,crc=996,field=61,dup=0,old=1345,ovf=0
2026-08-01 06:09:01.242638 DBG,RX,t=157440,event=CRC,bytes=128491,parsed=2879,accepted=365,len=112,crc=997,field=61,dup=0,old=1345,ovf=0
2026-08-01 06:09:01.244329 DBG,RX,t=157500,event=OLD_SEQ,bytes=128536,parsed=2880,accepted=365,len=112,crc=997,field=61,dup=0,old=1346,ovf=0
2026-08-01 06:09:01.244329 DBG,RX,t=157560,event=OLD_SEQ,bytes=128581,parsed=2881,accepted=365,len=112,crc=997,field=61,dup=0,old=1347,ovf=0
2026-08-01 06:09:01.245595 DBG,RX,t=157600,event=CRC,bytes=128627,parsed=2882,accepted=365,len=112,crc=998,field=61,dup=0,old=1347,ovf=0
2026-08-01 06:09:01.513144 DBG,RX,t=157660,event=OLD_SEQ,bytes=128672,parsed=2883,accepted=365,len=112,crc=998,field=61,dup=0,old=1348,ovf=0
2026-08-01 06:09:01.514445 DBG,RX,t=157720,event=OLD_SEQ,bytes=128717,parsed=2884,accepted=365,len=112,crc=998,field=61,dup=0,old=1349,ovf=0
2026-08-01 06:09:01.514445 DBG,RX,t=157760,event=OLD_SEQ,bytes=128763,parsed=2885,accepted=365,len=112,crc=998,field=61,dup=0,old=1350,ovf=0
2026-08-01 06:09:01.515451 DBG,RX,t=157820,event=OLD_SEQ,bytes=128808,parsed=2886,accepted=365,len=112,crc=998,field=61,dup=0,old=1351,ovf=0
2026-08-01 06:09:01.516853 DBG,RX,t=157880,event=OLD_SEQ,bytes=128853,parsed=2887,accepted=365,len=112,crc=998,field=61,dup=0,old=1352,ovf=0
2026-08-01 06:09:01.517902 DBG,RX,t=157920,event=OLD_SEQ,bytes=128898,parsed=2888,accepted=365,len=112,crc=998,field=61,dup=0,old=1353,ovf=0
2026-08-01 06:09:01.772077 DBG,RX,t=157980,event=CRC,bytes=128945,parsed=2889,accepted=365,len=112,crc=999,field=61,dup=0,old=1353,ovf=0
2026-08-01 06:09:01.772586 DBG,RX,t=158020,event=CRC,bytes=128991,parsed=2890,accepted=365,len=112,crc=1000,field=61,dup=0,old=1353,ovf=0
2026-08-01 06:09:01.773598 DBG,RX,t=158080,event=OLD_SEQ,bytes=129036,parsed=2891,accepted=365,len=112,crc=1000,field=61,dup=0,old=1354,ovf=0
2026-08-01 06:09:01.775110 DBG,RX,t=158140,event=CRC,bytes=129083,parsed=2892,accepted=365,len=112,crc=1001,field=61,dup=0,old=1354,ovf=0
2026-08-01 06:09:01.776381 DBG,RX,t=158180,event=CRC,bytes=129130,parsed=2893,accepted=365,len=112,crc=1002,field=61,dup=0,old=1354,ovf=0
2026-08-01 06:09:02.066376 DBG,LIMIT,t=158220,count=17,dir=-1,current=0,min=0,max=0,err=0
2026-08-01 06:09:02.067376 DBG,RX,t=158240,event=LENGTH,bytes=129176,parsed=2894,accepted=365,len=113,crc=1002,field=61,dup=0,old=1354,ovf=0
2026-08-01 06:09:02.067886 DBG,RX,t=158300,event=CRC,bytes=129223,parsed=2895,accepted=365,len=113,crc=1003,field=61,dup=0,old=1354,ovf=0
2026-08-01 06:09:02.069753 DBG,RX,t=158340,event=OLD_SEQ,bytes=129268,parsed=2896,accepted=365,len=113,crc=1003,field=61,dup=0,old=1355,ovf=0
2026-08-01 06:09:02.070209 DBG,RX,t=158400,event=OLD_SEQ,bytes=129313,parsed=2897,accepted=365,len=113,crc=1003,field=61,dup=0,old=1356,ovf=0
2026-08-01 06:09:02.071354 DBG,RX,t=158440,event=CRC,bytes=129359,parsed=2898,accepted=365,len=113,crc=1004,field=61,dup=0,old=1356,ovf=0
2026-08-01 06:09:02.330935 DBG,RX,t=158500,event=OLD_SEQ,bytes=129404,parsed=2899,accepted=365,len=113,crc=1004,field=61,dup=0,old=1357,ovf=0
2026-08-01 06:09:02.332148 DBG,RX,t=158560,event=CRC,bytes=129452,parsed=2900,accepted=365,len=113,crc=1005,field=61,dup=0,old=1357,ovf=0
2026-08-01 06:09:02.332148 DBG,RX,t=158620,event=OLD_SEQ,bytes=129497,parsed=2901,accepted=365,len=113,crc=1005,field=61,dup=0,old=1358,ovf=0
2026-08-01 06:09:02.333614 DBG,RX,t=158680,event=FIELD,bytes=129543,parsed=2902,accepted=365,len=113,crc=1005,field=62,dup=0,old=1358,ovf=0
2026-08-01 06:09:02.335121 DBG,RX,t=158720,event=OLD_SEQ,bytes=129590,parsed=2903,accepted=365,len=113,crc=1005,field=62,dup=0,old=1359,ovf=0
2026-08-01 06:09:02.593149 DBG,RX,t=158780,event=OLD_SEQ,bytes=129635,parsed=2904,accepted=365,len=113,crc=1005,field=62,dup=0,old=1360,ovf=0
2026-08-01 06:09:02.594450 DBG,RX,t=158840,event=CRC,bytes=129682,parsed=2905,accepted=365,len=113,crc=1006,field=62,dup=0,old=1360,ovf=0
2026-08-01 06:09:02.595458 DBG,RX,t=158880,event=OLD_SEQ,bytes=129727,parsed=2906,accepted=365,len=113,crc=1006,field=62,dup=0,old=1361,ovf=0
2026-08-01 06:09:02.595974 DBG,RX,t=158940,event=OLD_SEQ,bytes=129772,parsed=2907,accepted=365,len=113,crc=1006,field=62,dup=0,old=1362,ovf=0
2026-08-01 06:09:02.596984 DBG,RX,t=158980,event=FIELD,bytes=129819,parsed=2908,accepted=365,len=113,crc=1006,field=63,dup=0,old=1362,ovf=0
2026-08-01 06:09:02.883019 DBG,RX,t=159040,event=OLD_SEQ,bytes=129864,parsed=2909,accepted=365,len=113,crc=1006,field=63,dup=0,old=1363,ovf=0
2026-08-01 06:09:02.884394 DBG,RX,t=159100,event=OLD_SEQ,bytes=129909,parsed=2910,accepted=365,len=113,crc=1006,field=63,dup=0,old=1364,ovf=0
2026-08-01 06:09:02.885508 DBG,RX,t=159140,event=CRC,bytes=129957,parsed=2911,accepted=365,len=113,crc=1007,field=63,dup=0,old=1364,ovf=0
2026-08-01 06:09:02.886636 DBG,RX,t=159200,event=OLD_SEQ,bytes=130002,parsed=2912,accepted=365,len=113,crc=1007,field=63,dup=0,old=1365,ovf=0
2026-08-01 06:09:02.887725 DBG,RX,t=159240,event=CRC,bytes=130048,parsed=2913,accepted=365,len=113,crc=1008,field=63,dup=0,old=1365,ovf=0
2026-08-01 06:09:02.888798 DBG,RX,t=159300,event=LENGTH,bytes=130096,parsed=2914,accepted=365,len=114,crc=1008,field=63,dup=0,old=1365,ovf=0
2026-08-01 06:09:05.043531 DBG,RX,t=159360,event=OLD_SEQ,bytes=130141,parsed=2915,accepted=365,len=114,crc=1008,field=63,dup=0,old=1366,ovf=0
2026-08-01 06:09:05.045054 DBG,RX,t=159400,event=OLD_SEQ,bytes=130186,parsed=2916,accepted=365,len=114,crc=1008,field=63,dup=0,old=1367,ovf=0
2026-08-01 06:09:05.046066 DBG,RX,t=159460,event=CRC,bytes=130234,parsed=2917,accepted=365,len=114,crc=1009,field=63,dup=0,old=1367,ovf=0
2026-08-01 06:09:05.047068 DBG,RX,t=159500,event=OLD_SEQ,bytes=130279,parsed=2918,accepted=365,len=114,crc=1009,field=63,dup=0,old=1368,ovf=0
2026-08-01 06:09:05.049080 DBG,RX,t=159560,event=OLD_SEQ,bytes=130324,parsed=2919,accepted=365,len=114,crc=1009,field=63,dup=0,old=1369,ovf=0
2026-08-01 06:09:05.050082 DBG,RX,t=159620,event=OLD_SEQ,bytes=130369,parsed=2920,accepted=365,len=114,crc=1009,field=63,dup=0,old=1370,ovf=0
2026-08-01 06:09:05.051081 DBG,RX,t=159680,event=OLD_SEQ,bytes=130414,parsed=2921,accepted=365,len=114,crc=1009,field=63,dup=0,old=1371,ovf=0
2026-08-01 06:09:05.052592 DBG,RX,t=159720,event=CRC,bytes=130460,parsed=2922,accepted=365,len=114,crc=1010,field=63,dup=0,old=1371,ovf=0
2026-08-01 06:09:05.052592 DBG,RX,t=159780,event=OLD_SEQ,bytes=130505,parsed=2923,accepted=365,len=114,crc=1010,field=63,dup=0,old=1372,ovf=0
2026-08-01 06:09:05.054125 DBG,RX,t=159820,event=OLD_SEQ,bytes=130550,parsed=2924,accepted=365,len=114,crc=1010,field=63,dup=0,old=1373,ovf=0
2026-08-01 06:09:05.055644 DBG,RX,t=159880,event=CRC,bytes=130596,parsed=2925,accepted=365,len=114,crc=1011,field=63,dup=0,old=1373,ovf=0
2026-08-01 06:09:05.056654 DBG,RX,t=159940,event=OLD_SEQ,bytes=130641,parsed=2926,accepted=365,len=114,crc=1011,field=63,dup=0,old=1374,ovf=0
2026-08-01 06:09:05.057653 DBG,RX,t=160000,event=CRC,bytes=130687,parsed=2927,accepted=365,len=114,crc=1012,field=63,dup=0,old=1374,ovf=0
2026-08-01 06:09:05.058660 DBG,RX,t=160040,event=OLD_SEQ,bytes=130732,parsed=2928,accepted=365,len=114,crc=1012,field=63,dup=0,old=1375,ovf=0
2026-08-01 06:09:05.058660 DBG,RX,t=160100,event=LENGTH,bytes=130778,parsed=2929,accepted=365,len=115,crc=1012,field=63,dup=0,old=1375,ovf=0
2026-08-01 06:09:05.060661 DBG,RX,t=160140,event=OLD_SEQ,bytes=130823,parsed=2930,accepted=365,len=115,crc=1012,field=63,dup=0,old=1376,ovf=0
2026-08-01 06:09:05.061659 DBG,RX,t=160200,event=CRC,bytes=130869,parsed=2931,accepted=365,len=115,crc=1013,field=63,dup=0,old=1376,ovf=0
2026-08-01 06:09:05.062660 DBG,RX,t=160260,event=CRC,bytes=130915,parsed=2932,accepted=365,len=115,crc=1014,field=63,dup=0,old=1376,ovf=0
2026-08-01 06:09:05.063659 DBG,RX,t=160300,event=CRC,bytes=130962,parsed=2933,accepted=365,len=115,crc=1015,field=63,dup=0,old=1376,ovf=0
2026-08-01 06:09:05.064660 DBG,RX,t=160360,event=OLD_SEQ,bytes=131007,parsed=2934,accepted=365,len=115,crc=1015,field=63,dup=0,old=1377,ovf=0
2026-08-01 06:09:05.065166 DBG,RX,t=160420,event=OLD_SEQ,bytes=131052,parsed=2935,accepted=365,len=115,crc=1015,field=63,dup=0,old=1378,ovf=0
2026-08-01 06:09:05.066177 DBG,RX,t=160460,event=OLD_SEQ,bytes=131097,parsed=2936,accepted=365,len=115,crc=1015,field=63,dup=0,old=1379,ovf=0
2026-08-01 06:09:05.067175 DBG,RX,t=160520,event=OLD_SEQ,bytes=131142,parsed=2937,accepted=365,len=115,crc=1015,field=63,dup=0,old=1380,ovf=0
2026-08-01 06:09:05.068184 DBG,RX,t=160560,event=CRC,bytes=131188,parsed=2938,accepted=365,len=115,crc=1016,field=63,dup=0,old=1380,ovf=0
2026-08-01 06:09:05.069185 DBG,RX,t=160620,event=CRC,bytes=131235,parsed=2939,accepted=365,len=115,crc=1017,field=63,dup=0,old=1380,ovf=0
2026-08-01 06:09:05.070185 DBG,RX,t=160680,event=LENGTH,bytes=131281,parsed=2940,accepted=365,len=116,crc=1017,field=63,dup=0,old=1380,ovf=0
2026-08-01 06:09:05.071184 DBG,RX,t=160740,event=CRC,bytes=131328,parsed=2941,accepted=365,len=116,crc=1018,field=63,dup=0,old=1380,ovf=0
2026-08-01 06:09:05.072184 DBG,RX,t=160780,event=CRC,bytes=131374,parsed=2942,accepted=365,len=116,crc=1019,field=63,dup=0,old=1380,ovf=0
2026-08-01 06:09:05.073185 DBG,RX,t=160840,event=CRC,bytes=131420,parsed=2943,accepted=365,len=116,crc=1020,field=63,dup=0,old=1380,ovf=0
2026-08-01 06:09:05.074183 DBG,RX,t=160900,event=OLD_SEQ,bytes=131465,parsed=2944,accepted=365,len=116,crc=1020,field=63,dup=0,old=1381,ovf=0
2026-08-01 06:09:05.074693 DBG,RX,t=160960,event=OLD_SEQ,bytes=131510,parsed=2945,accepted=365,len=116,crc=1020,field=63,dup=0,old=1382,ovf=0
2026-08-01 06:09:05.076212 DBG,RX,t=161000,event=CRC,bytes=131556,parsed=2946,accepted=365,len=116,crc=1021,field=63,dup=0,old=1382,ovf=0
2026-08-01 06:09:05.077211 DBG,RX,t=161060,event=OLD_SEQ,bytes=131601,parsed=2947,accepted=365,len=116,crc=1021,field=63,dup=0,old=1383,ovf=0
2026-08-01 06:09:05.078219 DBG,RX,t=161100,event=LENGTH,bytes=131647,parsed=2948,accepted=365,len=117,crc=1021,field=63,dup=0,old=1383,ovf=0
2026-08-01 06:09:05.079217 DBG,RX,t=161160,event=OLD_SEQ,bytes=131692,parsed=2949,accepted=365,len=117,crc=1021,field=63,dup=0,old=1384,ovf=0
2026-08-01 06:09:05.079217 DBG,RX,t=161200,event=CRC,bytes=131738,parsed=2950,accepted=365,len=117,crc=1022,field=63,dup=0,old=1384,ovf=0
2026-08-01 06:09:05.081219 DBG,RX,t=161260,event=CRC,bytes=131784,parsed=2951,accepted=365,len=117,crc=1023,field=63,dup=0,old=1384,ovf=0
2026-08-01 06:09:05.082220 DBG,RX,t=161320,event=OLD_SEQ,bytes=131829,parsed=2952,accepted=365,len=117,crc=1023,field=63,dup=0,old=1385,ovf=0
2026-08-01 06:09:05.082220 DBG,RX,t=161360,event=LENGTH,bytes=131876,parsed=2953,accepted=365,len=118,crc=1023,field=63,dup=0,old=1385,ovf=0
2026-08-01 06:09:05.084223 DBG,RX,t=161420,event=OLD_SEQ,bytes=131921,parsed=2954,accepted=365,len=118,crc=1023,field=63,dup=0,old=1386,ovf=0
2026-08-01 06:09:05.085220 DBG,RX,t=161480,event=OLD_SEQ,bytes=131966,parsed=2955,accepted=365,len=118,crc=1023,field=63,dup=0,old=1387,ovf=0
2026-08-01 06:09:05.370001 DBG,RX,t=161520,event=CRC,bytes=132012,parsed=2956,accepted=365,len=118,crc=1024,field=63,dup=0,old=1387,ovf=0
2026-08-01 06:09:05.371485 DBG,RX,t=161580,event=CRC,bytes=132058,parsed=2957,accepted=365,len=118,crc=1025,field=63,dup=0,old=1387,ovf=0
2026-08-01 06:09:05.372638 DBG,RX,t=161620,event=CRC,bytes=132106,parsed=2958,accepted=365,len=118,crc=1026,field=63,dup=0,old=1387,ovf=0
2026-08-01 06:09:05.372638 DBG,RX,t=161680,event=CRC,bytes=132153,parsed=2959,accepted=365,len=118,crc=1027,field=63,dup=0,old=1387,ovf=0
2026-08-01 06:09:05.374018 DBG,RX,t=161740,event=OLD_SEQ,bytes=132198,parsed=2960,accepted=365,len=118,crc=1027,field=63,dup=0,old=1388,ovf=0
2026-08-01 06:09:05.375013 DBG,RX,t=161800,event=OLD_SEQ,bytes=132243,parsed=2961,accepted=365,len=118,crc=1027,field=63,dup=0,old=1389,ovf=0
2026-08-01 06:09:05.665972 DBG,RX,t=161840,event=FIELD,bytes=132290,parsed=2962,accepted=365,len=118,crc=1027,field=64,dup=0,old=1389,ovf=0
2026-08-01 06:09:05.667744 DBG,RX,t=161900,event=OLD_SEQ,bytes=132335,parsed=2963,accepted=365,len=118,crc=1027,field=64,dup=0,old=1390,ovf=0
2026-08-01 06:09:05.667744 DBG,RX,t=161940,event=OLD_SEQ,bytes=132380,parsed=2964,accepted=365,len=118,crc=1027,field=64,dup=0,old=1391,ovf=0
2026-08-01 06:09:05.669925 DBG,RX,t=162000,event=OLD_SEQ,bytes=132425,parsed=2965,accepted=365,len=118,crc=1027,field=64,dup=0,old=1392,ovf=0
2026-08-01 06:09:05.670940 DBG,RX,t=162060,event=CRC,bytes=132472,parsed=2966,accepted=365,len=118,crc=1028,field=64,dup=0,old=1392,ovf=0
2026-08-01 06:09:05.672389 DBG,RX,t=162100,event=OLD_SEQ,bytes=132517,parsed=2967,accepted=365,len=118,crc=1028,field=64,dup=0,old=1393,ovf=0
2026-08-01 06:09:05.950955 DBG,RX,t=162160,event=OLD_SEQ,bytes=132562,parsed=2968,accepted=365,len=118,crc=1028,field=64,dup=0,old=1394,ovf=0
2026-08-01 06:09:05.951968 DBG,RX,t=162220,event=OLD_SEQ,bytes=132607,parsed=2969,accepted=365,len=118,crc=1028,field=64,dup=0,old=1395,ovf=0
2026-08-01 06:09:05.952965 DBG,RX,t=162260,event=OLD_SEQ,bytes=132652,parsed=2970,accepted=365,len=118,crc=1028,field=64,dup=0,old=1396,ovf=0
2026-08-01 06:09:05.953964 DBG,RX,t=162320,event=OLD_SEQ,bytes=132697,parsed=2971,accepted=365,len=118,crc=1028,field=64,dup=0,old=1397,ovf=0
2026-08-01 06:09:05.953964 DBG,RX,t=162360,event=OLD_SEQ,bytes=132742,parsed=2972,accepted=365,len=118,crc=1028,field=64,dup=0,old=1398,ovf=0
2026-08-01 06:09:06.224488 DBG,RX,t=162420,event=OLD_SEQ,bytes=132787,parsed=2973,accepted=365,len=118,crc=1028,field=64,dup=0,old=1399,ovf=0
2026-08-01 06:09:06.224997 DBG,RX,t=162480,event=OLD_SEQ,bytes=132832,parsed=2974,accepted=365,len=118,crc=1028,field=64,dup=0,old=1400,ovf=0
2026-08-01 06:09:06.226008 DBG,RX,t=162520,event=OLD_SEQ,bytes=132877,parsed=2975,accepted=365,len=118,crc=1028,field=64,dup=0,old=1401,ovf=0
2026-08-01 06:09:06.227872 DBG,RX,t=162580,event=OLD_SEQ,bytes=132922,parsed=2976,accepted=365,len=118,crc=1028,field=64,dup=0,old=1402,ovf=0
2026-08-01 06:09:06.228381 DBG,RX,t=162620,event=CRC,bytes=132969,parsed=2977,accepted=365,len=118,crc=1029,field=64,dup=0,old=1402,ovf=0
2026-08-01 06:09:06.229245 DBG,RX,t=162680,event=OLD_SEQ,bytes=133014,parsed=2978,accepted=365,len=118,crc=1029,field=64,dup=0,old=1403,ovf=0
2026-08-01 06:09:06.513200 DBG,RX,t=162740,event=OLD_SEQ,bytes=133059,parsed=2979,accepted=365,len=118,crc=1029,field=64,dup=0,old=1404,ovf=0
2026-08-01 06:09:06.514210 DBG,RX,t=162780,event=LENGTH,bytes=133105,parsed=2980,accepted=365,len=119,crc=1029,field=64,dup=0,old=1404,ovf=0
2026-08-01 06:09:06.515212 DBG,RX,t=162840,event=LENGTH,bytes=133152,parsed=2981,accepted=365,len=120,crc=1029,field=64,dup=0,old=1404,ovf=0
2026-08-01 06:09:06.516563 DBG,RX,t=162900,event=OLD_SEQ,bytes=133197,parsed=2982,accepted=365,len=120,crc=1029,field=64,dup=0,old=1405,ovf=0
2026-08-01 06:09:06.517576 DBG,RX,t=162940,event=OLD_SEQ,bytes=133242,parsed=2983,accepted=365,len=120,crc=1029,field=64,dup=0,old=1406,ovf=0
2026-08-01 06:09:06.798579 DBG,RX,t=163000,event=OLD_SEQ,bytes=133287,parsed=2984,accepted=365,len=120,crc=1029,field=64,dup=0,old=1407,ovf=0
2026-08-01 06:09:06.800272 DBG,RX,t=163060,event=OLD_SEQ,bytes=133332,parsed=2985,accepted=365,len=120,crc=1029,field=64,dup=0,old=1408,ovf=0
2026-08-01 06:09:06.801669 DBG,RX,t=163100,event=CRC,bytes=133380,parsed=2986,accepted=365,len=120,crc=1030,field=64,dup=0,old=1408,ovf=0
2026-08-01 06:09:06.801669 DBG,RX,t=163160,event=CRC,bytes=133427,parsed=2987,accepted=365,len=120,crc=1031,field=64,dup=0,old=1408,ovf=0
2026-08-01 06:09:06.803177 DBG,RX,t=163200,event=OLD_SEQ,bytes=133472,parsed=2988,accepted=365,len=120,crc=1031,field=64,dup=0,old=1409,ovf=0
2026-08-01 06:09:06.804432 DBG,RX,t=163260,event=CRC,bytes=133518,parsed=2989,accepted=365,len=120,crc=1032,field=64,dup=0,old=1409,ovf=0
2026-08-01 06:09:07.103256 DBG,RX,t=163320,event=OLD_SEQ,bytes=133563,parsed=2990,accepted=365,len=120,crc=1032,field=64,dup=0,old=1410,ovf=0
2026-08-01 06:09:07.105073 DBG,RX,t=163360,event=CRC,bytes=133610,parsed=2991,accepted=365,len=120,crc=1033,field=64,dup=0,old=1410,ovf=0
2026-08-01 06:09:07.105073 DBG,RX,t=163420,event=CRC,bytes=133656,parsed=2992,accepted=365,len=120,crc=1034,field=64,dup=0,old=1410,ovf=0
2026-08-01 06:09:07.106085 DBG,RX,t=163480,event=OLD_SEQ,bytes=133701,parsed=2993,accepted=365,len=120,crc=1034,field=64,dup=0,old=1411,ovf=0
2026-08-01 06:09:07.107899 DBG,RX,t=163520,event=CRC,bytes=133747,parsed=2994,accepted=365,len=120,crc=1035,field=64,dup=0,old=1411,ovf=0
2026-08-01 06:09:07.108912 DBG,RX,t=163580,event=OLD_SEQ,bytes=133792,parsed=2995,accepted=365,len=120,crc=1035,field=64,dup=0,old=1412,ovf=0
2026-08-01 06:09:07.373471 DBG,RX,t=163620,event=OLD_SEQ,bytes=133837,parsed=2996,accepted=365,len=120,crc=1035,field=64,dup=0,old=1413,ovf=0
2026-08-01 06:09:07.374981 DBG,RX,t=163680,event=OLD_SEQ,bytes=133882,parsed=2997,accepted=365,len=120,crc=1035,field=64,dup=0,old=1414,ovf=0
2026-08-01 06:09:07.376048 DBG,RX,t=163740,event=OLD_SEQ,bytes=133927,parsed=2998,accepted=365,len=120,crc=1035,field=64,dup=0,old=1415,ovf=0
2026-08-01 06:09:07.377039 DBG,RX,t=163780,event=CRC,bytes=133974,parsed=2999,accepted=365,len=120,crc=1036,field=64,dup=0,old=1415,ovf=0
2026-08-01 06:09:07.378450 DBG,RX,t=163860,event=OLD_SEQ,bytes=134019,parsed=3000,accepted=365,len=120,crc=1036,field=64,dup=0,old=1416,ovf=0
2026-08-01 06:09:07.693688 DBG,RX,t=163920,event=OLD_SEQ,bytes=134064,parsed=3001,accepted=365,len=120,crc=1036,field=64,dup=0,old=1417,ovf=0
2026-08-01 06:09:07.695477 DBG,RX,t=163960,event=CRC,bytes=134110,parsed=3002,accepted=365,len=120,crc=1037,field=64,dup=0,old=1417,ovf=0
2026-08-01 06:09:07.695477 DBG,RX,t=164020,event=OLD_SEQ,bytes=134155,parsed=3003,accepted=365,len=120,crc=1037,field=64,dup=0,old=1418,ovf=0
2026-08-01 06:09:07.698329 DBG,RX,t=164080,event=OLD_SEQ,bytes=134200,parsed=3004,accepted=365,len=120,crc=1037,field=64,dup=0,old=1419,ovf=0
2026-08-01 06:09:07.699344 DBG,RX,t=164120,event=OLD_SEQ,bytes=134245,parsed=3005,accepted=365,len=120,crc=1037,field=64,dup=0,old=1420,ovf=0
2026-08-01 06:09:07.700345 DBG,RX,t=164180,event=OLD_SEQ,bytes=134290,parsed=3006,accepted=365,len=120,crc=1037,field=64,dup=0,old=1421,ovf=0
2026-08-01 06:09:07.995296 DBG,RX,t=164240,event=OLD_SEQ,bytes=134335,parsed=3007,accepted=365,len=120,crc=1037,field=64,dup=0,old=1422,ovf=0
2026-08-01 06:09:07.995815 DBG,RX,t=164280,event=OLD_SEQ,bytes=134382,parsed=3008,accepted=365,len=120,crc=1037,field=64,dup=0,old=1423,ovf=0
2026-08-01 06:09:07.996828 DBG,RX,t=164340,event=OLD_SEQ,bytes=134427,parsed=3009,accepted=365,len=120,crc=1037,field=64,dup=0,old=1424,ovf=0
2026-08-01 06:09:07.998333 DBG,RX,t=164380,event=OLD_SEQ,bytes=134472,parsed=3010,accepted=365,len=120,crc=1037,field=64,dup=0,old=1425,ovf=0
2026-08-01 06:09:07.999347 DBG,RX,t=164440,event=OLD_SEQ,bytes=134517,parsed=3011,accepted=365,len=120,crc=1037,field=64,dup=0,old=1426,ovf=0
2026-08-01 06:09:08.000345 DBG,RX,t=164480,event=CRC,bytes=134563,parsed=3012,accepted=365,len=120,crc=1038,field=64,dup=0,old=1426,ovf=0
2026-08-01 06:09:08.272398 DBG,RX,t=164540,event=OLD_SEQ,bytes=134608,parsed=3013,accepted=365,len=120,crc=1038,field=64,dup=0,old=1427,ovf=0
2026-08-01 06:09:08.272398 DBG,RX,t=164600,event=OLD_SEQ,bytes=134653,parsed=3014,accepted=365,len=120,crc=1038,field=64,dup=0,old=1428,ovf=0
2026-08-01 06:09:08.272398 DBG,RX,t=164660,event=OLD_SEQ,bytes=134698,parsed=3015,accepted=365,len=120,crc=1038,field=64,dup=0,old=1429,ovf=0
2026-08-01 06:09:08.275093 DBG,RX,t=164700,event=CRC,bytes=134744,parsed=3016,accepted=365,len=120,crc=1039,field=64,dup=0,old=1429,ovf=0
2026-08-01 06:09:08.276153 DBG,RX,t=164760,event=OLD_SEQ,bytes=134789,parsed=3017,accepted=365,len=120,crc=1039,field=64,dup=0,old=1430,ovf=0
2026-08-01 06:09:08.524344 DBG,RX,t=164800,event=CRC,bytes=134836,parsed=3018,accepted=365,len=120,crc=1040,field=64,dup=0,old=1430,ovf=0
2026-08-01 06:09:08.525519 DBG,RX,t=164860,event=OLD_SEQ,bytes=134882,parsed=3019,accepted=365,len=120,crc=1040,field=64,dup=0,old=1431,ovf=0
2026-08-01 06:09:08.525519 DBG,RX,t=164920,event=OLD_SEQ,bytes=134927,parsed=3020,accepted=365,len=120,crc=1040,field=64,dup=0,old=1432,ovf=0
2026-08-01 06:09:08.525519 DBG,RX,t=164980,event=OLD_SEQ,bytes=134972,parsed=3021,accepted=365,len=120,crc=1040,field=64,dup=0,old=1433,ovf=0
2026-08-01 06:09:08.525519 DBG,RX,t=165020,event=OLD_SEQ,bytes=135017,parsed=3022,accepted=365,len=120,crc=1040,field=64,dup=0,old=1434,ovf=0
2026-08-01 06:09:08.792587 DBG,RX,t=165080,event=OLD_SEQ,bytes=135062,parsed=3023,accepted=365,len=120,crc=1040,field=64,dup=0,old=1435,ovf=0
2026-08-01 06:09:08.793581 DBG,RX,t=165120,event=CRC,bytes=135110,parsed=3024,accepted=365,len=120,crc=1041,field=64,dup=0,old=1435,ovf=0
2026-08-01 06:09:08.794984 DBG,RX,t=165180,event=OLD_SEQ,bytes=135155,parsed=3025,accepted=365,len=120,crc=1041,field=64,dup=0,old=1436,ovf=0
2026-08-01 06:09:08.796998 DBG,RX,t=165240,event=OLD_SEQ,bytes=135200,parsed=3026,accepted=365,len=120,crc=1041,field=64,dup=0,old=1437,ovf=0
2026-08-01 06:09:08.797996 DBG,RX,t=165280,event=OLD_SEQ,bytes=135245,parsed=3027,accepted=365,len=120,crc=1041,field=64,dup=0,old=1438,ovf=0
2026-08-01 06:09:09.063458 DBG,RX,t=165340,event=OLD_SEQ,bytes=135290,parsed=3028,accepted=365,len=120,crc=1041,field=64,dup=0,old=1439,ovf=0
2026-08-01 06:09:09.064808 DBG,RX,t=165400,event=OLD_SEQ,bytes=135335,parsed=3029,accepted=365,len=120,crc=1041,field=64,dup=0,old=1440,ovf=0
2026-08-01 06:09:09.065378 DBG,RX,t=165440,event=CRC,bytes=135383,parsed=3030,accepted=365,len=120,crc=1042,field=64,dup=0,old=1440,ovf=0
2026-08-01 06:09:09.066389 DBG,RX,t=165500,event=OLD_SEQ,bytes=135428,parsed=3031,accepted=365,len=120,crc=1042,field=64,dup=0,old=1441,ovf=0
2026-08-01 06:09:09.067390 DBG,RX,t=165540,event=CRC,bytes=135474,parsed=3032,accepted=365,len=120,crc=1043,field=64,dup=0,old=1441,ovf=0
2026-08-01 06:09:09.366476 DBG,RX,t=165600,event=FIELD,bytes=135521,parsed=3033,accepted=365,len=120,crc=1043,field=65,dup=0,old=1441,ovf=0
2026-08-01 06:09:09.368445 DBG,RX,t=165640,event=CRC,bytes=135567,parsed=3034,accepted=365,len=120,crc=1044,field=65,dup=0,old=1441,ovf=0
2026-08-01 06:09:09.369740 DBG,RX,t=165700,event=CRC,bytes=135613,parsed=3035,accepted=365,len=120,crc=1045,field=65,dup=0,old=1441,ovf=0
2026-08-01 06:09:09.370735 DBG,RX,t=165760,event=OLD_SEQ,bytes=135658,parsed=3036,accepted=365,len=120,crc=1045,field=65,dup=0,old=1442,ovf=0
2026-08-01 06:09:09.371736 DBG,RX,t=165800,event=CRC,bytes=135704,parsed=3037,accepted=365,len=120,crc=1046,field=65,dup=0,old=1442,ovf=0
2026-08-01 06:09:09.371736 DBG,RX,t=165860,event=OLD_SEQ,bytes=135749,parsed=3038,accepted=365,len=120,crc=1046,field=65,dup=0,old=1443,ovf=0
2026-08-01 06:09:09.675072 DBG,RX,t=165920,event=OLD_SEQ,bytes=135794,parsed=3039,accepted=365,len=120,crc=1046,field=65,dup=0,old=1444,ovf=0
2026-08-01 06:09:09.675072 DBG,RX,t=165980,event=CRC,bytes=135840,parsed=3040,accepted=365,len=120,crc=1047,field=65,dup=0,old=1444,ovf=0
2026-08-01 06:09:09.676607 DBG,RX,t=166020,event=OLD_SEQ,bytes=135885,parsed=3041,accepted=365,len=120,crc=1047,field=65,dup=0,old=1445,ovf=0
2026-08-01 06:09:09.678489 DBG,RX,t=166080,event=OLD_SEQ,bytes=135930,parsed=3042,accepted=365,len=120,crc=1047,field=65,dup=0,old=1446,ovf=0
2026-08-01 06:09:09.679503 DBG,RX,t=166140,event=OLD_SEQ,bytes=135975,parsed=3043,accepted=365,len=120,crc=1047,field=65,dup=0,old=1447,ovf=0
2026-08-01 06:09:11.819274 DBG,RX,t=166240,event=OLD_SEQ,bytes=136067,parsed=3045,accepted=366,len=120,crc=1047,field=65,dup=0,old=1448,ovf=0
2026-08-01 06:09:11.821036 DBG,RX,t=166280,event=CRC,bytes=136113,parsed=3046,accepted=366,len=120,crc=1048,field=65,dup=0,old=1448,ovf=0
2026-08-01 06:09:11.822406 DBG,RX,t=166340,event=OLD_SEQ,bytes=136158,parsed=3047,accepted=366,len=120,crc=1048,field=65,dup=0,old=1449,ovf=0
2026-08-01 06:09:11.822406 DBG,RX,t=166380,event=OLD_SEQ,bytes=136203,parsed=3048,accepted=366,len=120,crc=1048,field=65,dup=0,old=1450,ovf=0
2026-08-01 06:09:11.822406 DBG,RX,t=166440,event=OLD_SEQ,bytes=136249,parsed=3049,accepted=366,len=120,crc=1048,field=65,dup=0,old=1451,ovf=0
2026-08-01 06:09:11.825729 DBG,RX,t=166500,event=OLD_SEQ,bytes=136294,parsed=3050,accepted=366,len=120,crc=1048,field=65,dup=0,old=1452,ovf=0
2026-08-01 06:09:11.826875 DBG,RX,t=166560,event=CRC,bytes=136340,parsed=3051,accepted=366,len=120,crc=1049,field=65,dup=0,old=1452,ovf=0
2026-08-01 06:09:11.828484 DBG,RX,t=166600,event=CRC,bytes=136386,parsed=3052,accepted=366,len=120,crc=1050,field=65,dup=0,old=1452,ovf=0
2026-08-01 06:09:11.829323 DBG,RX,t=166660,event=OLD_SEQ,bytes=136431,parsed=3053,accepted=366,len=120,crc=1050,field=65,dup=0,old=1453,ovf=0
2026-08-01 06:09:11.830854 DBG,RX,t=166700,event=CRC,bytes=136477,parsed=3054,accepted=366,len=120,crc=1051,field=65,dup=0,old=1453,ovf=0
2026-08-01 06:09:11.832855 DBG,RX,t=166760,event=OLD_SEQ,bytes=136522,parsed=3055,accepted=366,len=120,crc=1051,field=65,dup=0,old=1454,ovf=0
2026-08-01 06:09:11.833853 DBG,RX,t=166820,event=OLD_SEQ,bytes=136567,parsed=3056,accepted=366,len=120,crc=1051,field=65,dup=0,old=1455,ovf=0
2026-08-01 06:09:11.836511 DBG,RX,t=166860,event=OLD_SEQ,bytes=136612,parsed=3057,accepted=366,len=120,crc=1051,field=65,dup=0,old=1456,ovf=0
2026-08-01 06:09:11.837877 DBG,RX,t=166920,event=OLD_SEQ,bytes=136657,parsed=3058,accepted=366,len=120,crc=1051,field=65,dup=0,old=1457,ovf=0
2026-08-01 06:09:11.839923 DBG,RX,t=166980,event=OLD_SEQ,bytes=136702,parsed=3059,accepted=366,len=120,crc=1051,field=65,dup=0,old=1458,ovf=0
2026-08-01 06:09:11.841014 DBG,RX,t=167040,event=OLD_SEQ,bytes=136747,parsed=3060,accepted=366,len=120,crc=1051,field=65,dup=0,old=1459,ovf=0
2026-08-01 06:09:11.843015 DBG,RX,t=167080,event=CRC,bytes=136794,parsed=3061,accepted=366,len=120,crc=1052,field=65,dup=0,old=1459,ovf=0
2026-08-01 06:09:11.844011 DBG,RX,t=167140,event=OLD_SEQ,bytes=136839,parsed=3062,accepted=366,len=120,crc=1052,field=65,dup=0,old=1460,ovf=0
2026-08-01 06:09:11.845527 DBG,RX,t=167200,event=OLD_SEQ,bytes=136884,parsed=3063,accepted=366,len=120,crc=1052,field=65,dup=0,old=1461,ovf=0
2026-08-01 06:09:11.847291 DBG,RX,t=167240,event=OLD_SEQ,bytes=136929,parsed=3064,accepted=366,len=120,crc=1052,field=65,dup=0,old=1462,ovf=0
2026-08-01 06:09:11.848897 DBG,RX,t=167300,event=OLD_SEQ,bytes=136974,parsed=3065,accepted=366,len=120,crc=1052,field=65,dup=0,old=1463,ovf=0
2026-08-01 06:09:11.849908 DBG,RX,t=167360,event=CRC,bytes=137020,parsed=3066,accepted=366,len=120,crc=1053,field=65,dup=0,old=1463,ovf=0
2026-08-01 06:09:11.850922 DBG,RX,t=167400,event=CRC,bytes=137066,parsed=3067,accepted=366,len=120,crc=1054,field=65,dup=0,old=1463,ovf=0
2026-08-01 06:09:11.851910 DBG,RX,t=167460,event=OLD_SEQ,bytes=137111,parsed=3068,accepted=366,len=120,crc=1054,field=65,dup=0,old=1464,ovf=0
2026-08-01 06:09:11.852910 DBG,RX,t=167520,event=CRC,bytes=137157,parsed=3069,accepted=366,len=120,crc=1055,field=65,dup=0,old=1464,ovf=0
2026-08-01 06:09:11.853909 DBG,RX,t=167560,event=CRC,bytes=137205,parsed=3070,accepted=366,len=120,crc=1056,field=65,dup=0,old=1464,ovf=0
2026-08-01 06:09:11.854910 DBG,RX,t=167620,event=OLD_SEQ,bytes=137250,parsed=3071,accepted=366,len=120,crc=1056,field=65,dup=0,old=1465,ovf=0
2026-08-01 06:09:11.856229 DBG,RX,t=167660,event=OLD_SEQ,bytes=137295,parsed=3072,accepted=366,len=120,crc=1056,field=65,dup=0,old=1466,ovf=0
2026-08-01 06:09:11.857618 DBG,RX,t=167720,event=CRC,bytes=137342,parsed=3073,accepted=366,len=120,crc=1057,field=65,dup=0,old=1466,ovf=0
2026-08-01 06:09:11.859453 DBG,RX,t=167760,event=CRC,bytes=137388,parsed=3074,accepted=366,len=120,crc=1058,field=65,dup=0,old=1466,ovf=0
2026-08-01 06:09:11.860750 DBG,RX,t=167820,event=CRC,bytes=137434,parsed=3075,accepted=366,len=120,crc=1059,field=65,dup=0,old=1466,ovf=0
2026-08-01 06:09:11.862055 DBG,RX,t=167880,event=OLD_SEQ,bytes=137479,parsed=3076,accepted=366,len=120,crc=1059,field=65,dup=0,old=1467,ovf=0
2026-08-01 06:09:11.862055 DBG,RX,t=167920,event=CRC,bytes=137525,parsed=3077,accepted=366,len=120,crc=1060,field=65,dup=0,old=1467,ovf=0
2026-08-01 06:09:11.863743 DBG,RX,t=167980,event=OLD_SEQ,bytes=137570,parsed=3078,accepted=366,len=120,crc=1060,field=65,dup=0,old=1468,ovf=0
2026-08-01 06:09:11.865250 DBG,RX,t=168040,event=OLD_SEQ,bytes=137615,parsed=3079,accepted=366,len=120,crc=1060,field=65,dup=0,old=1469,ovf=0
2026-08-01 06:09:11.866632 DBG,RX,t=168080,event=CRC,bytes=137662,parsed=3080,accepted=366,len=120,crc=1061,field=65,dup=0,old=1469,ovf=0
2026-08-01 06:09:11.867656 DBG,RX,t=168140,event=CRC,bytes=137709,parsed=3081,accepted=366,len=120,crc=1062,field=65,dup=0,old=1469,ovf=0
2026-08-01 06:09:11.867656 DBG,RX,t=168200,event=OLD_SEQ,bytes=137754,parsed=3082,accepted=366,len=120,crc=1062,field=65,dup=0,old=1470,ovf=0
2026-08-01 06:09:11.869737 DBG,RX,t=168240,event=OLD_SEQ,bytes=137799,parsed=3083,accepted=366,len=120,crc=1062,field=65,dup=0,old=1471,ovf=0
2026-08-01 06:09:11.870828 DBG,RX,t=168300,event=OLD_SEQ,bytes=137844,parsed=3084,accepted=366,len=120,crc=1062,field=65,dup=0,old=1472,ovf=0
2026-08-01 06:09:12.132162 DBG,RX,t=168360,event=CRC,bytes=137890,parsed=3085,accepted=366,len=120,crc=1063,field=65,dup=0,old=1472,ovf=0
2026-08-01 06:09:12.135162 DBG,RX,t=168400,event=CRC,bytes=137937,parsed=3086,accepted=366,len=120,crc=1064,field=65,dup=0,old=1472,ovf=0
2026-08-01 06:09:12.136874 DBG,RX,t=168460,event=CRC,bytes=137983,parsed=3087,accepted=366,len=120,crc=1065,field=65,dup=0,old=1472,ovf=0
2026-08-01 06:09:12.137217 DBG,RX,t=168500,event=OLD_SEQ,bytes=138028,parsed=3088,accepted=366,len=120,crc=1065,field=65,dup=0,old=1473,ovf=0
2026-08-01 06:09:12.138326 DBG,RX,t=168620,event=CRC,bytes=138122,parsed=3090,accepted=367,len=120,crc=1066,field=65,dup=0,old=1473,ovf=0
2026-08-01 06:09:12.139325 DBG,RX,t=168660,event=OLD_SEQ,bytes=138167,parsed=3091,accepted=367,len=120,crc=1066,field=65,dup=0,old=1474,ovf=0
2026-08-01 06:09:12.402632 DBG,LIMIT,t=168700,count=19,dir=1,current=0,min=0,max=0,err=0
2026-08-01 06:09:12.402632 DBG,LIMIT,t=168720,count=20,dir=1,current=0,min=0,max=0,err=0
2026-08-01 06:09:12.404929 DBG,RX,t=168720,event=OLD_SEQ,bytes=138212,parsed=3092,accepted=367,len=120,crc=1066,field=65,dup=0,old=1475,ovf=0
2026-08-01 06:09:12.404929 DBG,RX,t=168780,event=OLD_SEQ,bytes=138257,parsed=3093,accepted=367,len=120,crc=1066,field=65,dup=0,old=1476,ovf=0
2026-08-01 06:09:12.406953 DBG,RX,t=168820,event=OLD_SEQ,bytes=138302,parsed=3094,accepted=367,len=120,crc=1066,field=65,dup=0,old=1477,ovf=0
2026-08-01 06:09:12.406953 DBG,RX,t=168880,event=OLD_SEQ,bytes=138347,parsed=3095,accepted=367,len=120,crc=1066,field=65,dup=0,old=1478,ovf=0
2026-08-01 06:09:12.408971 DBG,RX,t=168920,event=CRC,bytes=138394,parsed=3096,accepted=367,len=120,crc=1067,field=65,dup=0,old=1478,ovf=0
2026-08-01 06:09:12.947507 DBG,RX,t=168980,event=OLD_SEQ,bytes=138439,parsed=3097,accepted=367,len=120,crc=1067,field=65,dup=0,old=1479,ovf=0
2026-08-01 06:09:12.948516 DBG,RX,t=169040,event=OLD_SEQ,bytes=138484,parsed=3098,accepted=367,len=120,crc=1067,field=65,dup=0,old=1480,ovf=0
2026-08-01 06:09:12.950878 DBG,RX,t=169080,event=OLD_SEQ,bytes=138529,parsed=3099,accepted=367,len=120,crc=1067,field=65,dup=0,old=1481,ovf=0
2026-08-01 06:09:12.952313 DBG,RX,t=169160,event=CRC,bytes=138576,parsed=3100,accepted=367,len=120,crc=1068,field=65,dup=0,old=1481,ovf=0
2026-08-01 06:09:12.953310 DBG,RX,t=169200,event=CRC,bytes=138624,parsed=3101,accepted=367,len=120,crc=1069,field=65,dup=0,old=1481,ovf=0
2026-08-01 06:09:12.954312 DBG,RX,t=169260,event=OLD_SEQ,bytes=138669,parsed=3102,accepted=367,len=120,crc=1069,field=65,dup=0,old=1482,ovf=0
2026-08-01 06:09:12.955310 DBG,RX,t=169320,event=OLD_SEQ,bytes=138714,parsed=3103,accepted=367,len=120,crc=1069,field=65,dup=0,old=1483,ovf=0
2026-08-01 06:09:12.956693 DBG,RX,t=169360,event=CRC,bytes=138760,parsed=3104,accepted=367,len=120,crc=1070,field=65,dup=0,old=1483,ovf=0
2026-08-01 06:09:12.957704 DBG,RX,t=169420,event=OLD_SEQ,bytes=138805,parsed=3105,accepted=367,len=120,crc=1070,field=65,dup=0,old=1484,ovf=0
2026-08-01 06:09:12.959172 DBG,RX,t=169460,event=OLD_SEQ,bytes=138850,parsed=3106,accepted=367,len=120,crc=1070,field=65,dup=0,old=1485,ovf=0
2026-08-01 06:09:13.698233 DBG,RX,t=169520,event=OLD_SEQ,bytes=138895,parsed=3107,accepted=367,len=120,crc=1070,field=65,dup=0,old=1486,ovf=0
2026-08-01 06:09:13.701310 DBG,RX,t=169580,event=OLD_SEQ,bytes=138940,parsed=3108,accepted=367,len=120,crc=1070,field=65,dup=0,old=1487,ovf=0
2026-08-01 06:09:13.702348 DBG,RX,t=169620,event=FIELD,bytes=138987,parsed=3109,accepted=367,len=120,crc=1070,field=66,dup=0,old=1487,ovf=0
2026-08-01 06:09:13.703387 DBG,RX,t=169680,event=OLD_SEQ,bytes=139032,parsed=3110,accepted=367,len=120,crc=1070,field=66,dup=0,old=1488,ovf=0
2026-08-01 06:09:13.703387 DBG,RX,t=169740,event=OLD_SEQ,bytes=139077,parsed=3111,accepted=367,len=120,crc=1070,field=66,dup=0,old=1489,ovf=0
2026-08-01 06:09:13.704911 DBG,RX,t=169780,event=FIELD,bytes=139125,parsed=3112,accepted=367,len=120,crc=1070,field=67,dup=0,old=1489,ovf=0
2026-08-01 06:09:13.706048 DBG,RX,t=169840,event=OLD_SEQ,bytes=139170,parsed=3113,accepted=367,len=120,crc=1070,field=67,dup=0,old=1490,ovf=0
2026-08-01 06:09:13.707375 DBG,RX,t=169880,event=CRC,bytes=139216,parsed=3114,accepted=367,len=120,crc=1071,field=67,dup=0,old=1490,ovf=0
2026-08-01 06:09:13.708391 DBG,RX,t=169940,event=OLD_SEQ,bytes=139261,parsed=3115,accepted=367,len=120,crc=1071,field=67,dup=0,old=1491,ovf=0
2026-08-01 06:09:13.709762 DBG,RX,t=170000,event=OLD_SEQ,bytes=139306,parsed=3116,accepted=367,len=120,crc=1071,field=67,dup=0,old=1492,ovf=0
2026-08-01 06:09:13.710773 DBG,RX,t=170040,event=CRC,bytes=139352,parsed=3117,accepted=367,len=120,crc=1072,field=67,dup=0,old=1492,ovf=0
2026-08-01 06:09:13.711773 DBG,RX,t=170100,event=OLD_SEQ,bytes=139397,parsed=3118,accepted=367,len=120,crc=1072,field=67,dup=0,old=1493,ovf=0
2026-08-01 06:09:13.713067 DBG,RX,t=170160,event=FIELD,bytes=139443,parsed=3119,accepted=367,len=120,crc=1072,field=68,dup=0,old=1493,ovf=0
2026-08-01 06:09:13.713920 DBG,RX,t=170220,event=OLD_SEQ,bytes=139488,parsed=3120,accepted=367,len=120,crc=1072,field=68,dup=0,old=1494,ovf=0
2026-08-01 06:09:13.715444 DBG,RX,t=170260,event=CRC,bytes=139535,parsed=3121,accepted=367,len=120,crc=1073,field=68,dup=0,old=1494,ovf=0
2026-08-01 06:09:15.045599 DBG,RX,t=170320,event=OLD_SEQ,bytes=139580,parsed=3122,accepted=367,len=120,crc=1073,field=68,dup=0,old=1495,ovf=0
2026-08-01 06:09:15.046782 DBG,RX,t=170380,event=OLD_SEQ,bytes=139625,parsed=3123,accepted=367,len=120,crc=1073,field=68,dup=0,old=1496,ovf=0
2026-08-01 06:09:15.048232 DBG,RX,t=170420,event=LENGTH,bytes=139672,parsed=3124,accepted=367,len=121,crc=1073,field=68,dup=0,old=1496,ovf=0
2026-08-01 06:09:15.049249 DBG,RX,t=170480,event=OLD_SEQ,bytes=139717,parsed=3125,accepted=367,len=121,crc=1073,field=68,dup=0,old=1497,ovf=0
2026-08-01 06:09:15.050269 DBG,RX,t=170520,event=OLD_SEQ,bytes=139762,parsed=3126,accepted=367,len=121,crc=1073,field=68,dup=0,old=1498,ovf=0
2026-08-01 06:09:15.052194 DBG,RX,t=170580,event=OLD_SEQ,bytes=139807,parsed=3127,accepted=367,len=121,crc=1073,field=68,dup=0,old=1499,ovf=0
2026-08-01 06:09:15.053403 DBG,RX,t=170640,event=OLD_SEQ,bytes=139852,parsed=3128,accepted=367,len=121,crc=1073,field=68,dup=0,old=1500,ovf=0
2026-08-01 06:09:15.053403 DBG,RX,t=170680,event=OLD_SEQ,bytes=139897,parsed=3129,accepted=367,len=121,crc=1073,field=68,dup=0,old=1501,ovf=0
2026-08-01 06:09:15.054913 DBG,RX,t=170740,event=OLD_SEQ,bytes=139944,parsed=3130,accepted=367,len=121,crc=1073,field=68,dup=0,old=1502,ovf=0
2026-08-01 06:09:15.056329 DBG,RX,t=170800,event=OLD_SEQ,bytes=139989,parsed=3131,accepted=367,len=121,crc=1073,field=68,dup=0,old=1503,ovf=0
2026-08-01 06:09:15.058163 DBG,RX,t=170840,event=OLD_SEQ,bytes=140034,parsed=3132,accepted=367,len=121,crc=1073,field=68,dup=0,old=1504,ovf=0
2026-08-01 06:09:15.060171 DBG,RX,t=170900,event=OLD_SEQ,bytes=140079,parsed=3133,accepted=367,len=121,crc=1073,field=68,dup=0,old=1505,ovf=0
2026-08-01 06:09:15.061300 DBG,RX,t=170940,event=OLD_SEQ,bytes=140124,parsed=3134,accepted=367,len=121,crc=1073,field=68,dup=0,old=1506,ovf=0
2026-08-01 06:09:15.061300 DBG,RX,t=171000,event=CRC,bytes=140172,parsed=3135,accepted=367,len=121,crc=1074,field=68,dup=0,old=1506,ovf=0
2026-08-01 06:09:15.063799 DBG,RX,t=171060,event=OLD_SEQ,bytes=140217,parsed=3136,accepted=367,len=121,crc=1074,field=68,dup=0,old=1507,ovf=0
2026-08-01 06:09:15.065064 DBG,RX,t=171100,event=CRC,bytes=140263,parsed=3137,accepted=367,len=121,crc=1075,field=68,dup=0,old=1507,ovf=0
2026-08-01 06:09:15.067604 DBG,RX,t=171160,event=LENGTH,bytes=140309,parsed=3138,accepted=367,len=122,crc=1075,field=68,dup=0,old=1507,ovf=0
2026-08-01 06:09:15.067604 DBG,RX,t=171220,event=OLD_SEQ,bytes=140354,parsed=3139,accepted=367,len=122,crc=1075,field=68,dup=0,old=1508,ovf=0
2026-08-01 06:09:15.069733 DBG,RX,t=171280,event=CRC,bytes=140400,parsed=3140,accepted=367,len=122,crc=1076,field=68,dup=0,old=1508,ovf=0
2026-08-01 06:09:15.070867 DBG,RX,t=171320,event=OLD_SEQ,bytes=140445,parsed=3141,accepted=367,len=122,crc=1076,field=68,dup=0,old=1509,ovf=0
2026-08-01 06:09:15.071864 DBG,RX,t=171380,event=OLD_SEQ,bytes=140490,parsed=3142,accepted=367,len=122,crc=1076,field=68,dup=0,old=1510,ovf=0
2026-08-01 06:09:15.072864 DBG,RX,t=171440,event=OLD_SEQ,bytes=140535,parsed=3143,accepted=367,len=122,crc=1076,field=68,dup=0,old=1511,ovf=0
2026-08-01 06:09:15.073865 DBG,RX,t=171480,event=OLD_SEQ,bytes=140580,parsed=3144,accepted=367,len=122,crc=1076,field=68,dup=0,old=1512,ovf=0
2026-08-01 06:09:15.075371 DBG,RX,t=171540,event=OLD_SEQ,bytes=140625,parsed=3145,accepted=367,len=122,crc=1076,field=68,dup=0,old=1513,ovf=0
2026-08-01 06:09:15.076382 DBG,RX,t=171580,event=CRC,bytes=140671,parsed=3146,accepted=367,len=122,crc=1077,field=68,dup=0,old=1513,ovf=0
2026-08-01 06:09:15.382883 DBG,RX,t=171640,event=LENGTH,bytes=140717,parsed=3147,accepted=367,len=123,crc=1077,field=68,dup=0,old=1513,ovf=0
2026-08-01 06:09:15.384976 DBG,RX,t=171680,event=CRC,bytes=140764,parsed=3148,accepted=367,len=123,crc=1078,field=68,dup=0,old=1513,ovf=0
2026-08-01 06:09:15.386083 DBG,RX,t=171740,event=CRC,bytes=140810,parsed=3149,accepted=367,len=123,crc=1079,field=68,dup=0,old=1513,ovf=0
2026-08-01 06:09:15.387162 DBG,RX,t=171800,event=OLD_SEQ,bytes=140855,parsed=3150,accepted=367,len=123,crc=1079,field=68,dup=0,old=1514,ovf=0
2026-08-01 06:09:15.388252 DBG,RX,t=171860,event=CRC,bytes=140901,parsed=3151,accepted=367,len=123,crc=1080,field=68,dup=0,old=1514,ovf=0
2026-08-01 06:09:15.389348 DBG,RX,t=171900,event=FIELD,bytes=140948,parsed=3152,accepted=367,len=123,crc=1080,field=69,dup=0,old=1514,ovf=0
2026-08-01 06:09:15.390445 DBG,RX,t=171960,event=OLD_SEQ,bytes=140993,parsed=3153,accepted=367,len=123,crc=1080,field=69,dup=0,old=1515,ovf=0
2026-08-01 06:09:15.653320 DBG,RX,t=172000,event=CRC,bytes=141039,parsed=3154,accepted=367,len=123,crc=1081,field=69,dup=0,old=1515,ovf=0
2026-08-01 06:09:15.653320 DBG,RX,t=172060,event=LENGTH,bytes=141086,parsed=3155,accepted=367,len=124,crc=1081,field=69,dup=0,old=1515,ovf=0
2026-08-01 06:09:15.654935 DBG,RX,t=172120,event=CRC,bytes=141132,parsed=3156,accepted=367,len=124,crc=1082,field=69,dup=0,old=1515,ovf=0
2026-08-01 06:09:15.656163 DBG,RX,t=172160,event=CRC,bytes=141179,parsed=3157,accepted=367,len=124,crc=1083,field=69,dup=0,old=1515,ovf=0
2026-08-01 06:09:15.657178 DBG,RX,t=172220,event=OLD_SEQ,bytes=141224,parsed=3158,accepted=367,len=124,crc=1083,field=69,dup=0,old=1516,ovf=0
2026-08-01 06:09:15.922208 DBG,RX,t=172280,event=OLD_SEQ,bytes=141269,parsed=3159,accepted=367,len=124,crc=1083,field=69,dup=0,old=1517,ovf=0
2026-08-01 06:09:15.923226 DBG,RX,t=172320,event=OLD_SEQ,bytes=141315,parsed=3160,accepted=367,len=124,crc=1083,field=69,dup=0,old=1518,ovf=0
2026-08-01 06:09:15.924224 DBG,RX,t=172380,event=OLD_SEQ,bytes=141360,parsed=3161,accepted=367,len=124,crc=1083,field=69,dup=0,old=1519,ovf=0
2026-08-01 06:09:15.925228 DBG,RX,t=172440,event=OLD_SEQ,bytes=141405,parsed=3162,accepted=367,len=124,crc=1083,field=69,dup=0,old=1520,ovf=0
2026-08-01 06:09:15.926122 DBG,RX,t=172480,event=CRC,bytes=141453,parsed=3163,accepted=367,len=124,crc=1084,field=69,dup=0,old=1520,ovf=0
2026-08-01 06:09:16.206099 DBG,RX,t=172540,event=OLD_SEQ,bytes=141498,parsed=3164,accepted=367,len=124,crc=1084,field=69,dup=0,old=1521,ovf=0
2026-08-01 06:09:16.207248 DBG,RX,t=172600,event=CRC,bytes=141544,parsed=3165,accepted=367,len=124,crc=1085,field=69,dup=0,old=1521,ovf=0
2026-08-01 06:09:16.208677 DBG,RX,t=172640,event=CRC,bytes=141592,parsed=3166,accepted=367,len=124,crc=1086,field=69,dup=0,old=1521,ovf=0
2026-08-01 06:09:16.209721 DBG,RX,t=172700,event=OLD_SEQ,bytes=141637,parsed=3167,accepted=367,len=124,crc=1086,field=69,dup=0,old=1522,ovf=0
2026-08-01 06:09:16.211364 DBG,RX,t=172740,event=OLD_SEQ,bytes=141682,parsed=3168,accepted=367,len=124,crc=1086,field=69,dup=0,old=1523,ovf=0
2026-08-01 06:09:16.502306 DBG,RX,t=172800,event=CRC,bytes=141728,parsed=3169,accepted=367,len=124,crc=1087,field=69,dup=0,old=1523,ovf=0
2026-08-01 06:09:16.503901 DBG,RX,t=172860,event=CRC,bytes=141775,parsed=3170,accepted=367,len=124,crc=1088,field=69,dup=0,old=1523,ovf=0
2026-08-01 06:09:16.504911 DBG,RX,t=172900,event=CRC,bytes=141822,parsed=3171,accepted=367,len=124,crc=1089,field=69,dup=0,old=1523,ovf=0
2026-08-01 06:09:16.505420 DBG,RX,t=172960,event=OLD_SEQ,bytes=141867,parsed=3172,accepted=367,len=124,crc=1089,field=69,dup=0,old=1524,ovf=0
2026-08-01 06:09:16.506432 DBG,RX,t=173020,event=CRC,bytes=141914,parsed=3173,accepted=367,len=124,crc=1090,field=69,dup=0,old=1524,ovf=0
2026-08-01 06:09:16.507456 DBG,RX,t=173060,event=CRC,bytes=141960,parsed=3174,accepted=367,len=124,crc=1091,field=69,dup=0,old=1524,ovf=0
2026-08-01 06:09:16.783144 DBG,RX,t=173120,event=OLD_SEQ,bytes=142005,parsed=3175,accepted=367,len=124,crc=1091,field=69,dup=0,old=1525,ovf=0
2026-08-01 06:09:16.784818 DBG,RX,t=173160,event=OLD_SEQ,bytes=142050,parsed=3176,accepted=367,len=124,crc=1091,field=69,dup=0,old=1526,ovf=0
2026-08-01 06:09:16.785829 DBG,RX,t=173220,event=CRC,bytes=142096,parsed=3177,accepted=367,len=124,crc=1092,field=69,dup=0,old=1526,ovf=0
2026-08-01 06:09:16.785829 DBG,RX,t=173260,event=CRC,bytes=142142,parsed=3178,accepted=367,len=124,crc=1093,field=69,dup=0,old=1526,ovf=0
2026-08-01 06:09:16.787308 DBG,RX,t=173320,event=CRC,bytes=142188,parsed=3179,accepted=367,len=124,crc=1094,field=69,dup=0,old=1526,ovf=0
2026-08-01 06:09:16.788331 DBG,RX,t=173380,event=CRC,bytes=142234,parsed=3180,accepted=367,len=124,crc=1095,field=69,dup=0,old=1526,ovf=0
2026-08-01 06:09:17.077384 DBG,RX,t=173440,event=FIELD,bytes=142281,parsed=3181,accepted=367,len=124,crc=1095,field=70,dup=0,old=1526,ovf=0
2026-08-01 06:09:17.078386 DBG,RX,t=173500,event=CRC,bytes=142328,parsed=3182,accepted=367,len=124,crc=1096,field=70,dup=0,old=1526,ovf=0
2026-08-01 06:09:17.079609 DBG,RX,t=173540,event=CRC,bytes=142374,parsed=3183,accepted=367,len=124,crc=1097,field=70,dup=0,old=1526,ovf=0
2026-08-01 06:09:17.080703 DBG,RX,t=173600,event=OLD_SEQ,bytes=142419,parsed=3184,accepted=367,len=124,crc=1097,field=70,dup=0,old=1527,ovf=0
2026-08-01 06:09:17.081700 DBG,RX,t=173640,event=OLD_SEQ,bytes=142464,parsed=3185,accepted=367,len=124,crc=1097,field=70,dup=0,old=1528,ovf=0
2026-08-01 06:09:17.370829 DBG,RX,t=173700,event=OLD_SEQ,bytes=142509,parsed=3186,accepted=367,len=124,crc=1097,field=70,dup=0,old=1529,ovf=0
2026-08-01 06:09:17.373489 DBG,RX,t=173760,event=OLD_SEQ,bytes=142554,parsed=3187,accepted=367,len=124,crc=1097,field=70,dup=0,old=1530,ovf=0
2026-08-01 06:09:17.373489 DBG,RX,t=173800,event=OLD_SEQ,bytes=142599,parsed=3188,accepted=367,len=124,crc=1097,field=70,dup=0,old=1531,ovf=0
2026-08-01 06:09:17.375348 DBG,RX,t=173860,event=OLD_SEQ,bytes=142644,parsed=3189,accepted=367,len=124,crc=1097,field=70,dup=0,old=1532,ovf=0
2026-08-01 06:09:17.377747 DBG,RX,t=173900,event=CRC,bytes=142690,parsed=3190,accepted=367,len=124,crc=1098,field=70,dup=0,old=1532,ovf=0
2026-08-01 06:09:17.378969 DBG,RX,t=173960,event=CRC,bytes=142736,parsed=3191,accepted=367,len=124,crc=1099,field=70,dup=0,old=1532,ovf=0
2026-08-01 06:09:17.679293 DBG,RX,t=174020,event=OLD_SEQ,bytes=142781,parsed=3192,accepted=367,len=124,crc=1099,field=70,dup=0,old=1533,ovf=0
2026-08-01 06:09:17.681294 DBG,RX,t=174080,event=CRC,bytes=142827,parsed=3193,accepted=367,len=124,crc=1100,field=70,dup=0,old=1533,ovf=0
2026-08-01 06:09:17.682615 DBG,RX,t=174120,event=CRC,bytes=142873,parsed=3194,accepted=367,len=124,crc=1101,field=70,dup=0,old=1533,ovf=0
2026-08-01 06:09:17.683628 DBG,RX,t=174180,event=OLD_SEQ,bytes=142918,parsed=3195,accepted=367,len=124,crc=1101,field=70,dup=0,old=1534,ovf=0
2026-08-01 06:09:17.685142 DBG,RX,t=174220,event=OLD_SEQ,bytes=142963,parsed=3196,accepted=367,len=124,crc=1101,field=70,dup=0,old=1535,ovf=0
2026-08-01 06:09:17.686767 DBG,RX,t=174280,event=CRC,bytes=143009,parsed=3197,accepted=367,len=124,crc=1102,field=70,dup=0,old=1535,ovf=0
2026-08-01 06:09:17.985970 DBG,RX,t=174320,event=OLD_SEQ,bytes=143054,parsed=3198,accepted=367,len=124,crc=1102,field=70,dup=0,old=1536,ovf=0
2026-08-01 06:09:17.987331 DBG,RX,t=174380,event=CRC,bytes=143101,parsed=3199,accepted=367,len=124,crc=1103,field=70,dup=0,old=1536,ovf=0
2026-08-01 06:09:17.988748 DBG,RX,t=174460,event=CRC,bytes=143148,parsed=3200,accepted=367,len=124,crc=1104,field=70,dup=0,old=1536,ovf=0
2026-08-01 06:09:17.990135 DBG,RX,t=174500,event=OLD_SEQ,bytes=143193,parsed=3201,accepted=367,len=124,crc=1104,field=70,dup=0,old=1537,ovf=0
2026-08-01 06:09:17.990569 DBG,RX,t=174560,event=OLD_SEQ,bytes=143238,parsed=3202,accepted=367,len=124,crc=1104,field=70,dup=0,old=1538,ovf=0
2026-08-01 06:09:18.288129 DBG,RX,t=174620,event=OLD_SEQ,bytes=143283,parsed=3203,accepted=367,len=124,crc=1104,field=70,dup=0,old=1539,ovf=0
2026-08-01 06:09:18.288129 DBG,RX,t=174660,event=CRC,bytes=143329,parsed=3204,accepted=367,len=124,crc=1105,field=70,dup=0,old=1539,ovf=0
2026-08-01 06:09:18.293610 DBG,RX,t=174720,event=OLD_SEQ,bytes=143374,parsed=3205,accepted=367,len=124,crc=1105,field=70,dup=0,old=1540,ovf=0
2026-08-01 06:09:18.295131 DBG,RX,t=174760,event=OLD_SEQ,bytes=143419,parsed=3206,accepted=367,len=124,crc=1105,field=70,dup=0,old=1541,ovf=0
2026-08-01 06:09:18.296140 DBG,RX,t=174820,event=CRC,bytes=143465,parsed=3207,accepted=367,len=124,crc=1106,field=70,dup=0,old=1541,ovf=0
2026-08-01 06:09:18.296648 DBG,RX,t=174880,event=OLD_SEQ,bytes=143510,parsed=3208,accepted=367,len=124,crc=1106,field=70,dup=0,old=1542,ovf=0
2026-08-01 06:09:18.619046 DBG,RX,t=174920,event=CRC,bytes=143556,parsed=3209,accepted=367,len=124,crc=1107,field=70,dup=0,old=1542,ovf=0
2026-08-01 06:09:18.620744 DBG,RX,t=174980,event=OLD_SEQ,bytes=143601,parsed=3210,accepted=367,len=124,crc=1107,field=70,dup=0,old=1543,ovf=0
2026-08-01 06:09:18.622725 DBG,RX,t=175040,event=OLD_SEQ,bytes=143646,parsed=3211,accepted=367,len=124,crc=1107,field=70,dup=0,old=1544,ovf=0
2026-08-01 06:09:18.623724 DBG,RX,t=175080,event=LENGTH,bytes=143692,parsed=3212,accepted=367,len=125,crc=1107,field=70,dup=0,old=1544,ovf=0
2026-08-01 06:09:18.625234 DBG,RX,t=175140,event=OLD_SEQ,bytes=143737,parsed=3213,accepted=367,len=125,crc=1107,field=70,dup=0,old=1545,ovf=0
2026-08-01 06:09:18.626317 DBG,RX,t=175180,event=CRC,bytes=143783,parsed=3214,accepted=367,len=125,crc=1108,field=70,dup=0,old=1545,ovf=0
2026-08-01 06:09:18.907298 DBG,RX,t=175240,event=OLD_SEQ,bytes=143828,parsed=3215,accepted=367,len=125,crc=1108,field=70,dup=0,old=1546,ovf=0
2026-08-01 06:09:18.908053 DBG,RX,t=175300,event=CRC,bytes=143874,parsed=3216,accepted=367,len=125,crc=1109,field=70,dup=0,old=1546,ovf=0
2026-08-01 06:09:18.908053 DBG,RX,t=175340,event=OLD_SEQ,bytes=143919,parsed=3217,accepted=367,len=125,crc=1109,field=70,dup=0,old=1547,ovf=0
2026-08-01 06:09:18.910108 DBG,RX,t=175400,event=OLD_SEQ,bytes=143964,parsed=3218,accepted=367,len=125,crc=1109,field=70,dup=0,old=1548,ovf=0
2026-08-01 06:09:18.910108 DBG,RX,t=175460,event=CRC,bytes=144010,parsed=3219,accepted=367,len=125,crc=1110,field=70,dup=0,old=1548,ovf=0
2026-08-01 06:09:18.912972 DBG,RX,t=175500,event=CRC,bytes=144056,parsed=3220,accepted=367,len=125,crc=1111,field=70,dup=0,old=1548,ovf=0
2026-08-01 06:09:19.199498 DBG,RX,t=175560,event=OLD_SEQ,bytes=144101,parsed=3221,accepted=367,len=125,crc=1111,field=70,dup=0,old=1549,ovf=0
2026-08-01 06:09:19.200682 DBG,RX,t=175620,event=OLD_SEQ,bytes=144146,parsed=3222,accepted=367,len=125,crc=1111,field=70,dup=0,old=1550,ovf=0
2026-08-01 06:09:19.202897 DBG,RX,t=175660,event=CRC,bytes=144193,parsed=3223,accepted=367,len=125,crc=1112,field=70,dup=0,old=1550,ovf=0
2026-08-01 06:09:19.204073 DBG,RX,t=175720,event=OLD_SEQ,bytes=144238,parsed=3224,accepted=367,len=125,crc=1112,field=70,dup=0,old=1551,ovf=0
2026-08-01 06:09:19.205083 DBG,RX,t=175780,event=CRC,bytes=144284,parsed=3225,accepted=367,len=125,crc=1113,field=70,dup=0,old=1551,ovf=0
2026-08-01 06:09:19.206096 DBG,RX,t=175820,event=CRC,bytes=144331,parsed=3226,accepted=367,len=125,crc=1114,field=70,dup=0,old=1551,ovf=0
2026-08-01 06:09:19.501726 DBG,RX,t=175880,event=OLD_SEQ,bytes=144376,parsed=3227,accepted=367,len=125,crc=1114,field=70,dup=0,old=1552,ovf=0
2026-08-01 06:09:19.503104 DBG,RX,t=175920,event=OLD_SEQ,bytes=144421,parsed=3228,accepted=367,len=125,crc=1114,field=70,dup=0,old=1553,ovf=0
2026-08-01 06:09:19.504102 DBG,RX,t=175980,event=CRC,bytes=144467,parsed=3229,accepted=367,len=125,crc=1115,field=70,dup=0,old=1553,ovf=0
2026-08-01 06:09:19.505208 DBG,RX,t=176040,event=OLD_SEQ,bytes=144512,parsed=3230,accepted=367,len=125,crc=1115,field=70,dup=0,old=1554,ovf=0
2026-08-01 06:09:19.506218 DBG,RX,t=176080,event=OLD_SEQ,bytes=144558,parsed=3231,accepted=367,len=125,crc=1115,field=70,dup=0,old=1555,ovf=0
2026-08-01 06:09:19.767234 DBG,RX,t=176140,event=OLD_SEQ,bytes=144603,parsed=3232,accepted=367,len=125,crc=1115,field=70,dup=0,old=1556,ovf=0
2026-08-01 06:09:19.768248 DBG,RX,t=176180,event=OLD_SEQ,bytes=144648,parsed=3233,accepted=367,len=125,crc=1115,field=70,dup=0,old=1557,ovf=0
2026-08-01 06:09:19.769412 DBG,RX,t=176240,event=OLD_SEQ,bytes=144693,parsed=3234,accepted=367,len=125,crc=1115,field=70,dup=0,old=1558,ovf=0
2026-08-01 06:09:19.770492 DBG,RX,t=176300,event=OLD_SEQ,bytes=144738,parsed=3235,accepted=367,len=125,crc=1115,field=70,dup=0,old=1559,ovf=0
2026-08-01 06:09:19.771495 DBG,RX,t=176340,event=CRC,bytes=144784,parsed=3236,accepted=367,len=125,crc=1116,field=70,dup=0,old=1559,ovf=0
2026-08-01 06:09:19.772497 DBG,RX,t=176400,event=OLD_SEQ,bytes=144829,parsed=3237,accepted=367,len=125,crc=1116,field=70,dup=0,old=1560,ovf=0
2026-08-01 06:09:20.050962 DBG,RX,t=176460,event=CRC,bytes=144875,parsed=3238,accepted=367,len=125,crc=1117,field=70,dup=0,old=1560,ovf=0
2026-08-01 06:09:20.052963 DBG,RX,t=176500,event=FIELD,bytes=144923,parsed=3239,accepted=367,len=125,crc=1117,field=71,dup=0,old=1560,ovf=0
2026-08-01 06:09:20.052963 DBG,RX,t=176560,event=CRC,bytes=144969,parsed=3240,accepted=367,len=125,crc=1118,field=71,dup=0,old=1560,ovf=0
2026-08-01 06:09:20.055480 DBG,RX,t=176620,event=OLD_SEQ,bytes=145014,parsed=3241,accepted=367,len=125,crc=1118,field=71,dup=0,old=1561,ovf=0
2026-08-01 06:09:20.056498 DBG,RX,t=176660,event=CRC,bytes=145060,parsed=3242,accepted=367,len=125,crc=1119,field=71,dup=0,old=1561,ovf=0
2026-08-01 06:09:20.381363 DBG,RX,t=176720,event=OLD_SEQ,bytes=145105,parsed=3243,accepted=367,len=125,crc=1119,field=71,dup=0,old=1562,ovf=0
2026-08-01 06:09:20.382370 DBG,RX,t=176780,event=OLD_SEQ,bytes=145150,parsed=3244,accepted=367,len=125,crc=1119,field=71,dup=0,old=1563,ovf=0
2026-08-01 06:09:20.383454 DBG,RX,t=176820,event=LENGTH,bytes=145197,parsed=3245,accepted=367,len=126,crc=1119,field=71,dup=0,old=1563,ovf=0
2026-08-01 06:09:20.384966 DBG,RX,t=176880,event=LENGTH,bytes=145244,parsed=3246,accepted=367,len=127,crc=1119,field=71,dup=0,old=1563,ovf=0
2026-08-01 06:09:20.385340 DBG,RX,t=176940,event=OLD_SEQ,bytes=145289,parsed=3247,accepted=367,len=127,crc=1119,field=71,dup=0,old=1564,ovf=0
2026-08-01 06:09:20.386621 DBG,RX,t=176980,event=OLD_SEQ,bytes=145334,parsed=3248,accepted=367,len=127,crc=1119,field=71,dup=0,old=1565,ovf=0
