:1000000000802020B3870100AB550100AB550100F3
:1000100000000000000000000000000000000000E0
:10002000000000000000000000000000AB550100CF
:100030000000000000000000AB550100BD510100B0
:10004000AB55010011810100AB550100097601009B
:10005000AB550100AB550100AB550100AB5501009C
:1000600000000000AB550100AB550100000000008E
:1000700000000000AB550100996A0100AB5501007A
:10008000AB550100AB550100AB550100AB5501006C
:10009000AB550100AB55010000000000000000005E
:1000A000AB550100AB55010000000000000000004E
:1000B000AB55010000000000AB550100AB5501003D
:1000C000F0B5C1B018AF07AD36AC204617F084FFCD
:1000D0002FA817F0BBFA384617F026F8284617F075
:1000E00057FF207DE17C002901D0C14E00E0C14EC8
:1000F0004937002800D0C04E3879002800970FD02B
:100100000020014618F024F8BC4817F0A9FDB87A81
:10011000401EC0B2022818D88000B949085815E01E
:10012000B879002800D198E00020014618F010F8B6
:10013000B44817F095FD387B401EC0B2022800D9A4
:10014000CFE08000B0490858CCE0B04817F088FDF7
:10015000AF4817F085FD387B401EC0B2022803D897
:100160008000A949085800E0AA48002417F078FD4B
:1001700002200194214617F0EBFFA74817F070FD0D
:100180003878002865D0199C002C03D52D2016F056
:1001900021FE6442A149204617F018FB08460125BC
:1001A0000199049505916A1E06920A220392074658
:1001B000019E334618F09AF904460D46039A3346D9
:1001C00017F064FF381A302318433CA9069A50549C
:1001D000039705990A3F0846B0415DD30A220E46AF
:1001E0000027204629461C463B4618F07FF9234647
:1001F00022433CA8049C0255069911292546039ADE
:100200004CD8104664383046B84147D3174664226C
:100210000024384631460293234618F067F90A2233
:10022000234618F063F9029802433CA84019427033
:100230007D20C20038463146234618F057F9ED1CA0
:10024000069A102A03D8764AD21BB441A9D36D1E50
:1002500025E0704817F004FD04E13C35687900287A
:1002600000D175E200242046214617F071FF6D4849
:1002700017F0F6FC02200394214617F069FF61484D
:1002800017F0EEFC6879401EC0B2042800D9B1E234
:10029000800065490858AEE2049D00E06D1C2F46C1
:1002A000681E0321069017F091FA481C032813D00A
:1002B0000446032813D03CA8861EF019407816F097
:1002C00089FD012C00D1B7E0BD1EF05D16F082FD66
:1002D000A41E2F46F1D1B0E000240328EBD13D4607
:1002E000ABE04C48002417F0BBFC504817F0B8FCBA
:1002F000304617F0B5FC0220214617F029FF4C4884
:1003000017F0AEFC04200194214617F021FF494864
:1003100017F0A6FC7878002800D115E21A9C002C72
:1003200003D52D2016F056FD64423C49204617F0B7
:100330004DFA0D460126019904910596701E06900E
:100340000A2203922846019F3B4618F0CFF8044644
:100350000E46039A3B4617F099FE281A302318439D
:100360003CA9069A505403950A3D04980546B841A5
:1003700000D203E20A220027204631461C463B46B3
:1003800018F0B4F8234622433CA8059C0255069970
:1003900011292646039A00D9F2E11046643828460E
:1003A000B84100D2ECE117466422002438462946C1
:1003B0000293234618F09AF80A22234618F096F87A
:1003C000029802433CA8801942707D20C200384642
:1003D0002946234618F08AF8F61C069A102A04D8F3
:1003E0000F4AD21BAC410546A6D3761EC9E1C046D2
:1003F0002B910100EE920100A29201003E920100B9
:10040000CC8D010029940100C08D0100B79101003D
:100410007A930100118F01002191010040420F00E9
:10042000E70300001C8D0100F88B0100FF8E010026
:100430000C8D0100C69301007D1E0698022810D382
:100440006C423CA82818C51EA87816F0C3FC687832
:1004500016F0C0FC287816F0BDFCE41CED1E002C44
:10046000F2D1009F04200021019117F071FED648BF
:1004700017F0F6FB7878002865D01A9C002C03D57D
:100480002D2016F0A7FC6442D049204617F09EF9B3
:10049000084601250199049505916A1E06920A22D3
:1004A00003920746019E334618F020F804460D4695
:1004B000039A334617F0EAFD381A302318433CA953
:1004C000069A5054039705990A3F0846B0413ED317
:1004D0000A220E460027204629461C463B4618F0B5
:1004E00005F8234622433CA8049C0255069911298D
:1004F0002546039A2DD8104664383046B84128D393
:10050000174664220024384631460293234617F0EA
:10051000EDFF0A22234617F0E9FF029802433CA8A8
:10052000401942707D20C20038463146234617F0FC
:10053000DDFFED1C069A102A03D8A54AD21BB44150
:10054000A9D36D1E06E0A34817F08AFB39E0049D8D
:1005500000E06D1C2F46681E0321069017F036F947
:10056000481C032812D00446032812D03CA8861E3B
:10057000F019407816F02EFC012C0CD0BD1EF05D59
:1005800016F028FCA41E2F46F2D105E00024032813
:10059000ECD13D4600E07D1E0698022810D36C4247
:1005A0003CA82818C51EA87816F014FC687816F028
:1005B00011FC287816F00EFCE41CED1E002CF2D184
:1005C000009F854817F04CFBB878002866D01B9C2C
:1005D000002C03D52D2016F0FDFB64427B492046FC
:1005E00017F0F4F8084600210125019104950591C2
:1005F0006A1E06920A2203920746019E334617F0AE
:1006000075FF04460D46039A334617F03FFD381A2E
:10061000302318433CA9069A5054039705990A3F82
:100620000846B0413ED30A220E46002720462946FE
:100630001C463B4617F05AFF234622433CA8049C25
:100640000255069911292546039A2DD8104664387B
:100650003046B84128D31746642200243846314634
:100660000293234617F042FF0A22234617F03EFF6B
:10067000029802433CA8401942707D20C2003846CF
:100680003146234617F032FFED1C069A102A03D894
:100690004F4AD21BB441A9D36D1E06E04D4817F056
:1006A000DFFA39E0049D00E06D1C2F46681E03212F
:1006B000069017F08BF8481C032812D00446032834
:1006C00012D03CA8861EF019407816F083FB012C4E
:1006D0000CD0BD1EF05D16F07DFBA41E2F46F2D19E
:1006E00005E000240328ECD13D4600E07D1E06987D
:1006F000022810D36C423CA82818C51EA87816F012
:1007000069FB687816F066FB287816F063FBE41C3A
:10071000ED1E002CF2D1009F0620002117F018FDDD
:10072000F87A032804D0022805D12C4800F0AEFF47
:100730002B4800F0ABFFB87A032802D0294800F01C
:10074000A5FF294800F0A2FF224817F089FAD3E05C
:10075000787A002800D124E300200090014617F0A9
:10076000F7FC224817F07CFAF87B401EC0B2022842
:1007700000D92BE380001E49085828E3059E00E0BD
:10078000761C701E0321069017F020F8481C0328E1
:1007900014D00446032814D03CA83746861EF0190E
:1007A000407816F017FB012C00D18FE0BD1EF05DE4
:1007B00016F010FBA41E2F46F1D188E00024032878
:1007C000EAD1354683E0C046C693010040420F009F
:1007D000E7030000118F0100B6920100948C010024
:1007E000D88C0100398D0100A58C0100A891010071
:1007F000B48D0100F94817F033FAF94817F030FAD0
:10080000089C002C03D52D2016F0E4FA6442F5492B
:10081000204616F0DBFF0846012503990295049156
:100820006A1E05920A2206920646039C234617F08A
:100830005DFE07460D46069A234617F027FC301A40
:10084000302420433CA9059A5054019604980A3E4E
:10085000039A9041069400D20CE10A220026384601
:100860002946334617F042FE22433CA8029BC2545D
:10087000059911291D46019C00D9FDE020466438E8
:100880000498B04100D2F7E0642200272046049E7D
:1008900031463B4617F02AFE0A223B4617F026FE59
:1008A000069802433CA8401942707D20C2002046B1
:1008B00031463B4617F01AFEED1C059A102A03D864
:1008C000C94A121BB741A9D36D1ED6E07D1E0698FA
:1008D000022810D36C423CA82818C51EA87816F030
:1008E00079FA687816F076FA287816F073FAE41C2C
:1008F000ED1E002CF2D1009FBC4817F0B1F9B8787A
:10090000002866D01B9C002C03D52D2016F062FA1F
:100910006442B449204616F059FF084600210125DB
:100920000191049505916A1E06920A2203920746D8
:10093000019E334617F0DAFD04460D46039A33460E
:1009400017F0A4FB381A302318433CA9069A5054D8
:10095000039705990A3F0846B0413ED30A220E4646
:100960000027204629461C463B4617F0BFFD23467C
:1009700022433CA8049C0255069911292546039A56
:100980002DD8104664383046B84128D31746642223
:100990000024384631460293234617F0A7FD0A2269
:1009A000234617F0A3FD029802433CA84019427069
:1009B0007D20C20038463146234617F097FDED1CD6
:1009C000069A102A03D8884AD21BB441A9D36D1EB7
:1009D00006E0874817F044F939E0049D00E06D1CFB
:1009E0002F46681E0321069016F0F0FE481C0328CF
:1009F00012D00446032812D03CA8861EF019407875
:100A000016F0E8F9012C0CD0BD1EF05D16F0E2F9ED
:100A1000A41E2F46F2D105E000240328ECD13D4668
:100A200000E07D1E0698022810D36C423CA82818CE
:100A3000C51EA87816F0CEF9687816F0CBF928789C
:100A400016F0C8F9E41CED1E002CF2D1009F062020
:100A5000002117F07DFBF879002802D0654800F0EE
:100A600015FE7879002802D0634800F00FFE634835
:100A700000F00CFE029D00E06D1C2E46681E032156
:100A8000059016F0A3FE481C032803D00546032852
:100A900003D114E00025032811D03CA8841E37465A
:100AA000E019407816F096F9012D07D0BE1EE05DE2
:100AB00016F090F9AD1E3746F2D100E07E1E059883
:100AC000022810D374423CA83018C51EA87816F02E
:100AD00081F9687816F07EF9287816F07BF9E41C25
:100AE000ED1E002CF2D104200021039117F030FB01
:100AF000434817F0B5F8099C002C03D52D2016F0BB
:100B000069F964423749204616F060FE084601251F
:100B10000399029504916A1E05920A2201920646E3
:100B2000039C234617F0E2FC07460D46019A234634
:100B300017F0ACFA301A069C20433CA9059A505491
:100B4000019604980A3E039A904136D30A22002661
:100B500038462946334617F0C9FC22433CA8029B7D
:100B6000C254059911291D46019C28D82046643895
:100B70000498B04123D3642200272046049E3146C6
:100B80003B4617F0B3FC0A223B4617F0AFFC069831
:100B900002433CA8401942707D20C20020463146E5
:100BA0003B4617F0A3FCED1C059A102A03D80E4A09
:100BB000121BB741ADD36D1E02E0029D00E06D1C1B
:100BC0002E46681E0321059016F000FE481C0328DF
:100BD00018D00546032818D129E0C0460C92010020
:100BE0005A93010040420F00E7030000B692010053
:100BF000118F01005C8C0100FC8D0100478D01000C
:100C0000089401000025032811D03CA8841E374613
:100C1000E019407816F0DEF8012D07D0BE1EE05D29
:100C200016F0D8F8AD1E3746F2D100E07E1E0598CA
:100C3000022810D374423CA83018C51EA87816F0BC
:100C4000C9F8687816F0C6F8287816F0C3F8E41CDE
:100C5000ED1E002CF2D1EE4817F002F80A9C002C91
:100C600003D52D2016F0B6F86442EA49204616F066
:100C7000ADFD0846002101250391029504916A1EED
:100C800005920A2201920646039C234617F02EFC89
:100C900007460D46019A234617F0F8F9301A069CCC
:100CA00020433CA9059A5054019604980A3E039AA1
:100CB000904136D30A22002638462946334617F09B
:100CC00015FC22433CA8029BC254059911291D46DC
:100CD000019C28D8204664380498B04123D364226C
:100CE00000272046049E31463B4617F0FFFB0A22B0
:100CF0003B4617F0FBFB069802433CA840194270A4
:100D00007D20C200204631463B4617F0EFFBED1C2C
:100D1000059A102A03D8C04A121BB741ADD36D1EE5
:100D200002E0029D00E06D1C2E46681E0321069025
:100D300016F04CFD481C032803D00546032803D1B8
:100D400014E00025032811D03CA8841E3746E01982
:100D5000407816F03FF8012D07D0BE1EE05D16F07A
:100D600039F8AD1E3746F2D100E07E1E0698022803
:100D700010D374423CA83018C51EA87816F02AF883
:100D8000687816F027F8287816F024F8E41CED1E91
:100D9000002CF2D10620002117F0DAF99F4800F06C
:100DA00075FC387A002800D1D9E30020014617F0FD
:100DB000CFF99B4816F054FF787B401EC0B2042840
:100DC00000D9DFE3800097490858DCE3964816F025
:100DD00047FF964816F044FF239D01240099049193
:100DE000601E05900A2206922846009E334617F0A0
:100DF0007DFB07460291069A334617F047F9281AF9
:100E00002246302420433CA9059B585403950A3DB3
:100E100004980546B041069436D301920A22002672
:100E200038460299334617F061FB22433CA8019CE7
:100E3000025505991129039828D80246643A2A4692
:100E4000B24123D364220027294606463B4617F0C9
:100E50004DFB0A223B4617F049FB069802433CA88B
:100E6000001942707D20C200304629463B4617F0EB
:100E70003DFBE41C059A102A04D8674A921BAF4137
:100E80000546ACD3641E02E0144600E0641C26460E
:100E9000601E0321059016F099FC481C032801D020
:100EA000054600E00025032811D03CA8841E3746E3
:100EB000E019407815F08EFF012D07D0BE1EE05DD1
:100EC00015F088FFAD1E3746F2D100E07E1E059872
:100ED000022810D374423CA83018C51EA87815F01B
:100EE00079FF687815F076FF287815F073FFE41C19
:100EF000ED1E002CF2D102200021039117F028F9F9
:100F00004B4816F0ADFE199C002C03D52D2015F092
:100F100061FF64423F49204616F058FC084601250F
:100F20000399029504916A1E05920A2201920646CF
:100F3000039C234617F0DAFA07460D46019A23462A
:100F400017F0A4F8301A069C20433CA9059A505487
:100F5000019604980A3E039A904136D30A2200264D
:100F600038462946334617F0C1FA22433CA8029B73
:100F7000C254059911291D46019C28D82046643881
:100F80000498B04123D3642200272046049E3146B2
:100F90003B4617F0ABFA0A223B4617F0A7FA069831
:100FA00002433CA8401942707D20C20020463146D1
:100FB0003B4617F09BFAED1C059A102A03D8164AF7
:100FC000121BB741ADD36D1E02E0029D00E06D1C07
:100FD0002E46681E0321059016F0F8FB481C0328D6
:100FE00001D0054600E00025032824D03CA8841E3B
:100FF0003746E019407815F0EDFE012D1AD0BE1EDF
:10100000E05D15F0E7FEAD1E3746F2D113E0C046B5
:101010004E91010040420F00E7030000C68E010020
:10102000009001000C8C0100B79101004293010077
:101030000E9401007E1E0598022810D374423CA82D
:101040003018C51EA87815F0C5FE687815F0C2FEE8
:10105000287815F0BFFEE41CED1E002CF2D1E34809
:1010600016F0FEFD289C002C03D52D2015F0B2FEB5
:101070006442DF49204616F0A9FB084600210125FD
:101080000391029504916A1E05920A220192064676
:10109000039C234617F02AFA07460D46019A234679
:1010A00016F0F4FF301A069C20433CA9059A5054D0
:1010B000019604980A3E039A904136D30A220026EC
:1010C00038462946334617F011FA22433CA8029BC2
:1010D000C254059911291D46019C28D82046643820
:1010E0000498B04123D3642200272046049E314651
:1010F0003B4617F0FBF90A223B4617F0F7F9069832
:1011000002433CA8401942707D20C200204631466F
:101110003B4617F0EBF9ED1C059A102A03D8B54AA7
:10112000121BB741ADD36D1E02E0029D00E06D1CA5
:101130002E46681E0321059016F048FB481C032824
:1011400001D0054600E00025032811D03CA8841EEC
:101150003746E019407815F03DFE012D07D0BE1E40
:10116000E05D15F037FEAD1E3746F2D100E07E1E81
:101170000598022810D374423CA83018C51EA878E0
:1011800015F028FE687815F025FE287815F022FE67
:10119000E41CED1E002CF2D104200021039116F076
:1011A000D7FF954816F05CFD099C002C03D52D2037
:1011B00015F010FE64428E49204616F007FB0846E3
:1011C00001250399029504916A1E05920A22019253
:1011D0000646039C234617F089F907460D46019AF7
:1011E000234616F053FF301A069C20433CA9059A6B
:1011F0005054019604980A3E039A904136D30A222D
:10120000002638462946334617F070F922433CA899
:10121000029BC254059911291D46019C28D82046DD
:1012200064380498B04123D3642200272046049EEA
:1012300031463B4617F05AF90A223B4617F056F959
:10124000069802433CA8401942707D20C200204607
:1012500031463B4617F04AF9ED1C059A102A03D88F
:10126000644A121BB741ADD36D1E02E0029D00E03F
:101270006D1C2E46681E0321059016F0A7FA481C27
:10128000032801D0054600E00025032811D03CA822
:10129000841E3746E019407815F09CFD012D07D0DB
:1012A000BE1EE05D15F096FDAD1E3746F2D100E0A2
:1012B0007E1E0598022810D374423CA83018C51E23
:1012C000A87815F087FD687815F084FD287815F06A
:1012D00081FDE41CED1E002CF2D1484816F0C0FC44
:1012E000299C002C03D52D2015F074FD6442404943
:1012F000204616F06BFA084600210125039102955D
:1013000004916A1E05920A2201920646039C234616
:1013100017F0ECF807460D46019A234616F0B6FE84
:10132000301A069C20433CA9059A50540196049813
:101330000A3E039A904136D30A22002638462946AF
:10134000334617F0D3F822433CA8029BC2540599B8
:1013500011291D46019C28D8204664380498B041C4
:1013600023D3642200272046049E31463B4617F0D3
:10137000BDF80A223B4617F0B9F8069802433CA88C
:10138000401942707D20C200204631463B4617F08E
:10139000ADF8ED1C059A102A03D8F04A121BB7418C
:1013A000ADD36D1E02E0029D00E06D1C2E46681E4E
:1013B0000321059016F00AFA481C032801D00546BF
:1013C00000E0002503281CD03CA8841E3746E01905
:1013D000407815F0FFFC012D12D0BE1EE05D15F027
:1013E000F9FCAD1E3746F2D10BE0C04696930100E2
:1013F00040420F00E70300000894010066930100DB
:101400007E1E0598022810D374423CA83018C51ED1
:10141000A87815F0DFFC687815F0DCFC287815F06A
:10142000D9FCE41CED1E002CF2D10620002421463C
:1014300016F08EFED44816F013FC07A8808E012506
:1014400003942146029504916A1E05920A22019294
:101450000646039C234617F049F807460D46019AB5
:10146000234616F013FE301A069C20433CA9059A29
:101470005054019604980A3E039A904136D30A22AA
:10148000002638462946334617F030F822433CA858
:10149000029BC254059911291D46019C28D820465B
:1014A00064380498B04123D3642200272046049E68
:1014B00031463B4617F01AF80A223B4617F016F859
:1014C000069802433CA8401942707D20C200204685
:1014D00031463B4617F00AF8ED1C059A102A03D84E
:1014E0009E4A121BB741ADD36D1E02E0029D00E083
:1014F0006D1C2E46681E0321069016F067F9481CE5
:10150000032801D0054600E00025032811D03CA89F
:10151000841E3746E019407815F05CFC012D07D099
:10152000BE1EE05D15F056FCAD1E3746F2D100E060
:101530007E1E0698022800D2A7E074423CA830180C
:10154000C51EA87815F046FC687815F043FC28788D
:1015500015F040FCE41CED1E002CF2D195E02C7837
:101560000020014616F0F4FD002C4ED08A4816F0FB
:1015700077FB2879401EC0B2032852D880008749E3
:1015800008584FE0724816F06BFB202015F022FC43
:10159000304616F065FB02200024214616F0D8FDE7
:1015A0006F4816F05DFB1998C11710F08BFE754857
:1015B00016F056FB2498C11710F084FE0420214633
:1015C00016F0C6FD674816F04BFB1C98C11710F0CB
:1015D00079FE654816F044FB1D98C11710F072FEA5
:1015E0000620214616F0B4FD634816F039FB099831
:1015F000C11710F067FE664816F032FB07A8808E10
:10160000214611F073FB634840E0584816F028FB70
:10161000387B401EC0B202283CD880004E49085892
:1016200039E04B4816F01CFB02200024214616F03E
:101630008FFD534816F014FB0898C11710F042FEB6
:10164000504816F00DFB0798C11710F03BFE042020
:10165000214616F07DFD484816F002FB0998C11797
:1016600010F030FE454816F0FBFA0A98C11710F04A
:1016700029FE0620214616F06BFD434816F0F0FACD
:1016800007A8808E214611F031FB404816F0E8FA99
:1016900041B0F0BD2F4816F0E3FA364816F0E0FAF4
:1016A0003878199910F05EFD202015F093FB304634
:1016B00016F0D6FA02200025294616F049FD3848D2
:1016C00016F0CEFA2F98C11710F0FCFD354816F031
:1016D000C7FA3799369810F0F5FD0420294616F020
:1016E00037FD204816F0BCFA78781A9910F03AFDC8
:1016F0001D4816F0B5FAB8781B9910F033FD062096
:10170000294616F025FD787B04280DD005280DD13B
:10171000264816F0A5FAB87B401EC0B2062811D89C
:101720008000234908580EE01F48AFE7F97B2248A4
:101730000329ABD1397C0629A8D0204816F090FAAD
:10174000387CE9E70A4816F08BFA1A489EE7C0464B
:10175000B7910100118F0100C08D0100E703000067
:1017600021910100C6930100B69201002994010065
:101770000C9201005A930100089401004E9101005F
:101780000E94010096930100F0930100A48F0100D4
:10179000F2920100738F0100E48E0100EC8C0100D5
:1017A00052920100BA920100C78C01003C900100E6
:1017B000488B0100D08E0100B68C0100B28F010071
:1017C000F0B5C9B00B9105460EA844210170422125
:1017D0004170472181702C22C27052210171582121
:1017E00041710A92827174210491C1713D21059168
:1017F0000172002D40D0002401210A220C922646BD
:101800000D91144628460C9F394615F0DFFF2346FC
:1018100039460D9F4143691A30220A43741C46A978
:101820008A55082E04D8791C5A1C092D0546E6D87D
:101830000C930321304615F0C9FF4B1C032B20D01D
:101840001846022E20D30D9346AAD31E251A002235
:101850001E19B7780EA989184F7276788E721E5DA0
:10186000CE72D21CDB1E9542F2D1A71A09320C9916
:101870000D9B032B0CD11BE00EA8302141720A21D5
:1018800016E00020022EDED209220C99032B0FD085
:101890000EA9891846AABA18921E53780B7001280F
:1018A00005D013784B70891C921E801EF5D10C99BF
:1018B0000C46CBB20EA8C1180A9AC25465224A70CF
:1018C0007620029088700392CA706E200190087191
:1018D000049848710598887154200B99085C0D286C
:1018E00003D88000EB49085800E0EB48E11D05787B
:1018F000002D24D00D900846C9B20EAAD2180C9221
:10190000D924E31A0024A3421BD00D9A16190C9A6D
:101910001719FD717578002D19D04A1CE02A10D0D6
:101920003D72B578002D14D08A1CE02A09D0C91C5C
:10193000C01C7D72F578E41C002DE4D10AE0084655
:1019400008E00B980568E027002D21D1BDE0401C80
:1019500000E0801C0746C1B2E029084600D8E0201C
:101960004A09062A10D84B1C0EAA0A9C54548342DA
:1019700001D11F4608E08A1C0EAC6225E554824264
:1019800001D000F09BFE17460B980568002D34D05F
:101990000D970124671E0A262846314615F016FFCA
:1019A0004643A91B3026314346AAB954082F2FD8E5
:1019B0000A2D2DD30A2115F009FF314346A8015500
:1019C000072F24D8642D22D36421284615F0FEFE6B
:1019D0000A2115F0FBFE314346A8001941707D2015
:1019E000C100284615F0F2FEE41C062F03D8AB49CF
:1019F0008D420546CED8641E0AE0F8B24109062998
:101A000063D87F1C0D970EA930220A5443E0641C52
:101A10000D98C3B2E02B184600D8E0200EA9C918D3
:101A2000C21A951E07950693181A401C099046A8DD
:101A3000C71EA01E0890601E0C900026B2421BD04C
:101A40003D19A87888550C98B04218D0099880198B
:101A500017D068788D1968700898B04215D007982B
:101A6000B04214D0385D0D9BDB1C0D93A870F61CA2
:101A7000FF1EB442E2D10EE0069880190AE00D98EC
:101A800001E006988019401C04E00D9801E00698DA
:101A90008019801C0D900D9FF9B2E029084600D8EE
:101AA000E0204A09062A10D84B1C0EAA0A9C54545E
:101AB000834201D11F4608E08A1C0EAC7025E55414
:101AC000824201D000F0D0FD17460B980569002D29
:101AD00036D00D97F8B206900124671E0A262846D4
:101AE000314615F073FE4643A91B3026314346AA02
:101AF000B954082F2FD80A2D2DD30A2115F066FED0
:101B0000314346A80155072F24D8642D22D36421E0
:101B1000284615F05BFE0A2115F058FE314346A811
:101B2000001941707D20C100284615F04FFEE41CCD
:101B3000062F03D859498D420546CED8641E0AE0C7
:101B4000F8B24109072960D27F1C0D970EA93022F7
:101B50000A5441E0641C069AE02A00D8E0220EA84C
:101B6000069BC018D11A8D1E07959A1A521C09920D
:101B700046AAD61EA21E0892621E0C920025A942F9
:101B80001BD033199F7847550C9AAA4218D0099A4E
:101B9000571917D05F7843195F70089AAA4215D079
:101BA000079AAA4214D0375D0D9AD21C0D929F70ED
:101BB000ED1CF61EAC42E2D10EE0069840190AE098
:101BC0000D9801E006984019401C04E00D9801E0D2
:101BD00006984019801C0D900D9FF8B2E028014630
:101BE00000D8E0214209062A0FD8431C0EAA0A9CFD
:101BF00014548B4201D11F4607E0821C0EAC6125B4
:101C0000E5548A4200D089E017460B984569002DBB
:101C100036D00D97F8B206900124671E0A26284692
:101C2000314615F0D3FD4643A91B3026314346AA61
:101C3000B954082F35D80A2D33D30A2115F0C6FD23
:101C4000314346A80155072F2AD8642D28D3642193
:101C5000284615F0BBFD0A2115F0B8FD314346A812
:101C6000001941707D20C100284615F0AFFDE41C2D
:101C7000062F03D809498D420546CED8641E10E0D0
:101C8000F8B24109072976D27F1C0D970EA93022A0
:101C90000A5457E0288A01005C8F0100E703000026
:101CA000641C069AE02A00D8E0220EA8069BC01801
:101CB000D11A8D1E07959A1A521C099246AAD61E51
:101CC000A21E0892621E0C920025A9421BD0331955
:101CD0009F7847550C9AAA4218D0099A571917D0DD
:101CE0005F7843195F70089AAA4215D0079AAA42F2
:101CF00024D0375D0D9AD21C0D929F70ED1CF61EFC
:101D0000AC42E2D11EE0069840191AE00D9801E0BD
:101D100006984019401C14E00D9811E0C31C0EAC4D
:101D20006325A5548B4200D165E7041D0EAAD55446
:101D30008C4201D000F0D3FC274666E70698401994
:101D4000801C0D900D9FF8B2E028014600D8E021DC
:101D50004209062A0FD8421C0EAB0A9C1C548A4228
:101D600001D1174607E0831C0EAC6C25A5548B42AD
:101D700000D083E01F460B98056A002D36D00D97E2
:101D8000F8B206900124671E0A262846314615F04F
:101D90001DFD4643A91B3026314346AAB954082FDE
:101DA0002FD80A2D2DD30A2115F010FD314346A856
:101DB0000155072F24D8642D22D36421284615F01D
:101DC00005FD0A2115F002FD314346A800194170B6
:101DD0007D20C100284615F0F9FCE41C062F03D82D
:101DE000E9498D420546CED8641E0AE0F8B24109A1
:101DF000072971D27F1C0D970EA930220A5452E098
:101E0000641C069AE02A00D8E0220EA8069BC0189F
:101E1000D11A8D1E07959A1A521C099246AAD61EEF
:101E2000A21E0892621E0C920025A9421BD03319F3
:101E30009F7847550C9AAA4218D0099A571917D07B
:101E40005F7843195F70089AAA4215D0079AAA4290
:101E500025D0375D0D9AD21C0D929F70ED1CF61E99
:101E6000AC42E2D11FE0069840191BE00D9801E05A
:101E700006984019401C15E00D9812E0C21C0EACEB
:101E8000039DE5548A4200D16BE7001D0EAB019C17
:101E90009C54884201D000F04CFC07466BE7069842
:101EA0004019801C0D900D9FF8B2E028014600D823
:101EB000E0214209062A0FD8441C0EAA0A9B13549B
:101EC0008C4201D1274607E0831C0EAD63222A55C0
:101ED0008B4200D083E01F460B98456A002D36D018
:101EE0000D97F8B206900124671E0A26284631464F
:101EF00015F06CFC4643A91B3026314346AAB95461
:101F0000082F2FD80A2D2DD30A2115F05FFC31435D
:101F100046A80155072F24D8642D22D364212846D2
:101F200015F054FC0A2115F051FC314346A8001964
:101F300041707D20C100284615F048FCE41C062FA6
:101F400003D891498D420546CED8641E0AE0F8B206
:101F5000410907296FD27F1C0D970EA930220A5420
:101F600050E0641C069AE02A00D8E0220EA8069BE6
:101F7000C018D11A8D1E07959A1A521C099246AAAA
:101F8000D61EA21E0892621E0C920025A9421BD0EA
:101F900033199F7847550C9AAA4218D0099A5719B5
:101FA00017D05F7843195F70089AAA4215D0079A34
:101FB000AA4223D0375D0D9AD21C0D929F70ED1C62
:101FC000F61EAC42E2D11DE00698401919E00D98CA
:101FD00001E006984019401C13E00D9810E0C41C65
:101FE0000EAD7226EE548C4200D16BE7001D0EAB95
:101FF0001A55884200D0A2E307466DE706984019BB
:10200000801C0D900D9FF9B2E029084600D8E02011
:102010004A09062A0FD84B1C0EAA0A9C5454834224
:1020200001D11F4607E08A1C0EAC6625E5548242AA
:1020300000D083E017460B98856B002D36D00D97A6
:10204000F8B206900124671E0A262846314615F08C
:10205000BDFB4643A91B3026314346AAB954082F7D
:102060002FD80A2D2DD30A2115F0B0FB314346A8F5
:102070000155072F24D8642D22D36421284615F05A
:10208000A5FB0A2115F0A2FB314346A800194170B7
:102090007D20C100284615F099FBE41C062F03D8CB
:1020A00039498D420546CED8641E0AE0F8B241098E
:1020B000072973D27F1C0D970EA930220A5451E0D4
:1020C000641C069AE02A00D8E0220EA8069BC018DD
:1020D000D11A8D1E07959A1A521C099246AAD61E2D
:1020E000A21E0892621E0C920025A9421BD0331931
:1020F0009F7847550C9AAA4218D0099A571917D0B9
:102100005F7843195F70089AAA4215D0079AAA42CD
:1021100024D0375D0D9AD21C0D929F70ED1CF61ED7
:10212000AC42E2D11EE0069840191AE00D9801E099
:1021300006984019401C14E00D9811E0CB1C0EAC21
:102140006925A554834200D16BE70C1D0EAA039D9F
:10215000D554844200D0F8E227466CE7069840192F
:10216000801C0D900D9FF9B2E029084600D8E020B0
:102170004A09062A12D84B1C0EAA0A9C54548342C0
:1021800004D11F460AE0C046E70300008A1C0EACDB
:102190006425E554824200D083E017460B98C56B56
:1021A000002D36D00D97F8B206900124671E0A263E
:1021B0002846314615F00AFB4643A91B3026314319
:1021C00046AAB954082F2FD80A2D2DD30A2115F06D
:1021D000FDFA314346A80155072F24D8642D22D398
:1021E0006421284615F0F2FA0A2115F0EFFA31437E
:1021F00046A8001941707D20C100284615F0E6FA76
:10220000E41C062F03D8F2498D420546CED8641E41
:102210000AE0F8B24109072970D27F1C0D970EA978
:1022200030220A5451E0641C069AE02A00D8E022C9
:102230000EA8069BC018D11A8D1E07959A1A521C1B
:10224000099246AAD61EA21E0892621E0C92002572
:10225000A9421BD033199F7847550C9AAA4218D02F
:10226000099A571917D05F7843195F70089AAA42E4
:1022700015D0079AAA4224D0375D0D9AD21C0D9230
:102280009F70ED1CF61EAC42E2D11EE0069840198C
:102290001AE00D9801E006984019401C14E00D98D2
:1022A00011E0CB1C0EAC7525A554834200D168E724
:1022B000091D0EAA7024D454814200D054E20F4666
:1022C0006CE706984019801C0D900D9FF9B2E0292B
:1022D000084600D8E0204A09062A0FD84B1C0EAA4F
:1022E0000A9C5454834201D11F4607E08A1C0EAC5D
:1022F0006F25E554824200D083E017460B98056CA9
:10230000002D36D00D97F8B206900124671E0A26DC
:102310002846314615F05AFA4643A91B3026314368
:1023200046AAB954082F2FD80A2D2DD30A2115F00B
:102330004DFA314346A80155072F24D8642D22D3E6
:102340006421284615F042FA0A2115F03FFA31437C
:1023500046A8001941707D20C100284615F036FAC4
:10236000E41C062F03D89A498D420546CED8641E38
:102370000AE0F8B24109072970D27F1C0D970EA917
:1023800030220A5451E0641C069AE02A00D8E02268
:102390000EA8069BC018D11A8D1E07959A1A521CBA
:1023A000099246AAD61EA21E0892621E0C92002511
:1023B000A9421BD033199F7847550C9AAA4218D0CE
:1023C000099A571917D05F7843195F70089AAA4283
:1023D00015D0079AAA4224D0375D0D9AD21C0D92CF
:1023E0009F70ED1CF61EAC42E2D11EE0069840192B
:1023F0001AE00D9801E006984019401C14E00D9871
:1024000011E0CB1C0EAC6C25A554834200D16BE7C8
:10241000091D0EAA6424D454814200D0A9E10F46BC
:102420006CE706984019801C0D900D9FF9B2E029C9
:10243000084600D8E0204A09062A0FD84A1C0EABED
:102440000A9C5C54824201D1174607E08B1C0EACFB
:102450006F25A554834200D083E01F460B98446843
:10246000002C34D00D970126771E0A2520462946D8
:1024700015F0ACF94543611B3025294346AAB954F0
:10248000082F2FD80A2C2DD30A2115F09FF92943A4
:1024900046A88155072F24D8642C22D364212046D6
:1024A00015F094F90A2115F091F9294346A88019ED
:1024B00041707D20C100204615F088F9F61C062FDA
:1024C00003D8C5498C420446CED8761E0AE0F8B23D
:1024D000410907296AD27F1C0D970EA930220A54A0
:1024E00053E0761C0D98C3B2E02B184600D8E020CC
:1024F0000EA9C918C21A941E09940893181A401CF0
:102500000B9046A8C71EB01E0A90701E0C900025A6
:10251000AA421BD0BC19A07848550C98A84218D0E4
:102520000B98401917D060784C1960700A98A8422F
:1025300015D00998A84224D0B85D0D9BDB1C0D93E3
:10254000A070ED1CFF1EAE42E2D11EE008984019BB
:102550001AE00D9801E008984019401C14E00D980D
:1025600011E0CA1C0EAC029DE554824200D16BE71B
:10257000091D0EAB66249C54814200D0FEE00F463C
:102580006CE708984019801C0D900D9FF9B248091E
:1025900006280BD8481C0EAA0D235354E02801D15D
:1025A000E02703E0BF1C0EA90A220A548B4DFFB29C
:1025B0008B4800888B4E3188C94340182840B84268
:1025C00008D28A488169491C816149B0F0BDC04682
:1025D000E70300007C1E0321204615F0F7F84A1C93
:1025E0000021032A084600D010460C92022C20D36A
:1025F000391A0D9100217C4C0EAA5718525C2B46BB
:10260000358862553288521C1A4032807A78358873
:1026100062553288521C1A403280BA783588625529
:102620001D463288521C1A403280C91C0D9A8A42BB
:10263000E2D10C9A032A15D00EAA51186A4A0B78D7
:102640003488135533885B1C2B403380012809D014
:102650004B783488135533885B1C2B403380891C9E
:10266000801EECD149B0F0BDCB1C0EAC6125A55449
:10267000834201D1FFF71EFA0A1D0EAC7225E55404
:10268000824201D1FFF720FA4B1D0EAC7325A554F1
:10269000834201D1FFF70EFA8A1D0EAC039DE5546B
:1026A000824201D1FFF710FAC91D0EAB64249C547D
:1026B000814200D083E00F46FFF707FACB1C0EAC37
:1026C0007925A554834201D1FFF753F90C1D0EAAB9
:1026D000049DD554844256D12746FFF755F9421D33
:1026E0000EAB039D1D558A4201D1FFF78DFA831D64
:1026F0000EAC7025A5548B4201D1FFF77CFAC41DA6
:102700000EAA049DD5548C4201D1FFF715FB024659
:1027100008320EAB039D1D558A4201D1FFF774FAB2
:1027200009300EAB64249C5488424ED10746FFF713
:102730006CFA7F1D0EA9059A0A54FFF71CFB7F1D3A
:102740000EA9059A0A54FFF7C7FB4A1D0EAB6C256C
:102750001D55824200D16DE4891D0EAB64249C544A
:10276000814221D10F4666E47F1D0EA8059A42548E
:1027700014E57F1D0EA8059A4254BFE57F1D0EA8E3
:10278000059A42546AE64A1D0EAB039D1D558242CE
:1027900001D1FFF7F8F8891D0EAB73249C548142D8
:1027A00007D10F46FFF7F0F8FF1D0EA8059A425417
:1027B00041E4FF1D0EA8059A4254FFF7E5F80837DB
:1027C0000EA8059A4254FFF780F90A370EA9059A18
:1027D0000A54FFF71AFAC046E7030000FF0700009B
:1027E0002A19202028192020000020202817202026
:1027F000F0B5D3B00C930D4604461192D069211A5E
:102800000D910026F14300280B4600D00D9BA848EF
:102810008268A01A0292002A00D001460A910B9009
:1028200014A84421017042214170472181702C225B
:10283000C27043210171542107914171522181716C
:102840004C21C171129202727421039141723D2197
:1028500009918172002C049406933CD00F950121BC
:102860000C223546139117460A262046314614F0AD
:10287000ADFF139B4643A11B30220A436E1C50A997
:102880004A55082D04D8591C7A1C092C0446E8D84E
:102890001C4610970321284614F098FF4F1C032F65
:1028A0001ED03846022D1ED3139750AAD31E341AB9
:1028B00000229D19AF7814A98918CF726D780D7315
:1028C0009D5D4D73D21CDB1E9442F2D1B31A0B32C4
:1028D0001099139F0AE014A83021C1720C2118E04E
:1028E0000020022DE0D223460B221099032F0F9DCA
:1028F0000FD014A9891850AA9A18921E53780B70F9
:10290000012805D013784B70891C921E801EF5D1CA
:1029100010990C46C8B214A90A18129B0B546F21C7
:1029200051706C210191917064210091D1700999CD
:102930001171072D03D8A9005E4A525800E05E4A83
:1029400011993C311191611D1778002F2AD0CBB21B
:1029500014AC24180F94EB24201A10900026F020B9
:10296000109CB442139037D094190F9DAD196F711C
:102970006778002F13D010465A1CF02A2CD0AF7164
:10298000A778002F0DD09A1CF02A25D0DB1CC91C7B
:10299000EF71E778F61C002F0246E0D102E0491CF7
:1029A00000E0891CCBB2F02B1A4600D8F02218099F
:1029B0000E2801D913910FE0581C14AC129DE55458
:1029C000904201D1139007E09C1C14AD6E262E544A
:1029D000944200D095E013941199897807290591C4
:1029E00003D88900334A525800E0334A117800294D
:1029F00013982FD0C3B2F02B1D4600D8F02514AC8D
:102A0000E4180895ED1AAB1E0E9310956B1E0F93EC
:102A10000023109D9D4218D0D618E1547778002FDE
:102A200015D00F99994210D0E1184F70B778002F48
:102A30000FD015460E9A9A4207D0C01C8F70F178BD
:102A4000DB1C00292A46E4D104E0089802E0401C7F
:102A500000E0801C589908910599052900D0B9E03B
:102A6000C2B2F02A114600D8F02113090E2B0FD85C
:102A7000541C14AB129D9D548C4201D1204607E09A
:102A8000931C14AD63262E558B4200D080E018466F
:102A9000049C1199497804290B9B49D8074DC046DD
:102AA0007944097949008F440B443F413D00C046B9
:102AB000A8162020288B01005C8F01003C8F0100AC
:102AC000F84D0299002934D0F74AC73A934230D8DA
:102AD0000799089B595C091FC9B20A2905D2F34B13
:102AE000CB40DB0701D000F0FFFD0899896C631A29
:102AF000EF4D93422A4600D8EE4A002919D01546D8
:102B000017E0D81C14AD65262E55904200D159E728
:102B10001B1D14AC77252554934201D000F0C9FD4C
:102B2000139359E7E44D04E0E44D02E0E44D00E086
:102B3000E44D2F78002F4DD01095C1B2F0290B46EF
:102B400000D8F02314AA521813935B1A991E0E9101
:102B5000591E0F910026B34217D010998919975525
:102B60004C78002C33D00F9DB5420ED097197C7055
:102B70008C78002C2DD00E9DB54206D0C01CBC70A8
:102B8000CF78F61C002FE6D124E00B980D9E3DE097
:102B9000D41C14AD6126EE548C4200D16EE7131D97
:102BA00014AD75262E558B4200D170E7541D14AD1F
:102BB0007326EE548C4200D160E7921D14AB65255C
:102BC0001D558A4201D000F0A5FD104660E7401C6B
:102BD00000E0801CC2B2F02A114600D8F02113098F
:102BE0000E2B0D9E01D913900FE0571C14AB129CB5
:102BF0009C548F4201D1139707E0931C14AC6D25B0
:102C0000E5558B4200D017E213930B98069B002BDF
:102C10000BD415D1139EF4B221090F2900D39FE0E4
:102C2000731C14A930220A5580E0139AD0B201090E
:102C30000E2904D8521C139214A92D220A545E4264
:102C400001256F1E0A243046214614F0BFFD44437F
:102C5000311B3024214350AAB954082F25D80A2EFD
:102C600023D30A2114F0B2FD214350A84155072F68
:102C70001AD8642E18D36421304614F0A7FD0A2117
:102C800014F0A4FD214350A8401941707D20C100DB
:102C9000304614F09BFDED1C062F03D882498E426E
:102CA0000646CED86D1E00E06D1C13980346C4B2D4
:102CB000F02C204600D8F02014A90919021B961EFA
:102CC0000D960694201A401C0F9050A8C71EA81EEF
:102CD0000E90681E10900026B24219D07C19A07880
:102CE00088551098B04216D00F98801915D060788A
:102CF0008C1960700E98B04213D00D98B04212D06B
:102D0000785DDB1CA070F61CFF1EB542E4D10DE01F
:102D1000069883190AE05B1C08E006988019431C9A
:102D200004E09B1C02E006988019831C1E46D9B261
:102D3000F029084600D8F0200A090E2A0FD84B1CAB
:102D400014AA129C5454834201D11E4607E08A1CE7
:102D500014AC7225E554824200D039E116460B9836
:102D60000A99002902D474D013960AE0F0B201093E
:102D70000E2903D8761C14A92D220A5413960A98FA
:102D8000404201256F1E0A242146064614F01EFD0E
:102D90004443311B3024214350AAB954082F25D86D
:102DA00033460A2E22D30A2114F010FD214350AAE3
:102DB0005155072F19D83046642E16D3642114F0CC
:102DC00005FD0A2114F002FD214350A8401941706D
:102DD0007D20C100304614F0F9FCED1C062F02D80E
:102DE00031498E42CED86D1E00E06D1C139803460B
:102DF000C4B2F02C204600D8F02014A90919021BF7
:102E0000961E0D960B94201A401C0F9050A8C71EBA
:102E1000A81E0E90681E10900026B24222D07C1987
:102E2000A07888551098B0421FD00F9880191ED0F6
:102E300060788C1960700E98B0421CD00D98B0422A
:102E40001BD0785DDB1CA070F61CFF1EB542E4D1E0
:102E500016E0F0B201090F293ED2731C14A93022EA
:102E60000A540DE00B9883190AE05B1C08E00B98EC
:102E70008019431C04E09B1C02E00B988019831C02
:102E80001E46D9B2F029084600D8F0200A090E2AB9
:102E900022D84B1C14AA129C5454834214D11E46AF
:102EA0001AE0C046638D0100E70300000F03000035
:102EB000828C0100A68D0100F68E01004C8E01006F
:102EC000148E01005C8F01008A1C14AC7325E5543C
:102ED000824200D09AE016460C98048A002C36D024
:102EE0001396F0B20B9001277E1E0A252046294634
:102EF00014F06CFC4543611B3025294350AAB154A2
:102F0000082E30D80A2C2ED30A2114F05FFC294356
:102F100050A8C155072E25D8642C23D36421204600
:102F200014F054FC0A2114F051FC294350A8C01994
:102F300041707D20C100204614F048FCFF1C062E85
:102F400003D8F9498C420446CED87F1E0BE0F0B27C
:102F500001090F2900D3A5E0761C139614A930228D
:102F60000A5486E07F1C0B9AF02A00D8F02214A89D
:102F70000B9BC018D11A8C1E0D949A1A521C0F92DA
:102F800050AAD51EBA1E0E927A1E10920024A1429B
:102F90001BD0EB199E780655109AA24246D00F9A84
:102FA000161945D05E7803195E700E9AA2425AD067
:102FB0000D9AA24259D0EE5D139AD21C13929E70C4
:102FC000E41CED1EA742E2D153E00B9800194FE03C
:102FD000CB1C14AC7825A554834200D1B5E60A1D5C
:102FE00014AC6125E554824200D1B7E64B1D14AC08
:102FF0006725A554834200D1A7E6891D14AA65243C
:10300000D454814200D074E30E46A8E6CB1C14AC25
:103010006525A554834200D141E7091D14AA7124F6
:10302000D454814200D03FE30E4655E7139801E0A7
:103030000B980019401C1BE0D71C14AC6125E5540B
:103040008F4200D1D7E5131D14AC6725E5558B429F
:1030500000D1D9E5521D14AC6525E5548A4200D053
:103060002EE31392D1E5139801E00B980019801C10
:103070001390139EF0B2F028014600D8F021020907
:103080000E2A0FD8431C14AA129C14548B4201D14F
:103090001E4607E0821C14AC7625E5548A4200D017
:1030A00083E016460C984478002C36D01396F0B284
:1030B0000B9001277E1E0A252046294614F086FB28
:1030C0004543611B3025294350AAB154082E2FD8FF
:1030D0000A2C2DD30A2114F079FB294350A8C1559D
:1030E000072E24D8642C22D36421204614F06EFBD2
:1030F0000A2114F06BFB294350A8C01941707D20B0
:10310000C100204614F062FBFF1C062E03D8934931
:103110008C420446CED87F1E0AE0F0B201090F2986
:103120007ED2761C139614A930220A545FE07F1CCD
:103130000B9AF02A00D8F02214A80B9BC018D11AC1
:103140008C1E0D949A1A521C0F9250AAD51EBA1EAC
:103150000E927A1E10920024A1421BD0EB199E7889
:103160000655109AA24218D00F9A161917D05E78F9
:1031700003195E700E9AA24215D00D9AA24232D067
:10318000EE5D139AD21C13929E70E41CED1EA742B2
:10319000E2D12CE00B98001928E0139801E00B987D
:1031A0000019401C22E013981FE0C31C14AC6125D9
:1031B000A5548B4200D16BE7021D14AC019DE55470
:1031C0008A4200D16DE7431D14AC6925A5548B429A
:1031D00000D15DE7801D14AA009CD454884200D021
:1031E0008DE206465EE70B980019801C1390139E33
:1031F000F1B2F029084600D8F0200A090E2A0FD8AB
:103200004B1C14AA129C5454834201D11E4607E061
:103210008A1C14AC6D25E554824200D086E0164627
:103220000C988478002C36D01396F0B20C900127BD
:103230007E1E0A252046294614F0C8FA4543611B24
:103240003025294350AAB154082E30D80A2C2ED349
:103250000A2114F0BBFA294350A8C155072E25D8DE
:10326000642C23D36421204614F0B0FA0A2114F010
:10327000ADFA294350A8C01941707D20C1002046F5
:1032800014F0A4FAFF1C062E03D834498C420446DD
:10329000CED87F1E0BE0F0B201090F2900D384E0E5
:1032A000761C139614A930220A545DE07F1C0C9AF8
:1032B000F02A00D8F02214A80C9BC018D11A8C1E3A
:1032C0000D949A1A521C0F9250AAD51EBA1E0E9235
:1032D0007A1E10920024A1421BD0EB199E7806554D
:1032E000109AA24218D00F9A161917D05E780319B7
:1032F0005E700E9AA24215D00D9AA24230D0EE5DB9
:10330000139AD21C13929E70E41CED1EA742E2D1C8
:103310002AE00C98001926E0139801E00C98001997
:10332000401C20E013981DE0E7030000CB1C14AC08
:103330006525A554834200D168E70A1D14AC6125B8
:10334000E554824200D16AE7491D14AB73249C54B2
:10335000814200D0BBE10E4662E7C046E7030000B1
:103360000C980019801C1390139EF1B2F0290846A6
:1033700000D8F0200A090E2A17D84A1C14AB129C58
:103380005C54824201D116460FE08B1C14AC7325AD
:10339000A554834201D11E4607E0CC1C14AA039D0C
:1033A000D554844200D062E1264611980478002C5E
:1033B00036D01396F0B20D9001277E1E0A252046C6
:1033C000294614F003FA4543611B3025294350AACE
:1033D000B154082E2FD80A2C2DD30A2114F0F6F957
:1033E000294350A8C155072E24D8642C22D3642128
:1033F000204614F0EBF90A2114F0E8F9294350A80B
:10340000C01941707D20C100204614F0DFF9FF1C77
:10341000062E03D8C6498C420446CED87F1E0AE049
:10342000F0B201090F2960D2761C139614A930223C
:103430000A5441E07F1C0D9AF02A00D8F02214A80B
:103440000D9BC018D11A8C1E0E949A1A521C109201
:1034500050AAD51EBA1E0F927A1E11920024A142C4
:103460001BD0EB199E780655119AA24218D0109ADB
:10347000161917D05E7803195E700F9AA24215D004
:103480000E9AA24214D0EE5D139AD21C13929E7033
:10349000E41CED1EA742E2D10EE00D9800190AE0EF
:1034A000139801E00D980019401C04E0139801E006
:1034B0000D980019801C1390139EF0B2F02801465D
:1034C00000D8F02102090E2A0FD8441C14AA129B1E
:1034D00013548C4201D1264607E0831C14AD6522AB
:1034E0002A558B4200D0ADE01E4607980899085C2B
:1034F0000D2803D880009049095800E08B490F78C7
:10350000002F2BD03546F0B2F028034600D8F02328
:1035100014AA121810931B1A981E11901393581E78
:10352000129000261398B0421AD088199755447803
:10353000002C17D0129BB34212D097197C7084785C
:10354000002C11D00B461199B14209D0ED1CBC7072
:10355000C778F61C002F1946E4D106E0354604E092
:10356000109B14E06D1C00E0AD1CE9B208090E28A8
:1035700001D92B460BE0481C14AA0D235354F02804
:1035800001D1F02303E0AB1C14A90A220A546B4DAD
:10359000DFB26B4800886B4E3188C9434018284021
:1035A000B84205D269488169491C816153B0F0BDB8
:1035B0007C1E0321204614F009F94A1C0021032A2D
:1035C000084600D010461292022C20D3391A1391CB
:1035D00000215D4C14AA5718525C2B463588625561
:1035E0003288521C1A4032807A7835886255328887
:1035F000521C1A403280BA78358862551D4632888E
:10360000521C1A403280C91C139A8A42E2D1129A83
:10361000032A15D014AA51184B4A0B783488135535
:1036200033885B1C2B403380012809D04B783488C9
:10363000135533885B1C2B403380891C801EECD1D2
:1036400053B0F0BDC41C14AD7626EE548C4200D1AC
:1036500041E7031D14AD2A558B4200D144E7421DBA
:1036600014AC6E25E5548A4236D116463DE70A1D54
:1036700014AB72251D55824200D184E64B1D14AC5B
:103680006525A554834200D185E68A1D14AC6125C9
:10369000E554824200D176E6C91D14AB6B249C54DC
:1036A00081423DD10E4680E6761D14A8099A425407
:1036B00012E4481D139014A9099ACA54FFF78CF913
:1036C000801D139014A809998154FFF79EFAB61D26
:1036D00014A8099A4254A3E5801D14AB039C9C5482
:1036E000884211D1064600E78900124A5558FFF773
:1036F00020FAF61D14A8099A4254FFF730FBF61D74
:1037000014A9099A0A54CDE4139EF61D14A9099A26
:103710000A54EAE6C01D14A9099B8B54FFF7B8F9B7
:10372000083614A8099A42543FE6C0465C8F01004F
:10373000E7030000C08A0100288A0100FF0700009B
:103740002A192020281920200000202028172020B6
:10375000F0B5C3B00C920D91064610A8442101703B
:1037600042214170472181702C22C2704621017193
:10377000492141714C2181715421C171452101724E
:10378000522141720B92827274210591C1723D21C6
:1037900006910173002E3ED0002401210E222746FF
:1037A0000E9115460A243046214614F00FF80E9B60
:1037B0004443311B30220A437C1C40A9CA55082FC0
:1037C00004D8591C6A1C092E0646E8D81E460F95D7
:1037D0000321384613F0FAFF4D1C032D20D0284654
:1037E000022F20D30E9540AAD31E251A00221E199F
:1037F000B77810A989184F7376788E731E5DCE73D3
:10380000D21CDB1E9542F2D1A31A0D320F990E9DE8
:10381000032D0DD11CE010A8302141730E2117E0BB
:103820000020022FDED233460D220F99032D0FD038
:1038300010A9891840AA9A18921E53780B70012873
:1038400005D013784B70891C921E801EF5D10F99FC
:103850000A46CBB210A8C1180B9CC4547220487001
:1038600065200390887073200490C87075200290C2
:1038700008716C200190487105988871069CCC7184
:103880000D98005D042803D88000F149085800E035
:10389000F04808320578002D24D00F901046D1B2A0
:1038A00010AAD2180E92B824E31A0024A3421BD007
:1038B0000F9A16190E9A17193D727578002D19D0A6
:1038C0004A1CC02A10D07D72B578002D14D08A1CF5
:1038D000C02A09D0C91CC01CBD72F578E41C002D9B
:1038E000E4D10AE0104608E00C98068AC023002EB6
:1038F0001FD1C7E0401C00E0801C0346C1B2C029B4
:103900000D4600D8C0258A09022A0ED84A1C10ABE1
:103910000B9C5C54AA4201D1134606E08B1C10ACF0
:10392000049EA654AB4200D016E20C98068A002EE4
:1039300034D00F9301256F1E0A243046214613F020
:1039400045FF4443311B3024214340AAB954082F7A
:103950002FD80A2E2DD30A2113F038FF214340A877
:103960004155072F24D8642E22D36421304613F00A
:103970002DFF0A2113F02AFF214340A8401941706E
:103980007D20C100304613F021FFED1C062F03D827
:10399000B1498E420646CED86D1E0AE0D8B28109E2
:1039A00002296FD85B1C0F9310A930220A5443E000
:1039B0006D1C0F98C3B2C02B184600D8C02010A9A8
:1039C000C918C21A941E08940793181A401C0A902A
:1039D00040A8C71EA81E0990681E0E900026B2427D
:1039E0001BD07C19A07888550E98B04218D00A9840
:1039F000801917D060788C1960700998B04215D082
:103A00000898B04214D0785D0F9BDB1C0F93A07018
:103A1000F61CFF1EB542E2D10EE0079880190AE0BD
:103A20000F9801E007988019401C04E00F9801E00E
:103A300007988019801C0F900F9BD9B2C0290846A7
:103A400000D8C0208A09022A1CD84B1C10AA0B9C43
:103A50005454834216D08A1C10AC7625E554824219
:103A600001D113460EE0CB1C10AC6125A554834256
:103A700008D00C1D10AA019DD554844201D000F03D
:103A8000BDFC23460C984678002E36D00F93D8B252
:103A9000079001277D1E0A243046214613F096FE2A
:103AA0004443311B3024214340AAA954082D2FD868
:103AB0000A2E2DD30A2113F089FE214340A8C155B7
:103AC000072D24D8642E22D36421304613F07EFEC5
:103AD0000A2113F07BFE214340A8C01941707D20CC
:103AE000C100304613F072FEFF1C062D03D85A4960
:103AF0008E420646CED87F1E0AE0D8B2810903293D
:103B00005FD25B1C0F9310A930220A5441E07F1C46
:103B1000079AC02A00D8C02210A8079BC018D11A43
:103B20008C1E08949A1A521C0A9240AAD51EBA1EDC
:103B300009927A1E0E920024A1421BD0EB199E78A6
:103B400006550E9AA24218D00A9A161917D05E7816
:103B500003195E70099AA24215D0089AA24214D0A5
:103B6000EE5D0F9AD21C0F929E70E41CED1EA742D0
:103B7000E2D10EE0079800190AE00F9801E00798DB
:103B80000019401C04E00F9801E007980019801C00
:103B90000F900F9BD8B2C028014600D8C0218209DF
:103BA000022A0ED8421C10AB0B9C1C548A4201D135
:103BB000134606E0831C10AC6D25A5548B4200D043
:103BC0008AE00C988678002E36D00F93D8B20790F2
:103BD00001277D1E0A243046214613F0F7FD444399
:103BE000311B3024214340AAA954082D37D80A2E6E
:103BF00035D30A2113F0EAFD214340A8C155072D12
:103C00002CD8642E2AD36421304613F0DFFD0A211C
:103C100013F0DCFD214340A8C01941707D20C10094
:103C2000304613F0D3FDFF1C062D03D80A498E42FF
:103C30000646CED87F1E12E0D8B28109032900D3F0
:103C40009FE05B1C0F9310A930220A545FE0C0462E
:103C5000348C01005C8F0100E70300007F1C079A91
:103C6000C02A00D8C02210A8079BC018D11A8C1EE9
:103C700008949A1A521C0A9240AAD51EBA1E09929A
:103C80007A1E0E920024A1421BD0EB199E78065595
:103C90000E9AA24218D00A9A161917D05E78031904
:103CA0005E70099AA24215D0089AA2422BD0EE5D0E
:103CB0000F9AD21C0F929E70E41CED1EA742E2D117
:103CC00025E00798001921E00F9801E007980019F6
:103CD000401C1BE00F9818E0C21C10AC039DE5547B
:103CE0008A4200D164E7031D10AC6125A5548B42C4
:103CF00000D166E7401D10AA049CD454884200D02D
:103D000094E303465DE707980019801C0F900F9B12
:103D1000D8B2C028014600D8C0218209022A30D872
:103D2000431C10AA0B9C14548B422AD0821C10AC4A
:103D30007025E5548A4201D1134622E0C31C10AC21
:103D40006F25A5548B421CD0001D10AA049CD4548E
:103D5000884211D1034614E0CA1C10AC039EE654FD
:103D6000AA4200D1D8E5091D10AB71249C54A94288
:103D700000D054E30B46D8E50F9B5B1D10A9069AB3
:103D80000A5412200C990D5E002D02D474D00F93AA
:103D900009E0D8B28109022903D85B1C10A92D22A1
:103DA0000A540F936D420126771E0A2428462146A5
:103DB00013F00CFD4443291B3024214340AAB9547D
:103DC000082F25D80A2D23D30A2113F0FFFC214305
:103DD00040A88155072F1AD8642D18D3642128468E
:103DE00013F0F4FC0A2113F0F1FC214340A88019E0
:103DF00041707D20C100284613F0E8FCF61C062F18
:103E000003D8FE498D420546CED8761E00E0761CCA
:103E10000F98C3B2C02B184600D8C02010A9C918EB
:103E2000C21A941E09940893181A401C0C9040A8BA
:103E3000C71EB01E0A90701E0E900025AA4225D003
:103E4000BC19A07848550E98A84222D00C98401969
:103E500021D060784C1960700A98A8421FD0099848
:103E6000A8421ED0B85D0F9BDB1C0F93A070ED1C09
:103E7000FF1EAE42E2D118E0D8B28109032938D240
:103E80005B1C0F9310A930220A540EE008984019C9
:103E90000AE00F9801E008984019401C04E00F98D0
:103EA00001E008984019801C0F900F9BD8B2C028E1
:103EB000014600D8C0218209022A1AD8431C10AA40
:103EC0000B9C14548B4214D0821C10AC6125E55419
:103ED0008A4201D113460CE0C31C10AC6325A554E3
:103EE0008B4206D0041D10AAD5548C4200D060E24B
:103EF00023460D98056A002D36D00F93D8B208904E
:103F000001277E1E0A242846214613F05FFC444305
:103F1000291B3024214340AAB154082E2FD80A2D42
:103F20002DD30A2113F052FC214340A8C155072E7E
:103F300024D8642D22D36421284613F047FC0A219B
:103F400013F044FC214340A8C01941707D20C100FA
:103F5000284613F03BFCFF1C062E03D8A7498D42D0
:103F60000546CED87F1E0AE0D8B28109032966D261
:103F70005B1C0F9310A930220A5441E07F1C089A61
:103F8000C02A00D8C02210A8089BC018D11A8C1EC5
:103F900009949A1A521C0C9240AAD51EBA1E0A9273
:103FA0007A1E0E920024A1421BD0EB199E78065572
:103FB0000E9AA24218D00C9A161917D05E780319DF
:103FC0005E700A9AA24215D0099AA24214D0EE5D00
:103FD0000F9AD21C0F929E70E41CED1EA742E2D1F4
:103FE0000EE0089800190AE00F9801E008980019FF
:103FF000401C04E00F9801E008980019801C0F9005
:104000000F9BD9B2C029084600D8C0208A09022ACD
:1040100015D84A1C10AB0B9C5C54824201D113464C
:104020000DE08B1C10AC6A25A554834207D0CC1C34
:1040300010AA029DD554844200D09CE123460D98DD
:10404000456A002D36D00F93D8B2089001277E1E06
:104050000A242846214613F0B9FB4443291B302487
:10406000214340AAB154082E2FD80A2D2DD30A215E
:1040700013F0ACFB214340A8C155072E24D8642D72
:1040800022D36421284613F0A1FB0A2113F09EFBE2
:10409000214340A8C01941707D20C100284613F07B
:1040A00095FBFF1C062E03D8F0498D420546CED85D
:1040B0007F1E0AE0D8B28109032965D25B1C0F93E9
:1040C00010A930220A5441E07F1C089AC02A00D867
:1040D000C02210A8089BC018D11A8C1E09949A1AE5
:1040E000521C0C9240AAD51EBA1E0A927A1E0E923B
:1040F0000024A1421BD0EB199E7806550E9AA242CD
:1041000018D00C9A161917D05E7803195E700A9AA7
:10411000A24215D0099AA24214D0EE5D0F9AD21C89
:104120000F929E70E41CED1EA742E2D10EE00898AB
:1041300000190AE00F9801E008980019401C04E0FB
:104140000F9801E008980019801C0F900F9BD9B2BE
:10415000C029084600D8C0208A09022A14D84B1C5E
:1041600010AA0B9C545483420ED08A1C10AC6825B4
:10417000E554824201D1134606E0CB1C10AC6F25FA
:10418000A554834200D005E10D98846A002C37D0F5
:104190000F930126771E0A252046294613F016FBA9
:1041A0004543611B3025294340AAB954082F32D812
:1041B0000A2C30D30A2113F009FB294340A881556A
:1041C000072F27D8642C25D36421204613F0FEFA4C
:1041D0000A2113F0FBFA294340A8801941707D2081
:1041E000C100204613F0F2FAF61C062F03D89F49AF
:1041F0008C420446CED8761E0DE0C046E703000090
:10420000D8B2810903295BD25B1C0F9310A930221D
:104210000A5443E0761C0F98C3B2C02B184600D84E
:10422000C02010A9C918C21A941E0B940A93181A18
:10423000401C0D9040A8C71EB01E0C90701E0E9022
:104240000025AA421BD0BC19A07848550E98A84258
:1042500018D00D98401917D060784C1960700C98E0
:10426000A84215D00B98A84214D0B85D0F9BDB1C58
:104270000F93A070ED1CFF1EAE42E2D10EE00A9833
:1042800040190AE00F9801E00A984019401C04E028
:104290000F9801E00A984019801C0F900F9BD9B22B
:1042A000880902280CD8481C10AA0D235354C02892
:1042B00001D1C02304E00F9B9B1C10A90A220A54C1
:1042C0006B4DDFB26B4800886B4E3188C943401894
:1042D0002840B84205D26A488169491C816143B0CF
:1042E000F0BD7C1E0321204613F070FA4A1C002109
:1042F000032A084600D010460E92022C20D3391A09
:104300000F9100215D4C10AA5718525C2B4635883E
:1043100062553288521C1A4032807A78358862554C
:104320003288521C1A403280BA78358862551D4650
:104330003288521C1A403280C91C0F9A8A42E2D13C
:104340000E9A032A15D010AA51184C4A0B783488BB
:10435000135533885B1C2B403380012809D04B78E0
:104360003488135533885B1C2B403380891C801E96
:10437000ECD143B0F0BD0A1D10AB6D251D55824236
:1043800000D14CE6491D10AB70249C54814254D19D
:104390000B4654E60A1D10AC019DE554824200D143
:1043A000E9E6491D10AB64249C5481424BD10B4675
:1043B000EAE6421D10AB039D1D558A4200D189E5F6
:1043C000831D10AC7025A5548B4200D191E5C41D0E
:1043D00010AA059DD5548C4200D189E502460832C9
:1043E00010AB039D1D558A4200D173E5093010AB17
:1043F00064249C54884233D103467AE54A1D10ABAD
:1044000069251D55824201D1FFF72BFB891D10AB99
:1044100064249C5481421CD10B46FFF733FB0346B6
:10442000431D10A8069A4254FFF77FFA0F9B9B1D6D
:1044300010A9069A0A54FFF7C4FB0F9B9B1D10A8F6
:10444000069A4254FBE50F9B9B1D10A8069A425406
:104450009AE60F9BDB1D10A8069A4254FFF712FB49
:104460000F9B0A3310A9069A0A5442E5E70300009D
:10447000FF0700002A1920202819202000002020F2
:1044800028172020F0B58DB0002614F043F904461B
:104490003046314613F05CFED64813F0E1FB019440
:1044A000E06A012504963146039505916A1E06923D
:1044B0000A2207920746049D2B4614F017F804467B
:1044C0000E46079A2B4613F0E1FD381A3025284393
:1044D00008A9069A5054029705980A3F049A9041F9
:1044E000079536D30A220027204631463B4613F073
:1044F000FDFF2A4308A8039BC254069911291D46B3
:10450000029E28D8304664380598B84123D36422E7
:1045100000243046059F3946234613F0E7FF0A2260
:10452000234613F0E3FF0798024308A8401942709E
:104530007D20C20030463946234613F0D7FFED1CDC
:10454000069A102A03D8AC4A921BBC41ACD36D1E0C
:1045500002E0039D00E06D1C681E0321069013F02D
:1045600035F9481C032803D00446032803D114E07E
:104570000024032811D008A82F46861EF019407881
:1045800012F028FC012C07D0BD1EF05D12F022FCB9
:10459000A41E2F46F2D100E07D1E0698022810D3FB
:1045A0006C4208A82818C51EA87812F013FC687879
:1045B00012F010FC287812F00DFCE41CED1E002C0B
:1045C000F2D18E4813F04CFB0198006B00210125BD
:1045D0000491039505916A1E06920A2202920746EB
:1045E000049D2B4613F082FF04460E46029A2B468A
:1045F00013F04CFD381A079D284308A9069A505419
:10460000029705980A3F049A904136D30A22002760
:10461000204631463B4613F069FF2A4308A8039B16
:10462000C254069911291D46029E28D83046643886
:104630000598B84123D3642200243046059F3946AB
:10464000234613F053FF0A22234613F04FFF079827
:10465000024308A8401942707D20C2003046394606
:10466000234613F043FFED1C069A102A03D8624A32
:10467000921BBC41ADD36D1E02E0039D00E06D1C9A
:10468000681E0321069013F0A1F8481C032803D0EC
:104690000446032803D114E00024032811D008A8FD
:1046A0002F46861EF019407812F094FB012C07D09B
:1046B000BD1EF05D12F08EFBA41E2F46F2D100E06D
:1046C0007D1E0698022810D36C4208A82818C51E23
:1046D000A87812F07FFB687812F07CFB287812F043
:1046E00079FBE41CED1E002CF2D1022000242146AF
:1046F00013F02EFD424813F0B3FA0198406B0125E8
:1047000004942146039505916A1E06920A2202929C
:104710000746049D2B4613F0E9FE04460E46029A16
:104720002B4613F0B3FC381A079D284308A9069AB4
:104730005054029705980A3F049A904136D30A22B2
:104740000027204631463B4613F0D0FE2A4308A8F6
:10475000039BC254069911291D46029E28D8304653
:1047600064380598B84123D3642200243046059F5D
:104770003946234613F0BAFE0A22234613F0B6FE4A
:104780000798024308A8401942707D20C2003046B5
:104790003946234613F0AAFEED1C069A102A03D8C8
:1047A000154A921BBC41ADD36D1E02E0039D00E093
:1047B0006D1C681E0321069013F008F8481C03289E
:1047C00003D00446032803D11DE0002403281AD097
:1047D00008A82F46861EF019407812F0FBFA012C2B
:1047E00010D0BD1EF05D12F0F5FAA41E2F46F2D1D6
:1047F00009E0C046D8930100E70300007A92010067
:10480000869301007D1E0698022810D36C4208A8EA
:104810002818C51EA87812F0DDFA687812F0DAFAC6
:10482000287812F0D7FAE41CED1E002CF2D1D648FD
:1048300013F016FA0198806B00210125049103956D
:1048400005916A1E06920A2202920746049D2B4693
:1048500013F04CFE04460E46029A2B4613F016FC4B
:10486000381A079D284308A9069A505402970598BC
:104870000A3F049A904136D30A2200272046314647
:104880003B4613F033FE2A4308A8039BC254069903
:1048900011291D46029E28D8304664380598B84133
:1048A00023D3642200243046059F3946234613F063
:1048B0001DFE0A22234613F019FE0798024308A89A
:1048C000401942707D20C20030463946234613F01D
:1048D0000DFEED1C069A102A03D8AC4A921BBC416F
:1048E000ADD36D1E02E0039D00E06D1C681E032128
:1048F000069012F06BFF481C032803D004460328DF
:1049000003D114E00024032811D008A82F46861EE6
:10491000F019407812F05EFA012C07D0BD1EF05D50
:1049200012F058FAA41E2F46F2D100E07D1E069820
:10493000022810D36C4208A82818C51EA87812F0C7
:1049400049FA687812F046FA287812F043FAE41C23
:10495000ED1E002CF2D104200024214613F0F8FBB8
:104960008B4813F07DF90198C06B01250494214612
:10497000039505916A1E06920A2202920746049D3B
:104980002B4613F0B3FD04460E46029A2B4613F055
:104990007DFB381A079D284308A9069A50540297B0
:1049A00005980A3F049A904136D30A2200272046F0
:1049B00031463B4613F09AFD2A4308A8039BC25494
:1049C000069911291D46029E28D83046643805985C
:1049D000B84123D3642200243046059F394623463C
:1049E00013F084FD0A22234613F080FD079802434A
:1049F00008A8401942707D20C2003046394623463F
:104A000013F074FDED1C069A102A03D85F4A921B1E
:104A1000BC41ADD36D1E02E0039D00E06D1C681E1D
:104A20000321069012F0D2FE481C032803D004464E
:104A3000032803D114E00024032811D008A82F462E
:104A4000861EF019407812F0C5F9012C07D0BD1E62
:104A5000F05D12F0BFF9A41E2F46F2D100E07D1EDA
:104A60000698022810D36C4208A82818C51EA878FA
:104A700012F0B0F9687812F0ADF9287812F0AAF9BE
:104A8000E41CED1E002CF2D1424813F0E9F8019825
:104A9000C06C002101250491039505916A1E0692C0
:104AA0000A2202920746049D2B4613F01FFD04467E
:104AB0000E46029A2B4613F0E9FA381A079D28434E
:104AC00008A9069A5054029705980A3F049A904103
:104AD00036D30A220027204631463B4613F006FD16
:104AE0002A4308A8039BC254069911291D46029E19
:104AF00028D8304664380598B84123D3642200246E
:104B00003046059F3946234613F0F0FC0A2223461F
:104B100013F0ECFC0798024308A8401942707D206E
:104B2000C20030463946234613F0E0FCED1C069ADD
:104B3000102A03D8154A921BBC41ADD36D1E02E06A
:104B4000039D00E06D1C681E0321069012F03EFEDE
:104B5000481C032803D00446032803D11DE0002489
:104B600003281AD008A82F46861EF019407812F0A4
:104B700031F9012C10D0BD1EF05D12F02BF9A41EEE
:104B80002F46F2D109E0C04689920100E7030000F8
:104B900092930100629101007D1E0698022810D3B5
:104BA0006C4208A82818C51EA87812F013F9687876
:104BB00012F010F9287812F00DF9E41CED1E002C0B
:104BC000F2D106200024214613F0C2FAE04813F087
:104BD00047F80198006C012504942146039505913E
:104BE0006A1E06920A2202920746049D2B4613F083
:104BF0007DFC04460E46029A2B4613F047FA381AFB
:104C0000079D284308A9069A5054029705980A3F21
:104C1000049A904136D30A220027204631463B466B
:104C200013F064FC2A4308A8039BC2540699112977
:104C30001D46029E28D8304664380598B84123D3D3
:104C4000642200243046059F3946234613F04EFC6B
:104C50000A22234613F04AFC0798024308A8401989
:104C600042707D20C20030463946234613F03EFC98
:104C7000ED1C069A102A03D8B44A921BBC41ADD34E
:104C80006D1E02E0039D00E06D1C681E032106906E
:104C900012F09CFD481C032803D00446032803D1CE
:104CA00014E00024032811D008A82F46861EF0190E
:104CB000407812F08FF8012C07D0BD1EF05D12F085
:104CC00089F8A41E2F46F2D100E07D1E0698022826
:104CD00010D36C4208A82818C51EA87812F07AF8DC
:104CE000687812F077F8287812F074F8E41CED1E5A
:104CF000002CF2D1974812F0B3FF0198406C0021CC
:104D000001250491039505916A1E06920A220292DA
:104D10000746049D2B4613F0E9FB04460E46029A13
:104D20002B4613F0B3F9381A079D284308A9069AB1
:104D30005054029705980A3F049A904136D30A22AC
:104D40000027204631463B4613F0D0FB2A4308A8F3
:104D5000039BC254069911291D46029E28D830464D
:104D600064380598B84123D3642200243046059F57
:104D70003946234613F0BAFB0A22234613F0B6FB4A
:104D80000798024308A8401942707D20C2003046AF
:104D90003946234613F0AAFBED1C069A102A03D8C5
:104DA0006A4A921BBC41ADD36D1E02E0039D00E038
:104DB0006D1C681E0321069012F008FD481C032894
:104DC00003D00446032803D114E00024032811D0A3
:104DD00008A82F46861EF019407811F0FBFF012C21
:104DE00007D0BD1EF05D11F0F5FFA41E2F46F2D1D5
:104DF00000E07D1E0698022810D36C4208A82818EF
:104E0000C51EA87811F0E6FF687811F0E3FF287856
:104E100011F0E0FFE41CED1E002CF2D14E4812F020
:104E20001FFF0198866C0020012404900146039422
:104E30000691601E05900A2202923046049D2B4680
:104E400013F054FB07460C46029A2B4613F01EF94A
:104E5000301A079D284308A9059A505402960A3E25
:104E600006980499884136D30A22002638462146FE
:104E7000334613F03BFB06992A4308A8039C0255CE
:104E8000059B112B029D28D8284664380846B0415E
:104E900023D364221E46002728463B4613F026FBF8
:104EA0000A223B4613F022FB0798024308A8001988
:104EB00042707D20C200284606993B4613F016FB3F
:104EC000069BE41C102E04D8204A521B9F41064624
:104ED000ADD3641E02E0039C00E0641C2646601E05
:104EE0000321079012F072FC481C032803D00546EA
:104EF000032803D114E00025032811D008A8841E3C
:104F00003746E019407811F065FF012D07D0BE1E2D
:104F1000E05D11F05FFFAD1E3746F2D100E07E1E6E
:104F20000798022810D3744208A83018C51EA87824
:104F300011F050FF687811F04DFF287811F04AFF0A
:104F4000E41CED1E002CF2D10DB0F0BDE703000013
:104F5000AE9301007691010035910100F0B5C1B02A
:104F60000C9105460EA84421017042214170472151
:104F700081702C22C2705021017143214171542152
:104F800081715221C1714C210172079242727421C8
:104F9000069181723D210591C172002D3ED00027FE
:104FA00001210D223E460D9114460A272846394616
:104FB00012F00CFC0D9B4743E91B30220A43771C7F
:104FC0003EA98A55082E04D8591C621C092D054695
:104FD000E8D81D460B940321304612F0F7FB491C1C
:104FE000032920D00846022E20D30D913EAAD31EBD
:104FF0003C1A0022DD19AE780EA989180E736D785F
:105000004D73DD5D8D73D21CDB1E9442F2D1BD1A4F
:105010000C320B9B0D9903290CD11BE00EA83021FB
:1050200001730D2316E00020022EDED20C220B9B12
:1050300003290FD00EA989183EAAAA18921E5378E8
:105040000B70012805D013784B70891C921E801EAE
:10505000F5D10B9BDCB20EA80119079A0255662008
:105060000490487061200A90887075200290C87082
:105070006C2001900871069848710598887141204C
:105080000C99085C052803D88000FC49095800E009
:10509000FB49D81D0E78002E24D00D910146C2B2D6
:1050A0000EA800190B90B920041B0025AC421BD0A0
:1050B0000D9847190B984019C6717E78002E1BD0A9
:1050C000531CC02B10D00672BE78002E16D0931C35
:1050D000C02B09D0D21CC91C4672FE78ED1C002ED4
:1050E000E4D10CE001460AE00C980568C027002DC9
:1050F0003FD4002D3ED1CFE0491C00E0891C0F4673
:10510000C9B2C0290A4600D8C0228809022818D886
:10511000481C0EAB079C5C54904201D1074610E03E
:105120008C1C0EAB069D1D54944201D1274608E00D
:10513000CB1C0EA80A9D0555934201D000F010FC2F
:105140001F460C980568002D0BD413D1F8B28109C5
:10515000022900D9A0E07F1C0D970EA930220A5425
:1051600081E0F8B28109022903D87F1C0EA92D2203
:105170000A546D420D970124671E0A2628463146BF
:1051800012F024FB4643A91B302631433EAAB954F2
:10519000082F25D80A2D23D30A2112F017FB3143FB
:1051A0003EA80155072F1AD8642D18D3642128462C
:1051B00012F00CFB0A2112F009FB31433EA8001942
:1051C00041707D20C100284612F000FBE41C062F30
:1051D00003D8AC498D420546CED8641E00E0641C5D
:1051E0000D98C3B2C02B184600D8C0200EA9C9180C
:1051F000C21A951E08950393181A401C0A903EA8DF
:10520000C71EA01E0990601E0B900026B2421BD044
:105210003D19A87888550B98B04218D00A98801983
:1052200017D068788D1968700998B04215D0089821
:10523000B04214D0385D0D9BDB1C0D93A870F61C9A
:10524000FF1EB442E2D10EE0039880190AE00D98E7
:1052500001E003988019401C04E00D9801E00398D8
:105260008019801C0D900D9FF8B2C028014600D80F
:10527000C0218209022A0FD8421C0EAB079C1C5485
:105280008A4201D1174607E0831C0EAC6325A55462
:105290008B4200D0BCE21F460C984568002D02D41A
:1052A00074D00D9709E0F8B28109022903D87F1C58
:1052B0000EA92D220A540D976D420124671E0A265D
:1052C0002846314612F082FA4643A91B3026314364
:1052D0003EAAB954082F25D80A2D23D30A2112F04B
:1052E00075FA31433EA80155072F1AD8642D18D3FB
:1052F0006421284612F06AFA0A2112F067FA314353
:105300003EA8001941707D20C100284612F05EFAC7
:10531000E41C062F03D85B498D420546CED8641E97
:1053200000E0641C0D98C3B2C02B184600D8C02002
:105330000EA9C918C21A951E08950693181A401C82
:105340000A903EA8C71EA01E0990601E0B90002662
:10535000B24225D03D19A87888550B98B04222D08A
:105360000A98801921D068788D1968700998B04220
:105370001FD00898B0421ED0385D0D9BDB1C0D93EA
:10538000A870F61CFF1EB442E2D118E0F8B2810901
:1053900003292DD27F1C0D970EA930220A540EE04E
:1053A000069880190AE00D9801E006988019401CC3
:1053B00004E00D9801E006988019801C0D900D9F67
:1053C000F8B2C028014600D8C0218209022A0FD8AD
:1053D000431C0EAA079C14548B4201D11F4607E0C0
:1053E000821C0EAC6525E5548A4200D0B3E0174616
:1053F0000C988568002D02D47BD00D9709E0F8B297
:105400008109022903D87F1C0EA92D220A540D9769
:105410006D420124671E0A262846314612F0D6F94D
:105420004643A91B302631433EAAB954082F2CD835
:105430000A2D2AD30A2112F0C9F931433EA8015599
:10544000072F21D8642D1FD36421284612F0BEF9FE
:105450000A2112F0BBF931433EA8001941707D20AA
:10546000C100284612F0B2F9E41C062F03D8054902
:105470008D420546CED8641E07E0C046988B0100D9
:105480005C8F0100E7030000641C0D98C3B2C02BC1
:10549000184600D8C0200EA9C918C21A951E089532
:1054A0000693181A401C0A903EA8C71EA01E099019
:1054B000601E0B900026B24225D03D19A878885571
:1054C0000B98B04222D00A98801921D068788D19A3
:1054D00068700998B0421FD00898B0421ED0385D5D
:1054E0000D9BDB1C0D93A870F61CFF1EB442E2D18D
:1054F00018E0F8B28109032944D27F1C0D970EA948
:1055000030220A540EE0069880190AE00D9801E056
:1055100006988019401C04E00D9801E00698801957
:10552000801C0D900D9FF9B2C029084600D8C020FC
:105530008A09022A26D84A1C0EAB079C5C54824278
:1055400001D117461EE08B1C0EAC049DA55483426E
:1055500010D11F4616E0C31C0EAD7224AC548B4212
:1055600000D13BE7001D0EAAD454884200D018E2B7
:1055700007463DE7CC1C0EAD6F22EA54844200D0B2
:10558000D2E127460C98C568002D02D474D00D973F
:1055900009E0F8B28109022903D87F1C0EA92D2247
:1055A0000A540D976D420124671E0A26284631468B
:1055B00012F00CF94643A91B302631433EAAB954D8
:1055C000082F25D80A2D23D30A2112F0FFF83143E2
:1055D0003EA80155072F1AD8642D18D364212846F8
:1055E00012F0F4F80A2112F0F1F831433EA8001944
:1055F00041707D20C100284612F0E8F8E41C062F17
:1056000003D8FD498D420546CED8641E00E0641CD7
:105610000D98C3B2C02B184600D8C0200EA9C918D7
:10562000C21A951E08950693181A401C0A903EA8A7
:10563000C71EA01E0990601E0B900026B24225D006
:105640003D19A87888550B98B04222D00A98801945
:1056500021D068788D1968700998B0421FD00898D9
:10566000B0421ED0385D0D9BDB1C0D93A870F61C5C
:10567000FF1EB442E2D118E0F8B2810903292CD20E
:105680007F1C0D970EA930220A540EE0069880194F
:105690000AE00D9801E006988019401C04E00D987E
:1056A00001E006988019801C0D900D9FF9B2C02969
:1056B000084600D8C0208A09022A0ED84C1C0EAA1F
:1056C000079B5354844201D1274606E08B1C0EAD44
:1056D0006E222A5583427CD11F460C98046B002C05
:1056E00034D00D970126771E0A252046294612F050
:1056F0006DF84543611B302529433EAAB954082F54
:1057000030D80A2C2ED30A2112F060F829433EA883
:105710008155072F25D8642C23D36421204612F00D
:1057200055F80A2112F052F829433EA88019417019
:105730007D20C100204612F049F8F61C062F03D840
:10574000B1498C420446CED8761E0BE0F8B28109EE
:10575000032900D38DE07F1C0D970EA930220A5437
:1057600076E0761C0D98C3B2C02B184600D8C02036
:105770000EA9C918C21A941E09940893181A401C3D
:105780000B903EA8C71EB01E0A90701E0C900025FC
:10579000AA421BD0BC19A07848550C98A84235D015
:1057A0000B9840194AD060784C1960700A98A8424A
:1057B00048D00998A84247D0B85D0D9BDB1C0D93DB
:1057C000A070ED1CFF1EAE42E2D141E008984019E6
:1057D0003DE0CC1C0EAD6F26EE54844200D173E741
:1057E0000B1D0EAD65262E55834200D174E74C1D6E
:1057F0000EADEA54844200D166E7891D0EAA6323E8
:105800001355814200D0E7E00F4666E70D9817E098
:10581000C21C0EAC029DE5548A4200D132E5031D44
:105820000EAC7225A5548B4200D134E5441D0EAA5E
:10583000D5548C4200D0B9E027462DE50898401990
:10584000401C04E00D9801E008984019801C0D9060
:105850000D9FF9B2880902280BD8481C0EAA0D2307
:105860005354C02801D1C02703E0BF1C0EA90A224F
:105870000A54664DFFB266480088664E3188C943B7
:1058800040182840B84205D264488169491C8161AA
:1058900041B0F0BD7C1E0321204611F097FF4A1C49
:1058A0000021032A084600D010460C92022C20D377
:1058B000391A0D910021584C0EAA5718525C2B46EC
:1058C000358862553288521C1A4032807A78358881
:1058D00062553288521C1A403280BA783588625537
:1058E0001D463288521C1A403280C91C0D9A8A42C9
:1058F000E2D10C9A032A15D00EAA5118464A0B7809
:105900003488135533885B1C2B403380012809D021
:105910004B783488135533885B1C2B403380891CAB
:10592000801EECD141B0F0BD0B1D0EAD019E2E5579
:10593000834200D10DE634464C1D0EADEE54844238
:1059400000D11EE68B1D0EAD2A55834200D100E624
:10595000C91D0EAA7724D454814242D10F4611E6C4
:10596000081D0EAC7225E554904201D1FFF7D6FB1D
:105970004B1D0EAC67252554934201D1FFF7E0FB88
:10598000881D0EAC6525E554904201D1FFF7C6FB9A
:10599000C91D0EAB069C1C54914227D10F46FFF740
:1059A000D0FB7F1D0EA9059A0A5421E5821D0EAB7E
:1059B00065251D558A4200D164E4C31D0EAC6E25D9
:1059C000A5548B4200D166E408300EAA069CD4543C
:1059D000884213D107465FE4FF1D0EA8059A425482
:1059E0007BE608370EA8059A4254CBE508370EA887
:1059F000059A4254FFF7A5FBE703000009370EA9FB
:105A0000059A0A5448E4C046E7030000FF07000077
:105A10002A192020281920200000202028172020C3
:105A2000F0B5D3B039A804464D3411F07DFB0DA874
:105A300043210170412242704C21049181702C213C
:105A40000791C1705321009101715421417102925B
:105A500082714721C1714521059101723D21039158
:105A60004172FC48007801280CD12078FA490028BE
:105A700009D0A079401EC0B2022804D88000F7499E
:105A8000095800E0F64906940878002816D00DAAB7
:105A90000A32491C0A260024A62C1AD03346761C4A
:105AA0001055085D641C0028F6D1F0B2B0280146FC
:105AB00000D8B021DAB2AE2A03D91BE00A20B02107
:105AC0000646421C0DAB079C1C548A420AD116465E
:105AD00010E012F04FFD0446B026002823D4002C1D
:105AE00022D1C4E0831C0DAC5225A5548B4200D0BA
:105AF00089E01E4612F03EFD044600280BD413D167
:105B0000F0B201090A2900D9B1E0761C0C960DA962
:105B100030220A5492E0F0B201090A2903D8761C17
:105B20000DA92D220A5464420C9601277E1E0A25D7
:105B30002046294611F04AFE4543611B3025294382
:105B400050AAB154082E25D80A2C23D30A2111F0CB
:105B50003DFE294350A8C155072E1AD8642C18D3EE
:105B60006421204611F032FE0A2111F02FFE294354
:105B700050A8C01941707D20C100204611F026FEBA
:105B8000FF1C062E03D8B7498C420446CED87F1E90
:105B900000E07F1C0C98C3B2B02B184600D8B02090
:105BA0000DA9C918C21A941E08940193181A401C12
:105BB0000A9050A8C61EB81E0990781E0B900025AA
:105BC000AA421BD0F419A07848550B98A84218D0C7
:105BD0000A98401928D060784C1960700998A8423A
:105BE00026D00898A84225D0F05D0C9BDB1C0C93B6
:105BF000A070ED1CF61EAF42E2D11FE001984019E3
:105C00001BE00C9812E0C21C0DAC029DE5548A42C8
:105C100000D15CE7001D0DAB57249C54884201D095
:105C200000F00AFC064665E701984019401C04E0B4
:105C30000C9801E001984019801C0C900C9EF0B269
:105C4000B028014600D8B02102090A2A0FD8431C07
:105C50000DAA079C14548B4201D11E4607E0821CFA
:105C60000DAC5025E5548A4200D09EE216463A9C7F
:105C7000002C02D474D00C9609E0F0B201090A2974
:105C800003D8761C0DA92D220A540C9664420127D4
:105C90007E1E0A252046294611F098FD4543611BCA
:105CA0003025294350AAB154082E25D80A2C23D3D5
:105CB0000A2111F08BFD294350A8C155072E1AD88F
:105CC000642C18D36421204611F080FD0A2111F0C4
:105CD0007DFD294350A8C01941707D20C100204698
:105CE00011F074FDFF1C062E03D85E498C42044659
:105CF000CED87F1E00E07F1C0C98C3B2B02B184694
:105D000000D8B0200DA9C918C21A941E0894019396
:105D1000181A401C0A9050A8C61EB81E0990781E7A
:105D20000B900025AA4225D0F419A07848550B986D
:105D3000A84222D00A98401921D060784C1960708E
:105D40000998A8421FD00898A8421ED0F05D0C9B6D
:105D5000DB1C0C93A070ED1CF61EAF42E2D118E0E4
:105D6000F0B201090B2931D2761C0C960DA9302214
:105D70000A540EE0019840190AE00C9801E00198DD
:105D80004019401C04E00C9801E001984019801C67
:105D90000C900C9EF0B2B028014600D8B021020948
:105DA0000A2A13D8421C0DAB079C1C548A4201D10D
:105DB00016460BE0801C0DAB049C9C54884201D11C
:105DC000064603E0F61C0DA9039A0A543B9C002CDE
:105DD00002D47ED00C9609E0F0B201090A2903D85A
:105DE000761C0DA92D220A540C96644201277E1EB2
:105DF0000A252046294611F0E9FC4543611B302560
:105E0000294350AAB154082E2FD80A2C2DD30A2189
:105E100011F0DCFC294350A8C155072E24D8642C6E
:105E200022D36421204611F0D1FC0A2111F0CEFCCE
:105E3000294350A8C01941707D20C100204611F0AF
:105E4000C5FCFF1C062E03D806498C420446CED85A
:105E50007F1E0AE04D19202011920100E48D0100FF
:105E600092920100E70300007F1C0C98C3B2B02B94
:105E7000184600D8B0200DA9C918C21A941E08945B
:105E80000193181A401C0A9050A8C61EB81E09900B
:105E9000781E0B900025AA4225D0F419A078485509
:105EA0000B98A84222D00A98401921D060784C194A
:105EB00060700998A8421FD00898A8421ED0F05DD3
:105EC0000C9BDB1C0C93A070ED1CF61EAF42E2D1C4
:105ED00018E0F0B201090B2931D2761C0C960DA9FD
:105EE00030220A540EE0019840190AE00C9801E0B3
:105EF00001984019401C04E00C9801E001984019F9
:105F0000801C0C900C9EF1B2B029084600D8B0203D
:105F10000A090A2A13D84A1C0DAB079C5C5482421A
:105F200001D116460BE0891C0DAB48249C548142DC
:105F300001D10E4603E0F61C0DA8039A42543C9C86
:105F4000002C02D474D00C9609E0F0B201090A29A1
:105F500003D8761C0DA92D220A540C966442012701
:105F60007E1E0A252046294611F030FC4543611B60
:105F70003025294350AAB154082E25D80A2C23D302
:105F80000A2111F023FC294350A8C155072E1AD825
:105F9000642C18D36421204611F018FC0A2111F05A
:105FA00015FC294350A8C01941707D20C10020462E
:105FB00011F00CFCFF1C062E03D8F9498C42044654
:105FC000CED87F1E00E07F1C0C98C3B2B02B1846C1
:105FD00000D8B0200DA9C918C21A941E08940193C4
:105FE000181A401C0A9050A8C61EB81E0990781EA8
:105FF0000B900025AA4225D0F419A07848550B989B
:10600000A84222D00A98401921D060784C196070BB
:106010000998A8421FD00898A8421ED0F05D0C9B9A
:10602000DB1C0C93A070ED1CF61EAF42E2D118E011
:10603000F0B201090B292CD2761C0C960DA9302246
:106040000A540EE0019840190AE00C9801E001980A
:106050004019401C04E00C9801E001984019801C94
:106060000C900C9EF0B2B028014600D8B021020975
:106070000A2A0ED8431C0DAA079C14548B4201D146
:106080001E4606E0821C0DAC059DE5548A427BD17C
:1060900016460698C479002C36D00C96F0B20590BE
:1060A00001277E1E0A252046294611F08FFB454315
:1060B000611B3025294350AAB154082E2FD80A2C31
:1060C0002DD30A2111F082FB294350A8C155072E78
:1060D00024D8642C22D36421204611F077FB0A21B6
:1060E00011F074FB294350A8C01941707D20C100F4
:1060F000204611F06BFBFF1C062E03D8D9498C42B9
:106100000446CED87F1E0AE0F0B201090B297FD2E7
:10611000761C0C960DA930220A5460E07F1C059A6B
:10612000B02A00D8B0220DA8059BC018D11A8C1E29
:1061300008949A1A521C0A9250AAD51EBA1E0992A5
:106140007A1E0B920024A1421BD0EB199E780655B3
:106150000B9AA24227D00A9A161936D05E780319F4
:106160005E70099AA24234D0089AA24233D0EE5D02
:106170000C9AD21C0C929E70E41CED1EA742E2D138
:106180002DE00598001929E0C31C0DAD5224AC5434
:106190008B4200D174E7001D0DAAD454884200D070
:1061A00050E1064675E70C9811E0C31C0DAC4F2575
:1061B000A5548B4200D150E5001D0DAA009CD4547B
:1061C000884200D043E1064651E505980019401C7D
:1061D00004E00C9801E005980019801C0C900C9EBE
:1061E000F1B2B029084600D8B0200A090A2A0FD80F
:1061F0004A1C0DAB079C5C54824201D1164607E055
:106200008B1C0DAC4625A554834200D083E01E466E
:106210000698047A002C34D00C9601277E1E0A259D
:106220002046294611F0D2FA4543611B3025294307
:1062300050AAB154082E2FD80A2C2DD30A2111F0C0
:10624000C5FA294350A8C155072E24D8642C22D35F
:106250006421204611F0BAFA0A2111F0B7FA294355
:1062600050A8C01941707D20C100204611F0AEFA3F
:10627000FF1C062E03D87B498C420446CED87F1ED5
:106280000AE0F0B201090B2978D2761C0C960DA910
:1062900030220A5461E07F1C0C98C3B2B02B184620
:1062A00000D8B0200DA9C918C21A941E08940793EB
:1062B000181A401C0A9050A8C61EB81E0990781ED5
:1062C0000B900025AA421BD0F419A07848550B98D2
:1062D000A84218D00A98401917D060784C196070FD
:1062E0000998A84215D00898A84232D0F05D0C9BBE
:1062F000DB1C0C93A070ED1CF61EAF42E2D12CE02B
:106300000798401928E00C9801E007984019401CB4
:1063100022E00C981FE0CA1C0DAC049DE55482429B
:1063200000D16BE70B1D0DAC029DA554834200D13B
:106330006DE74A1D0DAC009DE554824200D15DE73A
:10634000891D0DAB48249C54814200D084E00E4648
:106350005EE707984019801C0C900C9EF1B208096A
:106360000A280BD8481C0DAA0D235354B02801D17C
:10637000B02603E0B61C0DA90A220A543A4DF7B222
:106380003A4800883A4E3188C94340182840B842FC
:1063900008D239488169491C816153B0F0BDC046BB
:1063A000E70300007C1E0321204611F00FFA4A1C6F
:1063B0000021032A084600D010460B92022C20D35D
:1063C000391A0C9100212B4C0DAA5718525C2B4600
:1063D000358862553288521C1A4032807A78358866
:1063E00062553288521C1A403280BA78358862551C
:1063F0001D463288521C1A403280C91C0C9A8A42AF
:10640000E2D10B9A032A15D00DAA5118194A0B781C
:106410003488135533885B1C2B403380012809D006
:106420004B783488135533885B1C2B403380891C90
:10643000801EECD153B0F0BD761D0DA9039A0A540D
:10644000FFF758FB761D0DA9039A0A5421E6761D25
:106450000DA9039A0A540AE4F61D0DA8039A4254A2
:10646000D6E6C046E7030000FF0700002A192020F7
:10647000281920200000202028172020F0B5B3B0D4
:106480000220C04308902AA811F05CFF0AA843210B
:10649000017046214170472282702C210791C17002
:1064A0004B250571502141713D21069181712A9C36
:1064B000002C039204D4002C65D00495072105E03C
:1064C00004950AA82D21C171644208210898851CF1
:1064D0000027059109910998401C09900A26204639
:1064E000314611F073F94643A11B30220A437E1C4A
:1064F00030A9CA556D1C082F03D8092C374604460D
:10650000E9D80321284611F061F908994843811917
:10651000CA1E00D11146701E002A18D002900AAA85
:106520000598121830AB9C1E4D1E0023A7197F78CA
:10653000D7549D420DD0B71EA65DD01846709B1C47
:1065400099423E46F2D10599C9183E4605E00599A3
:1065500004E00598C018411C761E02980228049D8C
:106560000FD30AA8401830A9C91E8A19937803705E
:1065700052784270F21E8B5D8370C01C002A164652
:10658000F3D1099E03E00AA83021C1710826F0B2B8
:10659000371D0AA90A18079B0B5455704420059013
:1065A00090700698D0702B9C002C02D40DD00497CC
:1065B00018E070B20321C943884211DBF8B2711DA3
:1065C00004910AA92D220A540BE070B20321C94399
:1065D000884265DBF8B2771D0AA930220A545FE0D1
:1065E000049764420898851C00270498099009982C
:1065F000401C09900A262046314611F0E7F8464330
:10660000A11B30220A437E1C30A9CA556D1C082FDD
:1066100003D8092C37460446E9D80321284611F04F
:10662000D5F8089948438319D91E00D10B46049820
:10663000C4B2701E002917D002900AA904940C1944
:1066400030A98F1E591E0025BA1952786255A942E9
:106650000ED0B21EBE5D60194670AD1CAB42164630
:10666000F2D1049C641907E03246022807D216E0F2
:1066700004984019441C721E029802280FD30AA8DD
:10668000001930A9C91E8B189C7804705B78437080
:10669000D31E8A5C8270C01C002B1A46F3D1099F5E
:1066A000F8B27D1D0AA90A18079B0B540598507073
:1066B0004920907052200290D070069810711420DA
:1066C0002AA90C56002C02D40DD0049518E078B2FB
:1066D0000421C943884211DBE8B2B91D04910AA91B
:1066E0002D220A540BE078B20421C943884265DBAD
:1066F000E8B2BD1D0AA930220A545FE00495644245
:106700000898851C0027049809900998401C099056
:106710000A262046314611F059F84643A11B302283
:106720000A437E1C30A9CA556D1C082F03D8092CBA
:1067300037460446E9D80321284611F047F808995E
:1067400048438319D91E00D10B460498C4B2701E69
:10675000002917D001900AA904940C1930A98F1EA2
:10676000591E0025BA1952786255A9420ED0B21EA0
:10677000BE5D60194670AD1CAB421646F2D1049C5A
:10678000641907E03246022807D216E0049840193F
:10679000441C721E019802280FD30AA8001930A9C0
:1067A000C91E8B189C7804705B784370D31E8A5C7A
:1067B0008270C01C002B1A46F3D1099DE8B26E1DF1
:1067C0000AA90A18079B0B544D2050704120907065
:1067D0005820D070069810712C9C002C0BD415D129
:1067E00068B20421C94388426EDBF0B2AE1D0AA92B
:1067F00030220A5468E068B20421C943884204DBAD
:10680000F0B2AE1D0AA92D220A5464420898851CD4
:106810000027049609960998401C09900A262046EC
:10682000314610F0D3FF4643A11B30220A437E1CA1
:1068300030A9CA556D1C082F03D8092C37460446C9
:10684000E9D80321284610F0C1FF0899484383196D
:10685000D91E00D10B460498C4B2701E002917D06F
:1068600001900AA904940C1930A98F1E591E002505
:10687000BA1952786255A9420ED0B21EBE5D601997
:106880004670AD1CAB421646F2D1049C641907E079
:106890003246022807D216E004984019441C721EA2
:1068A000019802280FD30AA8001930A9C91E8B1815
:1068B0009C7804705B784370D31E8A5C8270C01C25
:1068C000002B1A46F3D1099EF0B2B71D0AA90A1887
:1068D000079B0B54532050704C2090704520D07073
:1068E00057201071069850712D9C002C02D40DD0A9
:1068F000049718E070B20521C943884211DBF8B251
:10690000F11D04910AA92D220A540BE070B2052151
:10691000C943884265DBF8B2F71D0AA930220A5440
:106920005FE0049764420898851C0027049809904A
:106930000998401C09900A262046314610F046FF6F
:106940004643A11B30220A437E1C30A9CA556D1C48
:10695000082F03D8092C37460446E9D803212846D6
:1069600010F034FF089948438319D91E00D10B4613
:106970000498C4B2701E002917D001900AA904948B
:106980000C1930A98F1E591E0025BA19527862556C
:10699000A9420ED0B21EBE5D60194670AD1CAB425E
:1069A0001646F2D1049C641907E03246022807D249
:1069B00016E004984019441C721E019802280FD357
:1069C0000AA8001930A9C91E8B189C7804705B783E
:1069D0004370D31E8A5C8270C01C002B1A46F3D110
:1069E000099FFBB23C1D0AA8C118079A0493C25420
:1069F00005984870422088700698C8702AA8058AB1
:106A0000002D41D00594791D0898841C0027099118
:106A10000A262846314610F0D9FE099B4643A91B99
:106A200030220A437E1C30A9CA55641C082F04D8A2
:106A3000591C092D37460546E9D80321204610F098
:106A4000C5FE089948438119CA1E00D11146731E1C
:106A5000002A24D005930AA8049A821830A8841E1C
:106A60004D1E0023A0194778D01807719D421BD0F6
:106A7000B71EA65D46719B1C99423E46F2D1049812
:106A8000C018011D3E4613E078B20321C943884275
:106A900023DBE0B27B1D0AA930220A541EE00598D0
:106AA000C1B2022B07D216E00498C018411D761E11
:106AB000059B022B0FD30AA8401830A9C91E8A19BA
:106AC0009378037052784270F21E8B5D8370C01C05
:106AD000002A1646F3D1099B00E02346DCB21E1DB6
:106AE0000AA80119079A059402550298487003985C
:106AF00088700698C8702AA8458A002D41D004964F
:106B0000591D0898841C002709910A2628463146F9
:106B100010F05CFE099B4643A91B30220A437E1CF1
:106B200030A9CA55641C082F04D8591C092D3746B2
:106B30000546E9D80321204610F048FE089948434D
:106B40008119CA1E00D11146731E002A24D0049355
:106B50000AA8059A821830A8841E4D1E0023A01989
:106B60004778D01807719D421BD0B71EA65D4671AD
:106B70009B1C99423E46F2D10598C018011D3E4625
:106B800013E058B20321C943884223DBF0B25B1DF6
:106B90000AA930220A541EE00498C1B2022B07D27F
:106BA00016E00598C018411D761E049B022B0FD3DA
:106BB0000AA8401830A9C91E8A1993780370527820
:106BC0004270F21E8B5D8370C01C002A1646F3D102
:106BD000099B00E03346D8B2DE1C0AA90A181D46FC
:106BE000079B0B54542050700698907000216F48FA
:106BF000445E002C06910BD414D168B208998842E7
:106C00006EDB2A46F0B22E1D0AA930220A5467E034
:106C100068B20899884204DBF0B22E1D0AA92D2221
:106C20000A5464420898851C00270796099609981B
:106C3000401C09900A262046314610F0C7FD464305
:106C4000A11B30220A437E1C30A9CA556D1C082F97
:106C500003D8092C37460446E9D80321284610F00A
:106C6000B5FD089941438B19D91E00D10B460798F1
:106C7000C4B2701E002917D007900AA908940C19F5
:106C800030A98F1E591E0025BA1952786255A942A3
:106C90000ED0B21EBE5D60194670AD1CAB421646EA
:106CA000F2D1089C641907E03246022807D216E0A8
:106CB00008984019441C721E079802280FD30AA88E
:106CC000001930A9C91E8B189C7804705B7843703A
:106CD000D31E8A5C8270C01C002B1A46F3D1099E19
:106CE000334DB01CF1B20AAA53180D2454540A2192
:106CF0005970C7B22F4800882F4E3188C9434018B9
:106D00002840B84205D22E488169491C816133B0C0
:106D1000F0BD7C1E0321204610F058FD4A1C032ABA
:106D20000699084600D010460892022C2A4620D325
:106D3000391A09910021214B0AAF7C187F5C0D465E
:106D400031885F543188491C11403180617837881F
:106D5000D9553188491C11403180A17834881955A2
:106D60003188491C114031802946E91C099C8C421C
:106D7000E2D1089B032B17D015460A460AA98918A9
:106D80000E4A0B783488135533885B1C2B403380B4
:106D9000012809D04B783488135533885B1C2B406D
:106DA0003380891C801EECD133B0F0BD2619202021
:106DB000FF0700002A192020281920200000202089
:106DC00028172020F0B5A9B012AD12AF0D2800D1C0
:106DD0008EE10A281BD1ED4E3078ED4C21784A42E5
:106DE0004A4102431ED0002800D105E3E948EA49A0
:106DF0000A88EA490B88DB43D218C31E13400B2BC9
:106E000000D911E1E6488169491C816161E10146CF
:106E10007F39C9B2A02900D9BBE0DC48012101704B
:106E200029B0F0BDDF4800264654DD4BD968491C27
:106E3000D960017842781202511882781204C07821
:106E4000000680184018FD49884200D1C3E0FA4C82
:106E5000FB490522204611F0ABF9002800D1A6E03D
:106E60002078617809020818582800D19FE020781E
:106E7000617809020818A1780904E278120651180D
:106E80000818F049884200D17CE120786178090235
:106E900008183F2800D175E1012000902078617822
:106EA00009020818A1780904E27812065118081896
:106EB000E549884200D124E2DF48E449052211F087
:106EC00077F9002800D193E2DB48E149032211F071
:106ED0006FF9002800D18BE2D748DE49052211F076
:106EE00067F90028AA4C00D12CE2D348DA490322E2
:106EF00011F05EF9002800D124E2CF4CD7490322DB
:106F0000204611F055F9002800D124E2CA4DD44999
:106F10000322284611F04CF9002800D11BE2287802
:106F2000697809020818A9780904EA781206511844
:106F30000818CC49884200D10DE228786978090206
:106F40000818A9780904EA78120651180818C649E1
:106F5000884200D1FFE12878697809020818A978E9
:106F60000904EA78120651180818C049884200D16D
:106F700037E2B14CBE490622204611F019F900282B
:106F800000D12EE22078542800D16EE20146543917
:106F90006EE27E4B1978002900D0A9E07C4A117876
:106FA0002F2900D29AE00120187029B0F0BD794C49
:106FB00011F02EF97848018878480288D243891860
:106FC000621E0A400A2A714E00D393E099498869EB
:106FD000401C88610FE26F4CA6480078002815D14C
:106FE000A548805F1D4610F051FC2B4600280DD0AF
:106FF0006948018869480288D243891821400929D3
:1070000000D33DE19869401C9861F3E16248018832
:1070100062480288D24389182140092900D3C3E07D
:107020009869401C9861FFE027460C88934A4523E5
:1070300013550C88641C04400C800C88522515558F
:107040000C88641C04400C800C8815550C88641C4A
:1070500004400C800C882C2515550C88641C0440B9
:107060000C800C884C2515550C88641C04400C8041
:107070000C8813550B885B1C03400B800B884E2437
:10708000D4540B885B1C03400B800B884724D454DA
:107090000B885B1C03400B800B885424D4540B8852
:1070A0005B1C03400B800B884824D4540B885B1C6A
:1070B00003400B800B880D24D4540B885B1C0340C9
:1070C0000B800B880A24D4543C460A88521C024088
:1070D0000A8058480169491C01618DE10346613B02
:1070E000DBB21A2B00D220384B1C1370524A50547A
:1070F00029B0F0BD0288614941238B540288521C9B
:1071000022400280028843238B540288521C224072
:10711000028002884B238B540288521C224002803A
:1071200002882C238B540288521C22400280028841
:1071300053238B540288521C22400280028854231D
:107140008B540288521C2240028002884F238B54A9
:107150000288521C22400280028850238B540288ED
:10716000521C2240028002880D238B540288521C3C
:107170002240028002880A238B540188491C214046
:10718000018038E1FFF77AF934E1C0463719202051
:1071900041192020FF0700002A192020281920204B
:1071A00028172020C8152020028834491E46452370
:1071B0008B540288521C2240028003885222CA54F7
:1071C00003885B1C234003800388CA5403885B1C2C
:1071D0002340038003882C25CD5403885B1C234067
:1071E00003800388CA540288521C2240028002880D
:1071F00055238B540288521C2240028002884E2361
:107200008B540288521C2240028002880D238B542A
:107210000288521C2240028002880A238B54334683
:107220000188491C21400180F14EF24C1869401C34
:107230001861E1E028172020C815202052554E0083
:107240006C9101004745540043414C00F39101000B
:10725000ED93010075920100209401001794010044
:10726000F69301004A2B2B004A2D2D005345540064
:10727000D68F01004D192020261920200000202043
:107280000288F84941238B540288521C2240028014
:10729000028843238B540288521C224002800288B9
:1072A0004B238B540288521C2240028002882C23DC
:1072B0008B540288521C22400280028852238B5435
:1072C0000288521C22400280028855238B54028877
:1072D000521C2240028002884E238B540288521C8A
:1072E0002240028002880D238B540288521C2240C7
:1072F000028002880A238B540188491C21400180A6
:1073000078E012A80FF010FF01A810F041FED14E56
:10731000307800280ED14935287900280AD1287AFA
:10732000002807D1687A002804D111F0EBF9007D1C
:10733000002866D0CC480CF0EFFBB0490869401C2F
:10734000086157E010F006FCC1480CF0E5FBFEF7C1
:1073500067FBA74E50E02078617809020818A178F1
:107360000904E278120651180818A64988420ED07E
:107370002078617809020818A1780904E2781206D9
:1073800051180818A049884201D0142500E064254E
:10739000974E994C9A490322204610F009FF002885
:1073A0000CD02078617809020818A1780904E278E5
:1073B0001206511808189449884200D16D42284697
:1073C00010F0E4FB00288B4C03D09F480CF0A4FB8A
:1073D00012E09E480CF0A0FB88490869401C086137
:1073E0000AE00FF05DF9002839D095480CF094FBC5
:1073F000FEF716FB7E4E7F4C00202070307029B0C7
:10740000F0BD10F013FF10F041F9412401A8005D18
:10741000002803D00EF006FA00288BD012A80FF037
:1074200083FE2878002807D0E878002804D00DF0E3
:1074300073FF002800D17DE7874D0DF00DFE009809
:1074400030708648018886480288D24389182940CE
:10745000092969D269498869401C8861C8E7794867
:107460000CF05AFBFEF7DCFA67E76178C9B23D39E8
:10747000002943D02178627812025118A2781204B0
:10748000E3781B069A185118604A91422FD0217850
:10749000627812025118A2781204E3781B069A1837
:1074A00051185B4A914222D0217862781202511819
:1074B000A2781204E3781B069A185118554A914293
:1074C00070D0611C002800D18AE03D2876D0087871
:1074D000002800D184E03D2873D0487800287FD070
:1074E0003D286DD08878C91C0028EED178E04F483F
:1074F000009901704E480CF00FFB7BE712A80EF0CC
:1075000067FC00280ED012A8805F10F05BFB0028FB
:1075100008D012984749088047480CF0FDFAFEF75A
:10752000ADFF67E7454806E702884E498C5402885C
:10753000521C2A40028003884322CA5403885B1CE1
:107540002B40038003884B26CE5403885B1C2B40C2
:10755000038003882C26CE5403885B1C2B400380B9
:107560000388CA540288521C2A40028002888C5424
:107570000288521C2A40028002884C238B540288C5
:10758000521C2A40028002880D238B540288521C10
:107590002A40028002880A238B540188491C294012
:1075A000018025E7383712A810F082FD38780028CE
:1075B00002D17878002815D01A48BCE6491E00E0B0
:1075C000491C00290CD0A1420AD04878002807D0D5
:1075D000481C0E7008F09AFF002807D00E489CE760
:1075E0000F48A8E610F00EFC0F4896E70B48A2E6FD
:1075F0003719202041192020C815202028172020C5
:10760000F69301004A2B2B004A2D2D004C4F4700CA
:107610004442470044454600948E0100488C0100D6
:107620008C8D01002B8E01009E8E01003E192020C2
:10763000DA8E0100261920207F8D01006F8C010059
:10764000718D0100558D01006C8E0100E08B0100F1
:10765000208E01004D192020FF0700002A1920204C
:107660002819202000002020C88B0100F0B5C3B0ED
:10767000064649310B9110A8442101704221417006
:10768000472181702C23C370412101715821417120
:10769000492181715321C1710E93037274210991A3
:1076A00041723D210D918172002E0A923ED000243C
:1076B00001210C2227460F9115460A243046214607
:1076C00010F084F80F9B4443311B30220A437C1C8A
:1076D00040A9CA55082F04D8591C6A1C092E064611
:1076E000E8D81E460C950321384610F06FF8491C67
:1076F000032920D00846022F20D30F9140AAD31E81
:10770000251A00221E19B77810A98918CF72767829
:107710000E731E5D4E73D21CDB1E9542F2D1A61A6B
:107720000B320C9B0F9903290CD11BE010A83021C0
:10773000C1720C2316E00020022FDED20B220C9B1C
:1077400003290FD010A9891840AAB218921E5378A5
:107750000B70012805D013784B70891C921E801E77
:10776000F5D10C9B0220C543DEB2981D10A98A19E1
:107770001C460E9B08968B557A2151706521049109
:1077800091707221D1706F21059111710D99517114
:107790000B990F78E11D002F0C95C0B23ED00790D9
:1077A000AE1C00250F910A243846214610F00EF831
:1077B0004443391B30220A436C1C40A94A550F9997
:1077C000761C082D04D8491C092F25460746E9D800
:1077D000032130460FF0FAFF0C9D68430219D11EB9
:1077E00000D10A46601E00291CD0079010A80899F5
:1077F000431840A8861E571E002530194178581995
:107800008171AF4213D0A11E345DC471AD1CAA4278
:107810000C46F2D108984019821D0CE010AA3023C2
:1078200013541DE02146079A022808D217E0089851
:107830004019C21D611E0C9D079802280FD310A885
:10784000801840AAD21E53189C7804705B7843704D
:10785000CB1E515C8170C01C002B1946F3D10F99CF
:10786000CCB20E46083610A802190E9B03556C20A8
:1078700007905070692090706D23D3701071099833
:1078800050717320089090710D98D0710B98C77843
:10789000002F42D0039606940931AE1C00250F91AB
:1078A0000A24384621460FF091FF4443391B302209
:1078B0000A436C1C40A94A550F99761C082D04D820
:1078C000491C092F25460746E9D8032130460FF009
:1078D0007DFF0C9D68430119CA1E00D11146631E2D
:1078E000002A039822D0039310A8069A821840A871
:1078F000851E4E1E002328194778D01807729E4215
:1079000018D0A71E2C5D44729B1C99423C46F2D1B4
:107910000698C11808313C4610E0E008162823D824
:10792000F0B2093110AA302313541EE0C1B2022B69
:1079300008D217E00698C1180931641E0C9D039BFC
:10794000022B0FD310A8401840A9C91E0A1993781A
:10795000037052784270E21E0B5D8370C01C002AD7
:107960001446F3D10F9900E03146CCB24E1D10A859
:1079700002190E9B035563200390507061200690FE
:1079800090700798D0700D9810710B980779002FA0
:1079900042D001960294891DAE1C00250F910A2445
:1079A000384621460FF012FF0F9B4443391B30220B
:1079B0000A436C1C40A94A55761C082D04D8591C52
:1079C000092F25460746E9D8032130460FF0FEFE71
:1079D0000C9D68430119CA1E00D11146631E002A7E
:1079E000019821D0019310A8029A821840A8851E00
:1079F0004E1E002328194778D01847719E4217D091
:107A0000A71E2C5D84719B1C99423C46F2D10298C2
:107A1000C018411D3C460FE0BA2C23D8F0B28B1D94
:107A200010A930220A541EE0C1B2022B08D217E07E
:107A30000298C018811D641E0C9D019B022B0FD360
:107A400010A8401840A9C91E0A19937803705278EB
:107A50004270E21E0B5D8370C01C002A1446F3D1F5
:107A60000F9B00E03346DCB29E1D10A801190E9A50
:107A7000025509984870049A8A70089ACA70087169
:107A80000D9848710B98077A002F42D00296049403
:107A9000D91DAE1C00250F910A24384621460FF04F
:107AA00095FE0F9B4443391B30220A436C1C40A9AE
:107AB0004A55761C082D04D8591C092F254607461F
:107AC000E9D8032130460FF081FE0C994843011993
:107AD000CA1E00D11146631E002A029822D00293CA
:107AE00010A8049A821840A8851E4E1E002328194B
:107AF0004778D01887719E4216D0A71E2C5DC4719E
:107B00009B1C99423C46F2D10498C018811D3C460A
:107B10000EE060085C2821D8F0B2DB1D10A93022ED
:107B20000A541CE0C1B204E00498C018C11D641ED0
:107B3000029B022B0A9D0FD310A8401840A9C91E12
:107B40000A199378037052784270E21E0B5D8370BD
:107B5000C01C002A1446F3D10F9B01E033460A9D56
:107B60003C35DCB25F1D10A801190E9A025505982C
:107B70004870089888700398C8700D9808710B9821
:107B8000467A002E0A9543D005970B94991D0C98C0
:107B9000851C00270F910A24304621460FF016FE5F
:107BA0000F9B4443311B30220A437C1C40A9CA5519
:107BB0006D1C082F04D8591C092E27460646E9D803
:107BC000032128460FF002FE0C9948430119CA1EF2
:107BD00000D11146631E002A059821D0059310A8F4
:107BE0000B9A821840A8851E4E1E0023281947783C
:107BF000D01847719E4215D0A71E2C5D84719B1C26
:107C000099423C46F2D10B98C018411D3C460DE00C
:107C1000BA2C21D8F8B29B1D10A930220A541CE0BE
:107C2000C1B204E00B98C018811D641E059B022B95
:107C30000A9D0FD310A8401840A9C91E0A199378AD
:107C4000037052784270E21E0B5D8370C01C002AE4
:107C50001446F3D10F9B00E03B46DCB2981D0B901D
:107C600010A801190E9A02556220487075278F706E
:107C70000898C870792008710D9848712E78002EE8
:107C800042D008940597D91D0C98851C00270F91A8
:107C90000A24304621460FF099FD4443311B30221F
:107CA0000A437C1C40A9CA550F996D1C082F04D8A3
:107CB000491C092E27460646E9D8032128460FF01D
:107CC00085FD0C9941430919CA1E00D11146631E56
:107CD000002A24D00C9310A8089A821840A8851E68
:107CE0004E1E002328194778D01887719E4219D05C
:107CF000A71E2C5DC4719B1C99423C46F2D108988A
:107D0000C018811D3C4611E060085C2825D80B98FE
:107D1000C0B2DB1D10A930220A5418461EE00B9891
:107D2000C1B204E00898C018C11D641E0C9B022B50
:107D30000A9D059F0FD310A8401840A9C91E0A1913
:107D40009378037052784270E21E0B5D8370C01C02
:107D5000002A1446F3D10F9800E00B980446C3B2F2
:107D600010A8C1180E9AC2547020487066208870FE
:107D70000698C8700F7107984871099888710D9816
:107D8000C8716879052803D8800053490F5800E06E
:107D9000504F08343D78002D0F942ED0E1B210AA38
:107DA000D0180D90B822D01A0E900024C0260E983C
:107DB000A04234D038463F190D9A121915727D78B9
:107DC000002D14D04B1CC02B29D05572BD78002D2E
:107DD00010D08B1CC02B22D0C91C0F9BDB1C0F9317
:107DE0009572FD78E41C002D0746DFD105E00F9861
:107DF000401C01E00F98801C0F900F9EF1B2880983
:107E000002280CD84C1C10AA0D235354C02C01D1AD
:107E1000C02604E00F98861C10A90A220A552F4D8F
:107E2000F7B22F4800882F4E3188C94340182840A8
:107E3000B84205D22D488169491C816143B0F0BD2B
:107E40007C1E032120460FF0C1FC4A1C0021032A9E
:107E5000084600D010460E92022C20D3391A0F91FA
:107E60000021214C10AA5718525C2B4635886255C8
:107E70003288521C1A4032807A78358862553288AE
:107E8000521C1A403280BA78358862551D463288B5
:107E9000521C1A403280C91C0F9A8A42E2D10E9AB3
:107EA000032A15D010AA51180F4A0B78348813559D
:107EB00033885B1C2B403380012809D04B783488F1
:107EC000135533885B1C2B403380891C801EECD1FA
:107ED00043B0F0BD5C8F0100988B0100FF070000EC
:107EE0002A192020281920200000202028172020CF
:107EF000F0B5BFB00B91054610A844210170422196
:107F00004170472181702C23C3704C21017149219C
:107F100041714D228271C171542101720D934372DE
:107F20007421069181723D210C91C172002D3DD0CA
:107F3000002701210D223E460F9114460A272846AC
:107F400039460FF043FC0F9B4743E91B30220A439D
:107F5000771C3CA98A55082E04D8591C621C092D8F
:107F60000546E8D81D460E94032130460FF02EFC3E
:107F7000491C03291FD00846022E1FD30F913CAA8B
:107F8000D31E3C1A0022DD19AE7810A989180E7391
:107F90006D784D73DD5D8D73D21CDB1E9442F2D182
:107FA000BB1A0C320F9903290CD11AE010A830210A
:107FB00001730D2716E00020022EDFD22B460C2283
:107FC00003290ED010A989183CAA9A18921E53783A
:107FD0000B70012805D013784B70891C921E801EEF
:107FE000F5D10E9F0B9B1846483009900220C543DF
:107FF000FCB2F81D0A9010A801190D9A08940255B8
:1080000063224A706F2088707524CC706E200790B0
:108010000871069848710C9888719E69002E0E951B
:108020000592039441D00837AD1C002439460F91C6
:108030000A27304639460FF0C9FB4743F11B30226F
:108040000A43671C3CA90A550F996D1C082C04D8DB
:10805000491C092E3C460646E9D8032128460FF064
:10806000B5FB0E994843C119CA1E00D111467B1EAB
:10807000002A0A9820D00A9310A8089A82183CA8CF
:10808000841E4D1E0023E0194678D018C6719D420B
:1080900016D0BE1EE75D07729B1C99423746F2D18F
:1080A0000898C018C11D37460EE00A98C0B20837BC
:1080B00010A930220A541BE0C1B2022B07D216E0ED
:1080C0000898C11808317F1E0A9B022B0FD310A8F5
:1080D00040183CA9C91ECA1993780370527842709F
:1080E000FA1ECB5D8370C01C002A1746F3D10F9F88
:1080F000F8B23C467E1D10A90A180D9B0B54642152
:1081000051706923937072210891D1700C9911718B
:10811000002209998D56002D0292049303D40E9FDC
:108120000BD00A9615E0AA280E9F10D8F0B2A11D18
:108130000A9110A92D220A540AE0AA2800D9D7E2F0
:10814000F0B2A61D10A930220A54059D5EE00A96E1
:108150006D42BE1C00240A980F900F98401C0F908F
:108160000A27284639460FF031FB4743E91B3022E6
:108170000A43671C3CA90A55761C082C03D8092D14
:108180003C460546E9D8032130460FF01FFB0E9907
:108190004843C319D91E00D10B460A98C4B2781EB1
:1081A000002917D0019010A90A940C193CA98E1E21
:1081B000591E0025F21952786255A9420CD0BA1EF8
:1081C000F75D60194770AD1CAB421746F2D10A9CAF
:1081D000641905E03A4604E00A984019441C7A1EE6
:1081E000019802280E9F059D0FD310A800193CA9E5
:1081F000C91E8B189C7804705B784370D31E8A5C10
:108200008270C01C002B1A46F3D10F9EF1B230468B
:10821000093010AA53180D9C54545D70039A9A703B
:10822000089ADA701A71652205925A71079A9A7142
:10823000069ADA710C9A1A720B9A5568002D09D4B5
:1082400013D1A62900D955E2C0B20A3610A93022AE
:108250000A5466E0A62905D8C0B20A3610A92D2214
:108260000A5400E006466D423046BE1C00240A90C7
:108270000F900F98401C0F900A27284639460FF0A0
:10828000A5FA4743E91B30220A43671C3CA90A555B
:10829000761C082C03D8092D3C460546E9D8032155
:1082A00030460FF093FA0E994843C319D91E00D1F6
:1082B0000B460A98C4B2781E002917D0069010A960
:1082C0000A940C193CA98E1E591E0025F2195278E9
:1082D0006255A9420CD0BA1EF75D60194770AD1CFB
:1082E000AB421746F2D10A9C641905E03A4604E015
:1082F0000A984019441C7A1E069802280E9F0FD334
:1083000010A800193CA9C91E8B189C7804705B78D2
:108310004370D31E8A5C8270C01C002B1A46F3D1B6
:108320000F9EF0B2711D0A9110A90A180D9B0B54F3
:108330006D245470049991700799D1700C99117142
:108340000B990D69002D03D400D146E107940AE092
:10835000AA2806D80A98C0B2B11D0A9110A92D22E8
:108360000A5407946D42BE1C00240A980F900F987F
:10837000401C0F900A27284639460FF027FA47433A
:10838000E91B30220A43671C3CA90A55761C082CBD
:1083900003D8092D3C460546E9D8032130460FF0A5
:1083A00015FA0E994843C319D91E00D10B460A98F5
:1083B000C4B2781E002917D0069010A90A940C198F
:1083C0003CA98E1E591E0025F21952786255A94209
:1083D0000CD0BA1EF75D60194770AD1CAB42174652
:1083E000F2D10A9C641905E03A4604E00A98401963
:1083F000441C7A1E069802280E9F0FD310A800195D
:108400003CA9C91E8B189C7804705B784370D31EFE
:108410008A5C8270C01C002B1A46F3D10F9D079C0A
:10842000E8B26E1D10A90A180D9B0B5454706121FF
:1084300091707821D1700C9911710B994C69002CB5
:1084400008D40FD1AA286BD8F0B2AE1D10A93022E3
:108450000A5465E0AA2804D8F0B2AE1D10A92D2256
:108460000A546442BD1C00270B960F960F98401CBF
:108470000F900A26204631460FF0A8F94643A11B6B
:1084800030220A437E1C3CA9CA556D1C082F03D814
:10849000092C37460446E9D8032128460FF096F9FF
:1084A0000E9F78438319D91E00D10B460B98C4B296
:1084B000701E002917D00A9010A90B940C193CA922
:1084C0008F1E591E0025BA1952786255A9420ED046
:1084D000B21EBE5D60194670AD1CAB421646F2D1AD
:1084E0000B9C641907E03246022808D217E00B986B
:1084F0004019441C721E0E9F0A9802280FD310A820
:1085000000193CA9C91E8B189C7804705B784370D5
:10851000D31E8A5C8270C01C002B1A46F3D10F9EBA
:10852000F3B2741D10A8C1180D9AC2540598487072
:1085300008988870C8700C9808710998057B002D00
:1085400043D00C940D93B11DBC1C029F0F910A26C1
:10855000284631460FF03AF90F9B4643A91B3022BB
:108560000A437E1C3CA9CA55641C082F04D8591C18
:10857000092D37460546E9D8032120460FF026F994
:108580000E99414388190746C01E00D10746721E46
:1085900000280D990C982AD00E9210A842183CA8D9
:1085A000841E7D1E0023A0194078D11848719D4279
:1085B00021D0B01EA65D8E719B1C9F420646F2D153
:1085C0000D99C918491D064619E0AA2B2CD8E0B20E
:1085D000B71D10A930220A5427E0AA2800D98BE041
:1085E0000A98C0B2B51D10A930220A5418E7C1B2CA
:1085F000022A07D216E00D98C018811D761E0E9A29
:10860000022A0FD310A840183CA9C91E8A199378D2
:10861000037052784270F21E8B5D8370C01C002A7A
:108620001646F3D10F9F00E02746344DB81CF9B22F
:1086300010AA53180D2454540A215970C7B2304857
:108640000088304E3188C94340182840B84205D2CE
:108650002E488169491C81613FB0F0BD7C1E032119
:1086600020460FF0B3F84A1C0021032A084600D028
:1086700010460E92022C20D3391A0F910021224C61
:1086800010AA5718525C2B46358862553288521C06
:108690001A4032807A78358862553288521C1A40E6
:1086A0003280BA78358862551D463288521C1A408D
:1086B0003280C91C0F9A8A42E2D10E9A032A15D041
:1086C00010AA5118104A0B783488135533885B1C54
:1086D0002B403380012809D04B78348813553388D8
:1086E0005B1C2B403380891C801EECD13FB0F0BD59
:1086F000059D8BE5064614E60A9D91E6FF070000FE
:108700002A192020281920200000202028172020A6
:10871000F0B59FB010F02EF8054610F02FF8064681
:108720000FF0ACFF297800240029039602D0696875
:10873000411A00E0E1436F78781E8741079197293D
:10874000049501D3264600E001260AAD28460FF025
:10875000AFFC285F1221049D0191695E411ADF4838
:10876000814200DB0146DE48814200DC0146029185
:10877000204621460FF0ECFCDA480FF071FA287819
:10878000002804D00798962803D9D74807E0D7488F
:1087900005E06878002801D0D54800E0D54837408A
:1087A0003E46D54C0FF05CFAD4480FF059FA2878C1
:1087B000002860D000960798A04200D307940020BC
:1087C000012605900146079C06910896701E0990A7
:1087D0000A2207922046059E33460FF087FE054683
:1087E0000F46079A33460FF051FC201A30231843E6
:1087F0001AA9099A505407940A3C06980446B041B5
:108800003ED30A220026284639461D4633460FF03D
:108810006DFE2A431AA8089942540999112907980C
:1088200030D82746014664392146B1412AD32B4628
:1088300064220025044639461E462B460FF056FE9C
:108840000A222B460FF052FE32431AA8089E8019C6
:1088500042707D20C200204639462B460FF046FE6E
:10886000F61C099A102A04D8A34A121BBD410446DB
:10887000AAD3761E08E0A2480FF0F2F9039F3BE06E
:10888000089E01E0089E761C701E032109900EF0E0
:108890009DFF481C032803D00546032803D114E09C
:1088A0000025032811D01AA8841E3746E019407805
:1088B0000EF090FA012D07D0BE1EE05D0EF08AFA90
:1088C000AD1E3746F2D100E07E1E0998022810D373
:1088D00074421AA83018C51EA8780EF07BFA687882
:1088E0000EF078FA28780EF075FAE41CED1E002CD4
:1088F000F2D1039F049D009E0220002421460FF028
:1089000027FC80480FF0ACF9002E04D00198285EB7
:1089100009F0BCFA02E07C480FF0A2F97B480FF0A6
:108920009FF90AA8005F09F0B1FA79480FF098F9A9
:10893000002E04D0029800B209F0A8FA02E07248B2
:108940000FF08EF9042000210FF002FC71480FF0A7
:1089500087F906200AAC205E09F098FA6E480FF0FD
:108960007FF90F985E49884200DC08465B498842DF
:1089700000DB084609F08AFA68480FF071F93E20DA
:10898000205C072803D880006549085800E0654846
:108990000FF066F90620002421460FF0D9FB287855
:1089A00000286BD060480FF05BF9288A0BF0D4FDEB
:1089B0005E480FF055F9688B0BF0CEFD5C480FF068
:1089C0004FF90FF0E5FB0122059421461446089467
:1089D0000791621E09920A2206920546059C2346CB
:1089E0000FF084FD07460E46069A23460FF04EFB15
:1089F000281A302318431AA9099A50540695079942
:108A00000A3D0846A04142D30A220C4600253846BA
:108A100031461E462B460FF069FD334632431AA8F5
:108A20000899425409991129069E32D83046643873
:108A30002046A8412DD364220027304625462146F2
:108A40001C463B460FF052FD0A223B460FF04EFDFE
:108A500022431AA8089C001942707D20C2003046AB
:108A600029463B460FF042FDE41C099A102A03D820
:108A7000214A921BAF41AAD3641E0CE02D480FF08F
:108A8000EFF83868C0087C2856D91B4E55E0089C82
:108A900001E0089C641C601E032109900EF096FE04
:108AA000481C032814D00546032814D01AA82746CA
:108AB000841EE01940780EF08DF9012D00D196E06A
:108AC000BE1EE05D0EF086F9AD1E3746F1D18FE097
:108AD00000250328EAD126468AE0C046FF7F000031
:108AE0000080FFFFCA8F0100F48F0100D5910100C3
:108AF000F99301000C920100E703000006930100C6
:108B00006E9301000E940100118F010096930100F5
:108B10002E93010011940100CE92010038940100BF
:108B2000088B0100AA9301002F94010042930100D9
:108B3000F2920100CF9301003E68002001250490CD
:108B4000014606910795681E08900A220992304650
:108B5000049C23460FF0CAFC07460D46099A23469B
:108B60000FF094FA301A302318431AA9089A505477
:108B700005960A3E06980646A04109934ED30A225E
:108B800000243846294623460FF0B0FC09980243DA
:108B90001AA807994254089B112B05980D463FD8F7
:108BA000014664393146A1413AD364220027044684
:108BB00031463B460FF09AFC0A223B460FF096FCEA
:108BC000099802431AA8401942707D20C20020462D
:108BD00031463B460FF08AFCED1C089A102A04D857
:108BE000C34A121BB7410646ABD36D1E19E07E1E69
:108BF0000998022800D278E174421AA83018C51EDC
:108C0000A8780EF0E7F868780EF0E4F828780EF00F
:108C1000E1F8E41CED1E002CF2D166E1079D00E0B6
:108C20006D1C681E032108900EF0D0FD481C03281F
:108C300012D00646032812D01AA8841E6019407864
:108C40000EF0C8F8012E0CD0AF1E605D0EF0C2F819
:108C5000B61E3D46F2D105E000260328ECD12F4692
:108C600000E06F1E0898022810D37C421AA838181A
:108C7000C51EA8780EF0AEF868780EF0ABF828782C
:108C80000EF0A8F8E41CED1E002CF2D19A480EF06C
:108C9000E7FF039805699648854200D30546002002
:108CA0000124039001460791601E08900A22069253
:108CB0002846039E33460FF019FC07460591069A95
:108CC00033460FF0E3F9281A2246099C20431AA9DB
:108CD000089B585406950A3D07980546B04136D37F
:108CE00004920A2200263846059933460FF0FEFB0F
:108CF00022431AA8049C025508991129069828D8DD
:108D00000246643A2A46B24123D364220027294608
:108D100006463B460FF0EAFB0A223B460FF0E6FB15
:108D2000099802431AA8001942707D20C2003046FB
:108D300029463B460FF0DAFBE41C089A102A04D8B7
:108D40006B4A921BAF410546ADD3641E02E0144648
:108D500000E0641C2646601E032108900EF036FDDC
:108D6000481C032803D00546032803D114E000253E
:108D7000032811D01AA8841E3746E01940780EF057
:108D800029F8012D07D0BE1EE05D0EF023F8AD1EC0
:108D90003746F2D100E07E1E0898022810D37442B4
:108DA0001AA83018C51EA8780EF014F868780EF0CE
:108DB00011F828780EF00EF8E41CED1E002CF2D10C
:108DC0004C480EF04DFF0FF0E3F90021012506910C
:108DD000059507916A1E08920A2204920646069C8F
:108DE00023460FF083FB07460D46049A23460FF0F7
:108DF0004DF9301A099C20431AA9089A5054049638
:108E000007980A3E069A904136D30A220026384631
:108E1000294633460FF06AFB22431AA8059BC25429
:108E2000089911291D46049C28D8204664380798C3
:108E3000B04123D3642200272046079E31463B469B
:108E40000FF054FB0A223B460FF050FB09980243F7
:108E50001AA8401942707D20C200204631463B4688
:108E60000FF044FBED1C089A102A03D8204A121B6D
:108E7000B741ADD36D1E02E0059D00E06D1C2E468E
:108E8000681E032109900EF0A1FC481C032803D0A2
:108E90000546032803D114E00025032811D01AA8A1
:108EA000841E3746E01940780DF094FF012D07D05D
:108EB000BE1EE05D0DF08EFFAD1E3746F2D100E024
:108EC0007E1E0998022810D374421AA83018C51EB5
:108ED000A8780DF07FFF68780DF07CFF28780DF002
:108EE00079FFE41CED1E002CF2D11FB0F0BDC0468E
:108EF000E7030000F29201007A930100F0B587B019
:108F00005B4E31787078B37899420A4600D31A469E
:108F1000814200D3104630700420315E0620305E5E
:108F20000822B35E99420A4600DB1A46814200DB02
:108F30001046B0800A20315E0C20305E0E22B35EF7
:108F400099420A4600DB1A46814200DB10467081D6
:108F50001020315E1220305E14220492B35E9942DA
:108F60000A4600DB1A46814200DB1046308216209A
:108F7000315E1820305E1A22B35E99420A4600DB49
:108F80001A46814200DB1046F0821C20315E1E2012
:108F9000305E2022B35E99420A4600DB1A468142C7
:108FA00000DB1046B0832220315E7D25E80081423F
:108FB00000DB0146CA17914371842421715E81420E
:108FC00000DB0146CA179143B1842621725E8242BA
:108FD00000DB02460121012A00DC0A46F284282037
:108FE000335C072B1A4600D30722002B0B4600D018
:108FF000134633542922B45C642C234600D36423E3
:10900000002C00D019461B4BB154718DC82901D2D8
:10901000C82102E09942194600D971852B01B18D12
:10902000642901D2642102E09942194600D9B18530
:109030000695EF00F18D282902D3B942384601D9AF
:10904000F0850146328E8A42104600D808468A4290
:1090500001D3984205D906990901884200D30846F0
:109060003086716BC829059306D2C82007E0C04638
:10907000D00F202088130000D348814200D97063AC
:10908000B46B002120460DF0B9FC002805D1CF4972
:1090900020460DF0C7FC002801D0CD4CB463F56B21
:1090A000002128460DF0AAFC002805D128462146BB
:1090B0000DF0AEFC002801D0C648F063346C0021EE
:1090C00020460DF09BFC002805D1C34920460DF039
:1090D000A9FC002801D0BF4830644420315ABF4A5F
:1090E0008918491E89B2BE4A914201D86421315281
:1090F0004620315E069AD200914200DB1146CA1723
:10910000914331524820315AB64A8918143989B2EC
:10911000FD4A914201D8C82131525021705A02466D
:10912000153A049BDB439A4201D805207052522124
:10913000725A642A01D8824201D2642070525421AA
:10914000705AF24A8218521E92B2F14B9A4201D8DA
:109150003C2070525621725ABA4201D8824201D83C
:1091600064207052B46D002120460DF047FC0028A9
:10917000069F05D1E74920460DF054FC002801D098
:10918000E548B0655C20315C012903D0FF2901D09E
:10919000FF2131545E21725EF800824200DB0246FC
:1091A000D3179A4372526021725E824200DB0246FC
:1091B000D3179A4372526221725E824200DB0246EA
:1091C000012A00DC012272526422B05EC82800DB52
:1091D000C820C11788430492B052B46E00212046C3
:1091E0000DF020FC002805D0C54920460DF01AFCE2
:1091F000002801D0C14CB466F56E002128460DF060
:1092000011FC002805D0284621460DF001FC00285D
:1092100001D0C248F0667020315EFA00914200DB56
:109220001146012900DC01213152756F00212846C9
:109230000DF0F8FB002806D03F20010628460DF06F
:10924000F1FB002801D0B6487067B56F2846294663
:109250000FF0F0F800280BD1284621460DF0C4FB92
:10926000002805D1A64928460DF0DCFB002801D0D6
:10927000AC48B067A34DF46F002120460DF0C8FB49
:10928000002805D0A74920460DF0CCFB002802D0CD
:1092900001208007F0678020315A6918491E89B281
:1092A000A94201D2C8213152842574590021204697
:1092B0000DF0B8FB002805D08F4920460DF0B2FB19
:1092C000002801D097487051882574590021204604
:1092D0000DF0A8FB47424741B82031582046039182
:1092E0000DF0A0FB411E88413843012801D18E4C6E
:1092F000745101258C2001903758384639460FF0BB
:1093000099F80290384621460DF06EFB0446384627
:1093100003990DF087FB411E8841002C294600D19E
:10932000014602980028069F00D10D46012D02D16A
:109330007E48019970509020325E9221715E942394
:10934000F45EA242134600DB23468A4200DB194644
:1093500031529620315E5A29664C00DB5A2159223F
:10936000D2439142059B00DC114631529A20315E76
:10937000782900DB78217722D243914200DC114624
:1093800031529820315A6429049A02D3A1422246CC
:1093900000D932529C20315AA14200D934529E2029
:1093A000315A994200D93352A020315A642901D24E
:1093B000642301E0994200D93352A4203258910825
:1093C0007D2911D2B90012E0102700000000B4423C
:1093D000000040410000A0400000C84230F8FFFFFC
:1093E0002FF800002BFCFFFF51498A4200D9315071
:1093F000F021725EF800824200DB0246D3179A43E6
:109400007252F221725E824200DB0246D017824322
:109410007252F4203158474A8918491E914201D2AC
:1094200039013150F8257459002120460DF0E6FA33
:10943000002806D17F20C10520460DF0F3FA002850
:1094400001D03D487051FC257459002120460DF093
:10945000D5FA002806D17F20C10520460DF0E2FA9A
:10946000002801D02E4870510120050274590021B6
:1094700020460DF0B9FA002805D1304920460DF0FC
:10948000D1FA002801D02E4870514120850074592E
:10949000002120460DF0A8FA002806D17F20C10542
:1094A00020460DF0BFFA002801D026487051212037
:1094B000C100725EF800824200DB0246D3179A4375
:1094C000725285214900725E824200DB0246D0174B
:1094D0008243725243208100705A002801D1052036
:1094E000705287214900725A824200D2705207B0EE
:1094F000F0BDC046881300000000B4420000A04048
:109500000000C84230F800002AFC00000CFEFFFFFB
:109510000BFE00000000FA430000F543CDCC4C3FA9
:10952000CDCC4C3E0000A0410000C84100003442B8
:10953000983A0000F0D8FFFF3333B33E00002041DB
:109540009A99193F0AD7233CF0B58FB0DE4D0B90A6
:10955000002800D19BE22426A85D002800D196E2D5
:10956000FB4F01200190FB480FF09AF8FA480B9945
:109570004843C00C081A002180B2029003910846AB
:109580000490039868610BE07C2008212954686EE0
:10959000401C686638460FF083F8601D2D2C79D288
:1095A0000446A85D00280AD047200CA9022205F035
:1095B00003F8002806D07C200021295408E07C20F4
:1095C000082101E07C2009212954686E401C68664E
:1095D00038460FF065F8A85D00280AD047200CA98E
:1095E000022204F0E9FF002806D07C200021295443
:1095F00008E07C20082101E07C2009212954686EC4
:10960000401C686638460FF04BF8A85D00280AD069
:1096100047200CA9022204F0CFFF002806D07C20AE
:109620000021295408E07C20082101E07C20092148
:109630002954686E401C686638460FF031F8A85D02
:1096400000280AD047200CA9022204F0B5FF002808
:1096500006D07C200021295408E07C20082101E06C
:109660007C2009212954686E401C686638460FF03A
:1096700017F8A85D002887D047200CA9022204F023
:109680009BFF002803D07C200021295482E77C2006
:1096900009217BE7B148411C0A91002708970797E9
:1096A0003C46099009E0641C0A90A9480EF0F8FFB6
:1096B0007F1CB8B20B9988422CD2A85D002820D01C
:1096C00047200DA9022204F077FF00281BD00D9936
:1096D000C8BA09BA7C220023AB54C917089A1218D9
:1096E0000892079A4A410792099909B281420246B3
:1096F00000DC0A4609920A9909B28142D3DB084686
:10970000D1E7082000E009207C216854686E401CE5
:109710006866CAE7A2B202988242ED4F00D2A7E182
:1097200000240898079923460EF0D6FE06902F6A6B
:109730003846079421460DF061F90890069800B26A
:109740000EF03AF939460CF095FC044608980028CA
:1097500000D0079C099800B20A9909B2081A0EF0C5
:109760002BF939460CF086FC0746204607990DF088
:109770003BF901210091C90700280894079100D006
:109780004C402046D3490DF04DF904463846D249A5
:109790000DF048F9411E8841002C019900D1014685
:1097A0000029CB4F00D063E10898686100240A9437
:1097B0000EE00820099C7C216854686E401C686695
:1097C00038460EF06DFF601D0F2C044600D34BE1B0
:1097D000A85D0028099433D047200EA9022204F086
:1097E000EBFE00282ED00E9805907C2000272F54E9
:1097F0002C6A204639460DF001F906900598C0BA4A
:109800000EF0DAF821460CF035FC0699002900D05C
:10981000384608990AF078FF044639460DF0E4F816
:10982000002801D007984440A94F2046AB490DF0CD
:10983000F9F8002800D01BE10A98401C0A9007E0C4
:10984000082000E009207C216854686E401C68668E
:1098500038460EF025FFA85D002833D047200EA91A
:10986000022204F0A9FE002830D00E9805907C203A
:1098700000272F542C6A204639460DF0BFF8069079
:109880000598C0BA0EF098F821460CF0F3FB069943
:10989000002900D0384608990AF036FF04463946B8
:1098A0000DF0A2F8002801D007984440884F2046C8
:1098B0008A490DF0B7F8002800D0D9E00A98401C7A
:1098C0000A9009E0082002E0E011202009207C2114
:1098D0006854686E401C686638460EF0E1FEA85D6C
:1098E000002833D047200EA9022204F065FE00288C
:1098F00036D00E9805907C2000272F542C6A2046E5
:1099000039460DF07BF806900598C0BA0EF054F871
:1099100021460CF0AFFB0699002900D03846089983
:109920000AF0F2FE044639460DF05EF8002801D038
:1099300007984440664F204668490DF073F80028A8
:1099400000D095E00A98401C0A900FE0082008E03B
:10995000007102000024F400CDCC0000FF7F000065
:1099600009207C216854686E401C686638460EF0F9
:1099700097FEA85D002832D047200EA9022204F0ED
:109980001BFE00282DD00E9805907C2000272F5418
:109990002C6A204639460DF031F806900598C0BA79
:1099A0000EF00AF821460CF065FB0699002900D05C
:1099B000384608990AF0A8FE044639460DF014F816
:1099C000002801D007984440414F204643490DF0FC
:1099D00029F800284CD10A98401C0A9007E008207A
:1099E00000E009207C216854686E401C6866384697
:1099F0000EF056FEA85D002800D1DAE647200EA939
:109A0000022204F0D9FD00282CD00E9805907C206D
:109A100000272F542C6A204639460CF0EFFF0690A1
:109A20000598C0BA0DF0C8FF21460CF023FB06993B
:109A3000002900D0384608990AF066FE04463946E7
:109A40000CF0D2FF002801D007984440204F204658
:109A500022490CF0E7FF00280AD10A98401C0A901E
:109A6000099CADE60920A5E60A9880B2112825D800
:109A70000498022807D0044619480EF011FE601C15
:109A8000022C00D27CE500206861252101E025211F
:109A900000206854262168540B23124900220A60D2
:109AA00011490A6011490A7011490A7029216A5442
:109AB000EA616A857C216B540FB0F0BD25200099C6
:109AC00029540023EB84AB652B660198E5E7C0467B
:109AD00000710200000020410000A0400000404052
:109AE00000A86100E8182020641420203F192020DD
:109AF0004E192020F0B597B0099103901C99002BC6
:109B000001D0002018800493002901D00020088093
:109B10000A920591DC4801210C910170DB49F0208B
:109B2000085AF2210B91F4210D912121C9001291C3
:109B30008521490013914321890010910026FC21C1
:109B40000F91F8210E9141210191890011917D2100
:109B50000291C90008918842304671D8CB480B99D0
:109B6000415E002930466BD4C9488142304667DAED
:109B7000C6480D9940580028304661D0C349129814
:109B8000085E16901398085E15901098085A149065
:109B90000F980C580E980F581198085806900C986A
:109BA000000208580790002138460CF03BFF0028BF
:109BB000304645D07F20C505384629460CF01EFFAB
:109BC000002830463CD0002120460CF02BFF002816
:109BD000304635D0204629460CF010FF002830468C
:109BE0002ED0002107980CF013FF0028304627D014
:109BF0000024069821460CF00BFF002830461FD0A9
:109C00001698002830461BD4A14816998142304648
:109C100016DA15980028304612D4FC48159981426E
:109C200030460DDA14980028304609D087204000CD
:109C3000F549085A1499884201D2204600E00120D3
:109C4000F04C60707F210998084060710EF0C4F8F4
:109C5000A071411E02468A412271002803D060791A
:109C60000CF0BCFD064626810A9887B208998F42FF
:109C700000D30F46002800D50027E783E06B401C87
:109C800000D2E063207800280AD06078002807D04E
:109C90002622A35C032B0ED10021218408468CE1EF
:109CA00000206080E06020616061A061A08320628C
:109CB000A08417B0F0BD591E2079012910D80028C2
:109CC00000D18DE00020E06220866080E0602061AD
:109CD0006061A061A083606221462431087102E0C6
:109CE000002800D195E0607932216054A686019960
:109CF0000140012904D0084640290BD1012000E091
:109D0000FF2027216054282001212154A06B401CF2
:109D100000D2A063E07800284DD0E468BA490F98DB
:109D2000085815900E980D5830460DF045FE214606
:109D30000AF0EAFC014628460BF0BEFF21460AF075
:109D4000E8FC1690AF49C8601098AF49085A012145
:109D50000026039A90420B4600D9334687225200D0
:109D6000A94DAA5A039DAA4200D231460B40A54EE6
:109D7000B370012B169D2DD1284621460AF0C4FC54
:109D8000044603980EF0CAF80146A2480CF072F996
:109D900021460BF091FF3061746921460AF0B4FC52
:109DA000014615980BF088FF21460AF0B2FC0146E7
:109DB0007061954E83E030460DF0FEFD05460021B2
:109DC000E060216161610120E070A078002861D02D
:109DD0008D4E74E000213161716134468A4E60E03D
:109DE000E06A039D29180020A94200D2C143E16224
:109DF0002546854E0D9C3459A14234D20B98315AD8
:109E00000022012B104600D00846012B7D4C28D1A2
:109E1000F2E000206080A084E06020616061A061C9
:109E2000A0832821615C0029774D00D1D1E0272152
:109E3000635CFF2B01D002210C910C99A154208668
:109E4000039EE6620D996958B14200D8CCE00B98A8
:109E5000295A0022FF2B104600D00846FF2B00D1C4
:109E6000CAE01146C8E06880A884E860286168619B
:109E7000A861A8830321A954654929860146049A4B
:109E80002C4628849AE0C04648152020D00F202078
:109E9000E903000016955C4E1098305A872149005E
:109EA000725A01230021039DA842184600D9084692
:109EB000039DAA4200D20B461840A070169D0120B7
:109EC000169000023458119830580BF0F5FE0646F3
:109ED000204629460BF0F0FE31460AF01AFC0546F2
:109EE00048488561129848490E5A284629460EF07E
:109EF000A1FA002800D082E0744220B20DF05CFD8F
:109F0000014628460CF07AFD002819D130B20DF038
:109F100053FD014628460CF07BFD002834460FD146
:109F2000002128460CF074FD002801D1BF2000E07C
:109F30003F20010628460AF0ECFB0DF0EFFD044639
:109F40003048848320B21590C0190299CA0090420B
:109F5000044600D31446002100280D462A4B00D4A5
:109F600025466C1E2846A041139C1C5FA542169EE8
:109F700000DB0E4630402426224B98550028084628
:109F800000D128461F4D2884159BFD1A95422B466B
:109F900000D31346002D0A4600D41A46551E134618
:109FA000AB41A24200DB1691169C23402524154D9F
:109FB0002B552C46002B00D11146049A6184002AAF
:109FC00000D010800599002901D0608C088017B05E
:109FD000F0BD0021E162E170252021540320A0544E
:109FE00001200002208658E6E070252160540321FC
:109FF000A154074921860146049A2084DEE7002403
:10A000009EE7C04648152020D00F2020E90300001D
:10A010000102000000007A44F0B58FB00EF0BAFBE8
:10A02000074680690DF07AFDB44CA04200DC204662
:10A03000B34EB04200DB30460290F8690DF06EFD81
:10A04000A04200DC2046B04200DB304601900025F3
:10A05000284629460EF07CF8AA480DF001FE386823
:10A06000A04200DC2046B04200DB304607F00EFF85
:10A07000A5480DF0F5FD7868A04200DC2046B0420E
:10A0800000DB304607F002FF022029460EF060F8A0
:10A090009E480DF0E5FDFE68BC68002E01D43546F3
:10A0A00004E02D200CF096FE6442B54103974A3738
:10A0B00000970023964A2046294606930EF016FA8A
:10A0C000104619460125059507916A1E08920A2235
:10A0D00009920646069F3B460EF008FA04460D46D6
:10A0E000099A3B460DF0D2FF301A302738430AA9AF
:10A0F000089A5054049607980A3E069A9041099788
:10A1000036D30A2200262046294633460EF0EEF9C1
:10A110003A430AA8059BC254089911291D46049F79
:10A1200028D8384664380798B04123D364220024E5
:10A130003846079E314623460EF0D8F90A222346B8
:10A140000EF0D4F9099802430AA8401942707D2004
:10A15000C2003846314623460EF0C8F9ED1C089A75
:10A16000102A03D8D34AD21BB441ACD36D1E02E0EF
:10A17000059D00E06D1C2E46681E032108900DF021
:10A1800025FB481C032800D00690032801D1354642
:10A1900011E00AA8841E069FA01940780CF01AFE50
:10A1A000012F07D0B51EA05D0CF014FEBF1E2E4679
:10A1B000F2D100E0751E0898022810D36C420AA85C
:10A1C0002818C51EA8780CF005FE68780CF002FE71
:10A1D00028780CF0FFFDE41CED1E002CF2D1B748EE
:10A1E0000DF03EFD039845690469002D01D4294610
:10A1F00005E02D200CF0EEFD00216442A941AE4A9D
:10A200000023204606930EF071F9104619460125E9
:10A21000059507916A1E08920A2204920646069F37
:10A220003B460EF063F904460D46049A3B460DF09A
:10A230002DFF301A099F38430AA9089A50540496F2
:10A2400007980A3E069A904136D30A2200262046F5
:10A25000294633460EF04AF93A430AA8059BC254F0
:10A26000089911291D46049F28D838466438079854
:10A27000B04123D3642200243846079E314623464A
:10A280000EF034F90A2223460EF030F90998024301
:10A290000AA8401942707D20C20038463146234644
:10A2A0000EF024F9ED1C089A102A03D8814AD21B1B
:10A2B000B441ADD36D1E02E0059D00E06D1C2E463D
:10A2C000681E032108900DF081FA481C032800D075
:10A2D0000690032801D135461DE00AA8841E069F7A
:10A2E000A01940780CF076FD012F13D0B51EA05DAB
:10A2F0000CF070FDBF1E2E46F2D10CE00080FFFF77
:10A30000FF7F0000A6920100489201008A9301009D
:10A3100040420F00751E0898022810D36C420AA80C
:10A320002818C51EA8780CF055FD68780CF052FD71
:10A3300028780CF04FFDE41CED1E002CF2D1042017
:10A34000002529460DF004FF5D480DF089FC0298B8
:10A3500000B207F09BFD5B480DF082FC019800B253
:10A3600007F094FD062029460DF0F2FE56480DF048
:10A3700077FC009C207807F089FD54480DF070FCB4
:10A38000607807F083FD52480DF06AFC0398006D79
:10A3900001240695294605940791621E08920A2217
:10A3A00004920546069F3B460EF0A0F806460C4672
:10A3B000049A3B460DF06AFE281A099F38430AA901
:10A3C000089A5054049507980A3D069A904136D34E
:10A3D0000A220025304621462B460EF087F83A43E4
:10A3E0000AA8059BC254089911291C46049F28D825
:10A3F000384664380798A84123D36422002638469B
:10A40000079D294633460EF071F80A2233460EF0B6
:10A410006DF8099802430AA8001942707D20C20015
:10A420003846294633460EF061F8E41C089A102A93
:10A4300003D8204AD21BAE41ADD3641E02E0059C76
:10A4400000E0641C2646601E032109900DF0BEF951
:10A45000481C032803D00546032803D114E0002537
:10A46000032811D00AA8841E3746E01940780CF062
:10A47000B1FC012D07D0BE1EE05D0CF0ABFCAD1EA3
:10A480003746F2D100E07E1E0998022810D37442AC
:10A490000AA83018C51EA8780CF09CFC68780CF04F
:10A4A00099FC28780CF096FCE41CED1E002CF2D1EF
:10A4B0000FB0F0BDE703000040420F0030910100F3
:10A4C000DA9201007B91010011940100BA9201001F
:10A4D0002E930100F0B5B1B004461AAF0EF04AF960
:10A4E0000178002900D1C1E08168C44A136899420B
:10A4F00000D1BBE01160C24D2C63C168C14A136832
:10A5000099420BD011603B2100226A543C216A54CD
:10A51000EA80EA61BC490A70BC490A6041780029B6
:10A520000CD0817800290FD04668A11B972921D330
:10A530003A21002068543D2103220AE03A210020FC
:10A5400068543D21012204E03A21002068543D2155
:10A5500002226A543B21695C002903D0A86A401C8E
:10A56000A86283E03C216854E880FA490870FA49FF
:10A5700008607BE0012107913B23E95C00290893F7
:10A5800026D0F44A1278012A28D104911222815E41
:10A590000023F24A0693D25E05918A1AD3170392DA
:10A5A0005A40D21A3D2A20D3686A401C68623A2079
:10A5B000069B2B543D2004222A5404980028CDD118
:10A5C0003C202B54EB80E3480370E34803604DE0EC
:10A5D0003E22AA5C022A01D0052AD2D1DD49079A7F
:10A5E0000A700021E980438A24E0059989B2069126
:10A5F000D94909688E421BD00590711A1920400173
:10A60000C830039A50430CF069FC0621695E0322AE
:10A610004A431018C117890F40188110D048814251
:10A6200000DC0146CF4A9142059800DB1146E980E3
:10A63000079A069BC9490B80C7490E606B808069E9
:10A640006863EE61286A401C28623D20002129547D
:10A650003A20012129543C21685C022804D8421C7C
:10A660006A54801E4242424108982A540DF0CAFFA3
:10A67000002803D10EF008F800280AD00DF024F9C4
:10A68000B34800210187416181613E22815431B08C
:10A69000F0BD1AA80CF048FD09AD28460DF078FC75
:10A6A0004120285C002807D0A948002101873E21CD
:10A6B0000622425431B0F0BD4937A54E3820305CF7
:10A6C00000281ED0387800280ED0F87800280BD04B
:10A6D0003879002808D1F879002805D1387A00287F
:10A6E00002D1787A00282DD03924305D002803D09B
:10A6F0000DF0EAF8002030553E200121315431B0F0
:10A70000F0BD3924305D002819D0387800280ED0EB
:10A71000F87800280BD03879002808D1F87900287B
:10A7200005D1387A002802D1787A00282CD00DF093
:10A73000CBF8002030553E21705431B0F0BD3E20A2
:10A740000021DBE71921F0690025002801D0201A3B
:10A7500000E0E84349013B22B25C002A1AD088425B
:10A760001CD9002070873C217054F0807949087012
:10A77000794908603E20315C052902D0F16A491C04
:10A78000F162052131541DE03E20042131541AA804
:10A7900001211DE0884212D8022011E097281BD326
:10A7A0001AA809A90CF042FB0028A5D0B1681AA884
:10A7B0000BF05AFE00281AD03E2007219EE7052004
:10A7C0003E2170543920305C002898D01AA800210E
:10A7D00009F02EFF31B0F0BDB08E002807D03188CF
:10A7E00009B2CA175140891A4900884210D20DF0A7
:10A7F0006BF8002030873E2006217FE7B818202024
:10A8000088152020C418202058192020BC1820208A
:10A810001AA809A90CF00AFB002800D16CE7705FA8
:10A820000221715E421A4F48824200DB02464C48C8
:10A83000824200DC0246B2804B4C2068C117D3171D
:10A840000DF024FC64220490069105922B460DF035
:10A8500043FE1422A456E317224603930DF016FC80
:10A86000EF430123DA070892121A3A468A41079306
:10A870001A4659DB2A46002A58D0002A00D10898E7
:10A880003A4A821AA94100DB3848F06036484268EB
:10A89000D31706200090305EC1170DF0F7FB63223E
:10A8A000D243019002913B460DF016FE2246039BD7
:10A8B0000DF0ECFB089A121A3A468A41079A39DBE6
:10A8C0002A46002A38D0002A00D10898274A821A3E
:10A8D000A94100DB2548306104980199401A069986
:10A8E000029A9141059A2B460DF0F6FD089A121A2C
:10A8F0003A468A4100DB0795079A002A00D139467B
:10A90000079A002A00D10898184A821AA94100DB48
:10A9100016484443B4601AA821460BF0A5FD002850
:10A920000ED03E200321E9E6002AA6D13946002AAE
:10A93000A5D0A5E7002AC6D13946002AC5D0C5E76B
:10A940000CF0C2FF002030873E200099D6E6C046BA
:10A950008815202058192020BC18202026182020D7
:10A960000080FFFFFF7F000078172020FFFFFF7FA0
:10A97000F0B59BB009900DF0D9FE0C900DF0DAFE09
:10A9800008900DF0E3FE02900DF0DCFE03900DF058
:10A99000B5FE04900DF0F2FE06900DF0F3FE05906A
:10A9A0000DF0F4FE07900DF0B5FE07467A300090EA
:10A9B0003846243001900DF0EDFE0A9048300B909F
:10A9C0000DF0BCFE014677310F910D9044300E9092
:10A9D0000DF0A4FE06460446243410A80DF0C8FB72
:10A9E000094D099828600DF0F5FD28710DF060FD06
:10A9F000089A68710C98C088E880106807210028C0
:10AA00000C9104D002E0C046000E2020017829728B
:10AA100010796872D08968819089A881907CA87328
:10AA20000DF0C6FDE873F84948782874C888688234
:10AA3000C869686130882883B078A8767079E8762C
:10AA4000B07928773089E883F06828627069686295
:10AA5000B069A862B08BA885308CE885708C288698
:10AA60002078322168546078332108916854A078A6
:10AA700034216854E07835210991685420793621D1
:10AA80006854F06AA863207B3C216854607B3D21B8
:10AA90006854A07B3E216854B08E40216852B06B50
:10AAA0006864B869A8643869E86478692865388892
:10AAB000542168527868A865B868E865F86928661E
:10AAC000386A6866009A108868216852D0886A21BE
:10AAD0006852107A6C26A855386D2867786D6867BB
:10AAE00001990868A8674868E867F86A8021685093
:10AAF000386B84216850786B88216850B86B8C2142
:10AB00006850F86B90216850386C94216850786CCC
:10AB100098216850B86C9C216850F86CA02168504E
:10AB2000F86EA4216850386FA8216850786FAC2166
:10AB30006850B86DB0216850F86DB4216850386E17
:10AB4000B8216850B86EBC21685002980078C021C6
:10AB500068540DF039FDC12168540DF071FDC2211A
:10AB6000685403980078C3216854049A1068C4217B
:10AB700068509088C8216852A34F386ACC21685029
:10AB8000B86BD0216850B88DD42168524820385C09
:10AB9000D62168543B464C330FCBD8242851DC20B7
:10ABA0002950E0202A50E4202B505C20385AE8211C
:10ABB00068525E20385CEA216854F88DEC216852B6
:10ABC0005F21785CEE22A8546020385CEF22A85404
:10ABD000786EBA6EF023E850F4202A50B85BF82261
:10ABE000A8521698FC22A850179801221202A850C9
:10ABF000189841229200A85006984068059B5A6810
:10AC000010185A6980182122D200A850079C207879
:10AC100043229200A8546278FF2003460E33EA5480
:10AC2000A27887235B00EA54A26811231B01EA5033
:10AC30000A9E326845239B00EA5072682323DB009A
:10AC4000EA50F268B368092464012B512B195A6049
:10AC5000726933692524E4002B512B195A60B269BB
:10AC600013231B01EA50F2694D239B00EA50326A1C
:10AC70002723DB00EA50726A4F239B00EA50B26A36
:10AC800005239B01EA50F26A51239B00EA50326B84
:10AC90002923DB00EA500B9CA27853239B00EA5443
:10ACA000E27803464E33EA542279A7235B00EA5444
:10ACB000326D15231B01EA50F26B55239B00EA50BD
:10ACC000326C2B23DB00EA50726C57239B00EA5056
:10ACD00022780B235B01EA54627803466233EA541C
:10ACE0000D9E3288B1235B00EA52728859239B0083
:10ACF000EA523279B3235B00EA54B2682D23DB00B9
:10AD0000EA50F2685B239B00EA50326917231B016B
:10AD1000EA50B28B5D239B00EA520E9C2289BB2332
:10AD20005B00EA52326A2F23DB00EA50326D890061
:10AD30006A50716A0322D201A950716D612292009A
:10AD4000A950B16A3122D200A950B16D632292009C
:10AD5000A950F16A19221201A950F16D65229200E1
:10AD6000A950316B089AD200A950316E6722920027
:10AD7000A950716B0D225201A950716E6922920087
:10AD8000A950B16B099AD200A950B16E6B22920002
:10AD9000A950F16B1B221201A950F16E6D22920095
:10ADA000A950316C3722D200A950316F6F22920026
:10ADB000A95021880C9A9201A952218EE1225200B9
:10ADC000A952E17871229200A9540F9B197802468A
:10ADD000C632A9546179E3225200A95499780246F7
:10ADE000C832A954A1793922D200A954D97802468F
:10ADF000CA32A954E179E5225200A9541979CC301C
:10AE000029541BB0F0BDC046E0122020F0B591B02F
:10AE10000DF084FC0546044626340DF09FFC0B9093
:10AE20002620285C401EC0B2022803D88000F249C8
:10AE3000085800E0F148099060780390E07A0290A9
:10AE40000026304631460DF083F9ED480CF008FF3E
:10AE50000A956C7930253127E007284600D038461E
:10AE60000BF0B8FFA007284600D538460BF0B2FF1C
:10AE70006007284600D538460BF0ACFF200728466F
:10AE800000D538460BF0A6FFE006284600D5384628
:10AE90000BF0A0FFA006284600D538460BF09AFF1D
:10AEA000600600D53D4628460BF094FF022031464F
:10AEB0000DF04EF9E4480CF0D3FE09980CF0D0FEEA
:10AEC000E2480CF0CDFE08200A9C205E06F0DEFF72
:10AED0002F200BF07FFFE568284629460DF0AAFADF
:10AEE000002813D1DA4EDB4928460BF09BFD0028E1
:10AEF0000CD1C720010628460BF076FD002801D0B2
:10AF0000761C03E028460CF009FE064630B206F037
:10AF1000BDFF0420002529460DF01AF9CE480CF09B
:10AF20009FFE1C20205E06F0B1FFCC480CF098FE7E
:10AF30002020205E06F0AAFFC9480CF091FE2220D6
:10AF4000205E06F0A3FF0620099529460DF000F9C2
:10AF5000C4480CF085FE0B984469C34920460CF0A8
:10AF600035FC05467D20C100204604910CF02EFCE6
:10AF70003C210CF02BFC0791BC480194844202D880
:10AF800030200BF027FF01270999284606970A91E0
:10AF90007A1E0B920A2208920446099E33460DF04F
:10AFA000A5FA05460F46089A33460DF06FF8201AA9
:10AFB000302630430CA90B9A505405940A980A3C49
:10AFC000099A9041089635D30A220024284639462A
:10AFD00023460DF08BFA32430CA8069BC2540B9902
:10AFE00011291F46059E27D8304664380A98A0418B
:10AFF00022D36422002530460A9C21462B460DF0C0
:10B0000075FA0A222B460DF071FA089802430CA833
:10B01000C019427030462146049A2B460DF066FA5C
:10B02000FF1C0B9A102A03D8914A921BA541ADD35D
:10B030007F1E02E0069F00E07F1C781E03210B901C
:10B040000CF0C4FB481C032812D00546032812D07C
:10B050000CA8841EE01940780BF0BCFE012D0CD02A
:10B06000BE1EE05D0BF0B6FEAD1E3746F2D105E028
:10B0700000250328ECD13E4600E07E1E0B980228F6
:10B0800010D374420CA83018C51EA8780BF0A2FE8D
:10B0900068780BF09FFE28780BF09CFEE41CED1EF8
:10B0A000002CF2D13A200BF095FE079D092D02D815
:10B0B00030200BF08FFE002101200A9005910B91AA
:10B0C0000A98401E09900A2628463246059C2346C7
:10B0D0000DF00CFA0F460690324623460CF0D6FFD0
:10B0E000281A089E30430CA9099A505407950A3D26
:10B0F0000B98A04137D30A220024069839462346EC
:10B100000DF0F4F90B9932430CA80A9BC254099B29
:10B11000112B079D29D8284664380846A04124D31E
:10B120006422002728463B460DF0E0F90A223B4600
:10B130000DF0DCF932430CA80A9C00194270284635
:10B140000B99049A3B460DF0D1F90B9BE41C0A9431
:10B15000099A102A04D8464A521B9F410546AED38D
:10B160000A9D6D1E03E00A9D01E00A9D6D1C681E8C
:10B1700003210B900CF02AFB481C032812D0064632
:10B18000032812D00CA8841E601940780BF022FE10
:10B19000012E0CD0AF1E605D0BF01CFEB61E3D46AE
:10B1A000F2D105E000260328ECD12F4600E06F1E07
:10B1B0000B98022810D37C420CA83818C51EA8781A
:10B1C0000BF008FE68780BF005FE28780BF002FE05
:10B1D000E41CED1E002CF2D10299022901D0264C6C
:10B1E00000E0244C0398012900D1244C012809D007
:10B1F0005525FF2809D009E0D88D0100A69301004C
:10B200002C8F01005225FF2800D14C256421019884
:10B210000CF0DCFA0A210CF0D9FA0E462E200BF0C5
:10B22000D9FD0898064330460BF0D4FD14480CF0C5
:10B2300017FD28460BF0CEFD09480CF011FD204605
:10B240000CF00EFD11B0F0BDCC9301002E93010067
:10B25000FF7F000000FEFF46149401001A930100D6
:10B26000F2920100E493010060EA0000BF270900A8
:10B27000E7030000D09101003A940100E69201003A
:10B2800066930100F0B5E7B0074657A80F9011A8E4
:10B290000E9011AE34463D340DF070FA10900DF062
:10B2A00069FA05460CF074FF0B9030460CF000FF75
:10B2B00040A80CF06DFE29A80BF036FFBE4E30788A
:10B2C00000280C970A950D9476D010980068716844
:10B2D00088423C4600D0B4600D9A5078717888421C
:10B2E0000A9F21D01098009011AA20463B46F7F7FC
:10B2F0007FFA0D9A5078062801D0012806D129A995
:10B3000040AA2046FCF7B2F90D9A507805280AD1D8
:10B3100011A920463A46F8F71BFA20461099F6F78D
:10B320004FFA0D9A507870701078B178884203D136
:10B330001A98F169884207D011A920463A46F8F7D1
:10B3400007FA0D980078B07040AC4120205CF1788D
:10B35000884206D0413440A90C98F9F7FFFD2078C7
:10B36000F0702F98316A88420C9C06D1542029A98C
:10B37000085C2421715C884206D029A92046FCF78C
:10B38000B7FD3E982421705410984068F1688842B7
:10B390000DD130690B99814209D11098C06B716948
:10B3A000884204D11098006CB16988421ED02046B2
:10B3B0001099F6F705FA19E0B76061787170207896
:10B3C000B070412040AC205CF0703E982422B05414
:10B3D0001098009011AA38462B46F7F709FA29A9C8
:10B3E00038462246FCF742F901203070B548007813
:10B3F000012828D10D9841781098009011AC0C9D2F
:10B400002846224637460A9E3346F7F7F1F9284682
:10B41000214632463E46F8F79BF928461099F6F742
:10B42000CFF929AC40AF284621463A46FCF71EF931
:10B4300028463946F9F792FD28462146FCF758FD83
:10B440000020A04908700F983B300F90109A1068A8
:10B4500070605068D16B126C1A9B2F9CF0600B9837
:10B46000354610351FC557AC20460CF021FE51A8BB
:10B4700010900CF067FF40A808900CF089FD29A8F7
:10B480000BF052FE22A804900CF0A6FD0DF072F90C
:10B4900007465E980026002802D00C99081A00E0A2
:10B4A000F04306900E9840300E90874D0220205EAB
:10B4B0000CF082FA0D901420385E0CF07DFA0C909E
:10B4C0000620205E0CF078FA0B900420205E0CF031
:10B4D00073FA0A905A980CF06FFA09905B980CF086
:10B4E0006BFA079059980CF067FA05905C980CF08D
:10B4F00063FA03902A980CF05FFA02900898818E04
:10B500001220049A105648430CF056FA08900F98EF
:10B5100000780CF003FD0490069C20460CF0FEFC25
:10B52000611C00D16948069051980CF045FA684CAE
:10B5300021460AF09FFD019052980CF03DFA2146F9
:10B540000AF098FD04461098008A0CF0E7FC0746C4
:10B550000F98C0780CF0E2FC0D9911910C991291A2
:10B560000B9913910A9914910999159107991691BC
:10B5700005991791039918910299199108991A91AF
:10B5800004991B9106991C9101991DAA92C22090C1
:10B59000FF20C0050E9908604E4801884E48028879
:10B5A000D2438918EA1E0A40442A07D24C488169CE
:10B5B000491C8161011D7FE0A8162020474A4849A7
:10B5C00011ACA319A45D0788D4550488641C2C40D1
:10B5D00004805C780788D4550488641C2C4004805F
:10B5E0009C780788D4550488641C2C400480DC783F
:10B5F0000788D4550488641C2C4004801C79078873
:10B60000D4550488641C2C4004805C790788D45588
:10B610000488641C2C4004809C790788D4550488D5
:10B62000641C2C400480DC790788D4550488641C91
:10B630002C4004801C7A0788D4550488641C2C4054
:10B6400004805C7A0788D4550488641C2C400480EC
:10B650009C7A0788D4550488641C2C400480DC7ACA
:10B660000788D4550488641C2C4004801C7B078800
:10B67000D4550488641C2C4004805C7B0788D45516
:10B680000488641C2C4004809C7B0788D455048863
:10B69000641C2C400480DC7B0788D4550488641C1F
:10B6A0002C4004801B7C0488135503885B1C2B40B2
:10B6B00003801136442E83D10868401C086067B0AF
:10B6C000F0BDC0463E192020FF070000000080BFEB
:10B6D0000000C8422A19202028192020000020201C
:10B6E00028172020F0B58FB00B930A920C46054620
:10B6F00047680026384631460BF06CF900280DD01B
:10B70000AE60E8680121C907414029616E61AE6100
:10B71000EE612E626E62AE62EE62FFE102941598F7
:10B7200009902E462A360D95AC68002520462946FC
:10B730000BF050F900280C960E97089432D106951C
:10B740000026384631460BF06DF907902046314609
:10B750000BF068F9411E224604468C4141424141AA
:10B760000591104631460BF03FF90546401E8541D4
:10B77000384631460BF038F94142414107980028DC
:10B78000204603D169400598014008460C99891C60
:10B79000012800D0ACE0087800280E9F069D089C88
:10B7A00004D104E0B078002801D0B11C0D7000264F
:10B7B000384631460BF018F90121CD0700280691D3
:10B7C00000D06F40204631460BF00EF9002801D121
:10B7D000254600E06540D34C384629460BF022F957
:10B7E000002801D1E83400E0E4340E9F2068099974
:10B7F0000AF062FA0546089C204639460BF0F4F838
:10B8000000280AD02046294608F083FF054639461D
:10B810000BF008F9002810D010E0204639460BF054
:10B8200001F900280AD02046294608F06DFF054698
:10B8300039460BF0D9F8002800D12F460D9DAF6096
:10B84000E9680E97384608F05FFF044628613146E4
:10B850000BF0E8F80746401E3946814107910394F2
:10B86000204631460BF0C0F8411E04468C410028AA
:10B8700000D0F043069B002F00D10346002B0C9F05
:10B8800009D03878411E02468A41D9B20E1A701E7C
:10B89000864116403B7014980190012005903E713E
:10B8A00000210E9D284608910BF0BCF8411E8841EE
:10B8B0000490204200940DD00120F8700A9E0D9D46
:10B8C0006E626869002106900BF0ACF800280598BC
:10B8D0002CD042E00026284631460BF085F800289F
:10B8E00020D00798F8700028029E1DD00A9E1BE009
:10B8F00001200E9108708B48E821405809990AF000
:10B90000DBF90146002D089800D1E1E008F001FFC5
:10B910000746002529460BF085F800280D9C00D02D
:10B92000E3E0E3E0FE70029E0D98466200270E9869
:10B9300039460BF059F834460646401E86410798B2
:10B9400006400D984069069039460C9F0BF04CF864
:10B95000411E8841304026460D9D0A907871039C17
:10B96000204631460AF0A8F90290A861B8206D4F30
:10B9700039580E980AF07EFB6B490E910AF09CF93B
:10B9800001990AF099F901902862204609990AF074
:10B9900093F90A99002928D0E02179580AF08CF906
:10B9A000069D294608F0B5FE0146002628460D46AC
:10B9B00031460BF037F8002805D0002128460BF05F
:10B9C00013F8002815D10026069831460BF00CF824
:10B9D0000746284631460BF025F8002800D12E46B0
:10B9E000002F00D12E464F4F03E0069908F091FE3C
:10B9F0000646DC203F5801200990C10779403046B7
:10BA00000C460AF0F1FF0546304639460BF00AF8BD
:10BA1000002800D13746002D00D13C4620460B9D22
:10BA200029460AF049F907460499002901D13F48FF
:10BA30000890002900D10E910298019908F069FE42
:10BA40000490394608F065FE06460E990AF0EAFFB2
:10BA5000411E884107990142059806D13046089950
:10BA60000AF0C2FF0028009804D0099948400A99BA
:10BA7000014303D00D98446104460AE00698294624
:10BA80000AF01AF907460498394608F042FE0646BD
:10BA90000D9CE7613046089F39460AF0A5FF054630
:10BAA00030460E990AF0BEFF002800D10E96002DF8
:10BAB0000C9D00D10E9F384631460AF08BFF414263
:10BAC0004141697038460CF029F80646208525E08A
:10BAD000002C37460D9C09D008F016FE07460025BD
:10BAE00029460AF081FF002800D02F46A7600C9855
:10BAF000C67086806661A661E66126626662A6629D
:10BB0000E168384608F000FE2061384631460AF008
:10BB100061FF002802D000260E98067030460FB054
:10BB2000F0BDC046D00F202000007A4400007AC447
:10BB3000F0B58BB006460AA809A90BF0DDFC07900A
:10BB4000FA48A8214358FA4AD363AC2145581564F2
:10BB5000B02144585464B421475C48210497575499
:10BB6000B521415C49200191115406965663906BB2
:10BB7000401C90635842009358410646871CED498B
:10BB8000029528460D460AF039FF002800D13E46AE
:10BB90000021029808910AF045FF002800D13E4696
:10BBA0003746361D204629460AF028FF0028079D03
:10BBB00000D13746204608990AF034FF002839465C
:10BBC00000D13146049EFF2E0846019F01D0082077
:10BBD0000843012E00D00146FF2F084601D0102057
:10BBE0000843012F00D00146039101212846059109
:10BBF000084004D0D0490A68402313430B60022157
:10BC00000D4004D0CC490A68802313430B6007958C
:10BC1000CA4A0A9CFF2E01D0012E0BD176B2002E0B
:10BC200004D5511C8C421346089D08D0002E04D424
:10BC3000234603E02346089D01E06342059D099CDD
:10BC4000FF2F01D0012F09D17EB2002E02D5511C49
:10BC50008C4208D0002E03D4224602E0224602E0A5
:10BC6000624205990891B24C236062602E46002D15
:10BC7000049909D1FF2901D0012905D1AE490A68EB
:10BC800001231B0213430B6008990029079D09D16A
:10BC9000FF2F01D0012F05D1A7490A6801235B02BC
:10BCA00013430B60694269414242424101200790BF
:10BCB000C0073240089B194008910492012A33D1F1
:10BCC0002368DA17E168A468012B0CDB451E1646D1
:10BCD0006E40DF433F1B8E4105DA0021C943944C7F
:10BCE000A160E5601AE05D4206469641651B0D467F
:10BCF000B54101DA002600E00126002B059D00DA9F
:10BD00003546E3185141002D00D12B46002D884CBB
:10BD100000D10146E160A360002D05D186490A6883
:10BD200001239B0213430B600899002933D06368F9
:10BD3000DA1761692469012B0CDB451E16466E403B
:10BD4000DF433F1B8E4105DA0020C043784C206161
:10BD500065611AE05D4206469641651B0D46B54198
:10BD600001DA002600E00126002B059D00DA3546A9
:10BD7000E3185141002D00D12B46002D6C4C00D111
:10BD8000014661612361002D05D16B4801680122E4
:10BD9000D2020A4302601B20069E653E6321CF4308
:10BDA000BE4201D300210791039B1840BE4201D23D
:10BDB00020210B43002806D00025A562E5622563FB
:10BDC0000598079054E003935D49029809F074FFC9
:10BDD000044600980CF0A2F801462046544C0AF0A4
:10BDE00049F90546A068E1680BF016FA01462846B5
:10BDF00009F062FFA062206961690BF00DFA01464B
:10BE0000284609F059FFE062A06AE16A08F081FC67
:10BE10003F21090609F050FF2063BE4227D30120CD
:10BE20000499414023D120680BF0C6FD0146284605
:10BE300009F042FF434909F03FFF264604460698B1
:10BE40000CF06CF8014620460AF014F9B061B069B4
:10BE5000346A3D490A78002A60D0214608F054FC33
:10BE60003A4909F029FF214608F053FC58E0039BAA
:10BE70000020A06107980126002827D1089870406B
:10BE800024D11F4660680BF097FD0146284609F053
:10BE900013FF2C4909F010FF2546044606980CF0C4
:10BEA0003DF8014620460AF0E5F8E861E8696C6A69
:10BEB00027490A78002A0CD0214608F025FC23499E
:10BEC00009F0FAFE214608F024FC04E00020E061BD
:10BED00004E0059A0A703B46154C6062069A3D3AAA
:10BEE0003B20C14300208A4200D306464B216654C2
:10BEF000114A12681A432265226D3F239B011340A9
:10BF00005A1E93414C22A354226D002A02D1615C37
:10BF1000484248414A2160540BB0F0BD059A0A706E
:10BF2000034C20620020039BA5E7C046D00F2020D1
:10BF3000681420200000C842D0182020FFFFFF7F97
:10BF4000DB0F494000007A44401920203333B33ED0
:10BF50004B192020F0B59DB00124002800D1E5E167
:10BF6000002A00D1E2E10B46603B9BB2F24CA342B7
:10BF700001D20324DAE103780224402B00D0D5E17A
:10BF80004378422B00D0D1E183782C2B00D0CDE137
:10BF900003250423079300270123AEB2845D2A2CD6
:10BFA0000AD06D1CAEB2079C641C07947F1E5B1CFC
:10BFB00003248E42F1D3B9E1F41C8C42D9D1069608
:10BFC0008419657829463039CEB20A2E10D3294615
:10BFD0004139C9B2052901D8373D08E02946613900
:10BFE000C9B2062902D30021C94301E0573D2946C1
:10BFF000A4782646303EF5B20A2D354610D32546A4
:10C00000413DEDB2052D01D8373C08E02546613DA4
:10C01000EDB2062D02D30024E54301E0573C25464E
:10C020000C462C4366B20424002E00D57EE10901A3
:10C030000D430495069901291AD0054603940292EE
:10C040000120C41B032118460BF0C0FB0026F2435D
:10C05000921E4243501E0090B842314601D0D01B80
:10C06000811C022C2846019104D23346039C13E024
:10C07000002325E0C9190222511A059100263346F2
:10C08000039C821955785D4091786940D3784B4084
:10C09000F61C0599B142F4D13146009ABA42019E8C
:10C0A000029A0DD00918891C4D1E2D785D40012E75
:10C0B00005D00B786B40891CB61EF5D100E02B46ED
:10C0C000D9B2049BDBB28B4200D02FE10121049155
:10C0D000079989B2059100230126374603E0761CB3
:10C0E00005998E421DD006998E4202D0815D2C2981
:10C0F000F5D1BDB2741B61426141092B049C00D88B
:10C100000C46002C00D010E14119DC0009AD07936A
:10C110002B192951F11B9980079B5B1C761C374614
:10C12000DEE709A88088401E411E88410A2B00D105
:10C13000049009240498002800D0F7E009980078BA
:10C14000422800D0F2E00020106050609060D06083
:10C15000106150619061D06109A98989002900D1DD
:10C16000E4E00B9B1E7837463A3FFFB27F087B2FF7
:10C1700000D2DBE0303EF743FF252D023D43ADB258
:10C180006E4F7D43ED0CA84200D9CFE0F5B20A26F0
:10C1900046437019491E5B1C0029E3D103941080AB
:10C1A00009A810300292121D00210791C9430AF01C
:10C1B0002FFD002800D1BCE009A8868B002E00D1FD
:10C1C000B7E00F9F387801463A39C9B249087B2950
:10C1D00000D2AEE03038C5B201200690401B0A24E0
:10C1E00021460BF0F3FA0799814200D9A1E00846F5
:10C1F0004C4360190790761E7F1C002EE2D10298F6
:10C200000799017409A820300BF07AF8002800D1B2
:10C210008FE0029C1234119909ADAE8C2046324653
:10C220000CF0BCFA00200790A055283508A9284634
:10C2300006F0F6F800287CD07D218E00089FB81902
:10C24000CC0021460BF0C2FA0546F01B21460BF04C
:10C25000BDFA002F00D5454239482818394988428F
:10C2600067D30298058109A8303008A906F0D8F8EC
:10C2700000285ED0089FB81921460BF0A7FA0546A2
:10C28000F01B21460BF0A2FA002F00D545422C48A6
:10C2900028182C4988424CD30298458109A8383087
:10C2A00008A906F0BDF8002843D0089FB819214618
:10C2B0000BF08CFA0546F01B21460BF087FA002F95
:10C2C00000D545421E4828181E49884231D302999C
:10C2D0008D8109A840300E310BF098FA002828D043
:10C2E0004C2009A90D5A002D23D01B9E3078014601
:10C2F0003A39C9B249087B291BD33038C7B20698EE
:10C30000C01B0A2421460BF061FA0799814210D81C
:10C3100007984443E01907906D1E761C002DE5D167
:10C32000029807994174002400E0092420461DB0BA
:10C33000F0BD039CFAE7C046B2FF0000CDCC000080
:10C340000080FFFF0000FFFFF0B595B0E74F4125EB
:10C350007B5D002B01D015B0F0BD78603C68231ADE
:10C3600001260C96F607844201D7DB177340BB60A9
:10C370003F230D93FB5C002B02D0DD4B1C8800E0BB
:10C3800004240D9BFB5C002B099602D0D94B1B8823
:10C3900000E0082307943C877B873D240B943C5D99
:10C3A000002CD8D0BC68E6177440A61B3C240A9425
:10C3B0003C5D002C19D00596CF4B1B6893426DD085
:10C3C00008F04AFECD48002101603961B986F9863E
:10C3D0000A9839540B9839543E2039540D983954E1
:10C3E0004020042139540C98A9E09BB29E42B2D956
:10C3F0000596069101230A997B543E2100247C5422
:10C40000402104937B540EA90890084616460BF071
:10C41000E3FD0898BA490860BA4908600E990F9A76
:10C42000B94B06C3B94B06C3B3490E60FC6139680A
:10C43000081A03D7C1170498C0074840C1174840DD
:10C44000401A1921CA01214623460BF01FFEB04AAB
:10C45000801861410A05000B8018090B7D22D2006B
:10C4600023460BF013FEC7306141C82223460CF06F
:10C470003DF8032223460BF009FEA64A904200D362
:10C4800010460029069900D01046A34A8018386249
:10C490007C62BC62FC623C63FC600898FB695A18D1
:10C4A00000249A4200D2E243FA610D9ABA5C002A53
:10C4B00005D1FA693B6A9A4201D90220A4E00691AB
:10C4C0000EA9089008460BF087FD08980F9E0E9B5A
:10C4D0008E4A06CA0293591A03913146914104913A
:10C4E000884909680191884211D1049BDA175340A9
:10C4F00003995140891A93413A6BD4430022641A3C
:10C5000014469C4101D2D44301E03A6B54183C6379
:10C51000396B202916D308F09FFD7848002101606F
:10C520003961B986F9860A9839540B9839543E20F6
:10C5300039540D983954402004213954032078553A
:10C5400015B0F0BDC417704801684068029A521ACD
:10C550000D9631468141100D090309181003192267
:10C56000D20100250B922B460BF0B6FF644B1E68E0
:10C57000F317089AB61AA34134184B41EE430998B1
:10C58000001B304698410C9800DB284600281946CD
:10C5900000D131460028264600D1099E5F48321A54
:10C5A000A94100DB0646FE60D81743404440211AEB
:10C5B00083414139AB410A9E05D3B86A06994518B3
:10C5C00001D30020C543BD62B86AC82801D3042046
:10C5D0001AE00198089A131A00210398401E049843
:10C5E000884101DB002B04D40498002807D5012BD7
:10C5F00005DBF86A0699411801D30020C143F962AE
:10C60000F86A642804D305200BF012FA15B0F0BDC7
:10C6100002983E4908600D9848603A4802600798C1
:10C6200081B20598884246D900257D6240200122CA
:10C630003A54B868C2175040801A88422B462E469A
:10C6400017D90023441A1846984128345841C82164
:10C65000C82C00D30C46002800D00C46002C1E46E7
:10C6600007D0A1B248082E4A80180BF0AFF8064652
:10C6700023460D93B868C1170B9A2B460BF006FDA5
:10C680001E4A1368DC17C0184C41210D41186C413B
:10C6900023050C0BE518234B0B40C01A10603861C2
:10C6A0000D98B886FE86B0B20BF0E4FE284608F07E
:10C6B00001F915B0F0BD08F0CFFC0021B986F9866C
:10C6C000402002223A547A6A069BD21800D3CA4309
:10C6D0007A627A6A642A00D23DE6B9553E21012287
:10C6E0007A540321395415B0F0BDC046C01420203F
:10C6F0002219202024192020F8182020FC1820209E
:10C70000E41820200415202058182020501820203C
:10C71000FF0F0000A8DE0000B80B0000FFFFFF7F46
:10C720008813000000F0FFFFF0B587B00446ED4F1E
:10C73000F86A401C00D2F862F86E20180026F54313
:10C74000A04200D22846F8663C6520460BF0E6FB86
:10C75000E54909F08FFC7865FE612A2005903E547A
:10C76000E24B5020185A0121A042084600D9304619
:10C7700052229A5AA24200D2314608402826B85581
:10C78000B86D201800D32846B865D94D2878002800
:10C7900006D0D8480168611801D30021C94301605F
:10C7A0002420385C002853D0472006A9022201F03B
:10C7B00003FF002800D19CE0019606A8008846BA35
:10C7C0007C20002504903D54386B401C00D2386317
:10C7D0003C6A204629460AF011F90290039630B2CD
:10C7E0000BF0EAF8214609F045FC064602980028BD
:10C7F00000D02E46039838807E60FE60796930460E
:10C8000007F082FF0446B860304629460AF0ECF88B
:10C8100001210291C9070028039100D04E40B44D78
:10C82000B248816D30460AF0FDF8002800D19BE047
:10C83000B86B401C00D2B863B86C401C00D2B8641E
:10C84000B86E401C00D2B8660C200499785462E09F
:10C85000B86B401C00D2B86301263002F884A648A9
:10C8600000210160A34801602970A44801702920BB
:10C870003954F9617985B0020590A1490860A02476
:10C8800020460BF00DFF9F4800684005C50FF002E1
:10C8900004909B49086020460BF002FF994800680D
:10C8A000800A0226304040197D217854944A10466F
:10C8B0005038032189020160104615461038016086
:10C8C00020460BF0EDFE8F4908684005C00F09684F
:10C8D000890A314008187E2178540598286020463E
:10C8E0000BF0DEFE0498286020460BF0D9FE07B05E
:10C8F000F0BD7C2009213954786E401C7866B86BF5
:10C90000401C00D2B863786C401C00D27864F86D8B
:10C91000401C00D2F865386E401C00D238662921D0
:10C9200000207854BA6D5623704CE35A9A4213D2C1
:10C930002A78002A0CD06F4A136854246B4E345B5B
:10C94000A3425DD26D48012202707A542520385CE2
:10C950002621785407B0F0BD01210902F984664907
:10C9600008606449086050E00025204629460AF026
:10C970003BF8002801D1204602E0204603994840B8
:10C980005A49C96C0AF030F800282E4600D12646D4
:10C99000822038560BF010F80146304609F08CF929
:10C9A0003861BD653D6627217D540199795C002978
:10C9B00032D02921002603917E54252101917A5CF1
:10C9C000514251414A4D2B785C425C410C430AD1A3
:10C9D0004A490B7847490968012B39D15423434C04
:10C9E000E35A994234D9B96B491C00D2B963002A81
:10C9F000314668D0F96B491C00D2F963029962E0B4
:10CA0000262178543C490860106028703B49087022
:10CA1000F861788507B0F0BDB86B401C344A00D28D
:10CA2000B863386C401C00D2386426200021395489
:10CA30000D20049BF854304801602E4801601170AD
:10CA40002E48017029203954F961798507B0F0BD6D
:10CA5000054608460BF062FA234909F00BFB044631
:10CA6000254801680095284607F053FE3F21090636
:10CA700009F022F90146204609F01EF90446B8697A
:10CA8000214607F046FE08F0AFF80146B861FC61A8
:10CA90000599029A7A54796B491C00D27963396FEF
:10CAA000144A1268511800D3F1433967796F204650
:10CAB00007F02FFE786711480078039978540198A1
:10CAC000395C00980A4D0C4A10600A4806602970CB
:10CAD0002B203954094806702620395404983E54B6
:10CAE00007B0F0BDE011202000007A44D00F2020D4
:10CAF0003F19202064142020E81820204E192020FF
:10CB0000E0120A4080130A40F0B581B0E24C0BF00D
:10CB100015FE07460025284629460BF019FBE0487C
:10CB20000BF09EF8FE6A304631460BF083FC00287D
:10CB3000284610D1DB49304609F074FF0028D74859
:10CB400009D1D949304609F04FFF0028204602D1CB
:10CB500030460AF0E3FF00B205F098F92F200AF002
:10CB600039F9FE6D304631460BF064FC002828464A
:10CB700010D1CC49304609F055FF0028C74809D1EB
:10CB8000C949304609F030FF0028204602D130461E
:10CB90000AF0C4FF00B205F079F9022029460BF033
:10CBA000D7FAC2480BF05CF8FE6B304631460BF00A
:10CBB00041FC0028284610D1BA49304609F032FF1E
:10CBC0000028B64809D1B849304609F00DFF0028C1
:10CBD000204602D130460AF0A1FF00B205F056F916
:10CBE0002F200AF0F7F8FE6E304631460BF022FC9B
:10CBF0000028284610D1AB49304609F013FF002821
:10CC0000A64809D1A849304609F0EEFE0028204682
:10CC100002D130460AF082FF00B205F037F9A4488D
:10CC20000BF01EF87E6B304631460BF003FC0028FB
:10CC3000284610D19B49304609F0F4FE0028974859
:10CC400009D19949304609F0CFFE0028204602D18B
:10CC500030460AF063FF00B205F018F92F200AF001
:10CC6000B9F87E6E304631460BF0E4FB00282846CA
:10CC700010D18C49304609F0D5FE0028874809D1EB
:10CC80008949304609F0B0FE0028204602D13046DE
:10CC90000AF044FF00B205F0F9F8042029460BF031
:10CCA00057FA84480AF0DCFF3E6B304631460BF001
:10CCB000C1FB0028284610D17A49304609F0B2FE5F
:10CCC0000028764809D17849304609F08DFE0028C1
:10CCD000204602D130460AF021FF00B205F0D6F816
:10CCE0002F200AF077F83E6E304631460BF0A2FB5B
:10CCF0000028284610D16B49304609F093FE0028E1
:10CD0000664809D16849304609F06EFE0028204681
:10CD100002D130460AF002FF00B205F0B7F86648CB
:10CD20000AF09EFFBE6B304631460BF083FB0028B5
:10CD3000284610D15B49304609F074FE0028574858
:10CD400009D15949304609F04FFE0028204602D14A
:10CD500030460AF0E3FE00B205F098F82F200AF002
:10CD600039F8BE6E304631460BF064FB0028284689
:10CD700010D14C49304609F055FE0028474809D1EA
:10CD80004949304609F030FE0028204602D130469D
:10CD90000AF0C4FE00B205F079F8062029460BF02F
:10CDA000D7F946480AF05CFF3E6C304631460BF03E
:10CDB00041FB0028284610D13A49304609F032FE9E
:10CDC0000028364809D13849304609F00DFE0028C0
:10CDD000204602D130460AF0A1FE3C46493400B25A
:10CDE00005F054F82F2009F0F5FF3E6F304631462C
:10CDF0000BF020FB002811D12A49304609F012FE21
:10CE00000028264D0AD12849304609F0EDFD0028BA
:10CE1000214D03D130460AF081FE0546793728B20C
:10CE200005F034F826480AF01BFF207841254F26EC
:10CE30000028284600D0304609F0CCFF387800287A
:10CE400000D03546284609F0C5FF1E480AF008FF05
:10CE5000A078302531260028284600D0304609F039
:10CE6000B9FFB8780028284600D0304609F0B2FF54
:10CE700015480AF0F5FE60780028284600D03046B4
:10CE800009F0A8FF7878002800D03546284609F038
:10CE9000A1FF01B0F0BDC04619FC0000E70300008F
:10CEA0000894010000C0794400C079C429940100AD
:10CEB0005A93010022930100BE920100E793010002
:10CEC000FF930100FC93010026940100F0B58BB0A4
:10CED000CF4D00242C80281D74210BF0DBFBCD48A6
:10CEE000A8677C2007902C527E2006902C5480202E
:10CEF0002C528221FF2000916854C7480460C74823
:10CF00000460C7480470C74808940470C648C749FD
:10CF100001604160C64F38464038032101918902C3
:10CF2000049101600124A5023D600595A0263046CC
:10CF30000BF0B6FBE00238600446039030460BF07D
:10CF4000AFFB3D60B24F30460BF0AAFBB94D2868ED
:10CF50004005C00F0290B648046030460BF0A0FBBD
:10CF60002868800A02242040029940187D210291FD
:10CF70007854AF4908465038049A02600846103881
:10CF80000260A24D30460BF08BFBAA4908684005B1
:10CF9000C00F0968890A2140081806997854059835
:10CFA000A34C206030460BF07BFB0398206030469A
:10CFB0000BF076FB94480BF073FB05F001FE782034
:10CFC000682106900C46395475200AA9012201F007
:10CFD000F3FA002800D09CE0786E401C786605F0DB
:10CFE000EFFD28460BF05CFB75200AA9012201F039
:10CFF000E3FA002800D08CE0786E401C786605F0DB
:10D00000DFFD28460BF04CFB75200AA9012201F038
:10D01000D3FA00287DD1786E401C786605F0D0FDEB
:10D0200028460BF03DFB75200AA9012201F0C4FA45
:10D0300000286ED1786E401C786605F0C1FD284648
:10D040000BF02EFB75200AA9012201F0B5FA002889
:10D050005FD1786E401C786605F0B2FD28460BF073
:10D060001FFB75200AA9012201F0A6FA002850D161
:10D07000786E401C786605F0A3FD28460BF010FB87
:10D0800075200AA9012201F097FA002841D1786E93
:10D09000401C786605F094FD28460BF001FB7520D6
:10D0A0000AA9012201F088FA002832D1786E401CCA
:10D0B000786605F085FD28460BF0F2FA75200AA97E
:10D0C000012201F079FA002823D1786E401C78669D
:10D0D00005F076FD28460BF0E3FA75200AA9012633
:10D0E000324601F069FA002813D1786E401C786648
:10D0F00005F066FD28460BF0D3FA089908460A3079
:10D100000A29089000D25FE707983E5406983C54DD
:10D1100050E00AA8007879217854682801D0702856
:10D1200042D16B208025294608F014FC002837D016
:10D1300035480BF0B5FA6B20012108F00BFC0028F4
:10D140002ED031480BF0ACFA19200724214608F004
:10D1500001FC002831D01A20032108F0FBFB002835
:10D160002DD01B20082108F0F5FB002829D01B201A
:10D1700009A90122144601F01FFA002824D00999B8
:10D18000C806800F7A22B9547B21785400282FD00A
:10D1900001281BD002282ED128480299C9002DE071
:10D1A00004200799785402E0079801993954786E61
:10D1B000401C786600200BB0F0BD0520F1E706208A
:10D1C000EFE707983C54F2E70E20EAE71C48386284
:10D1D0000298800078531B485C21405C0099785489
:10D1E000242120467C540021079AB9540BB0F0BD8D
:10D1F000FA21114802E01448029909013862795372
:10D200000F2007997854D5E700D430000071020050
:10D21000E01120206800FFFFE8182020641420207F
:10D220003F1920204E1920205480424081000C00DC
:10D23000E0120A4080130A400000034333330342E4
:10D2400000008342D00F202033338341F0B58BB0F0
:10D250000BF060FA04460BF06DFA05900394A06998
:10D260000AF05CFCC349884200DC0846C249884297
:10D2700000DB0846C14DE9782C463434042904907B
:10D280000CD00BF015F9062808D0E878052802D153
:10D290002C46443402E00BF039FA044620680AF0C8
:10D2A0003DFC0746B348874200DC0746B24EB74212
:10D2B00000DB3746B148806BB14D294608F0FCFCD5
:10D2C0000AF02CFC0446AB48844200DC0446B4421D
:10D2D00000DB344603980069294608F0EDFC0AF0AB
:10D2E0001DFC0546A348854200DC0546B54200DB2F
:10D2F00035460026304631460AF02AFFA1480AF09A
:10D30000AFFC049800B204F0C1FD9F480AF0A8FCED
:10D31000384604F0BBFD022031460AF019FF9B4855
:10D320000AF09EFC204604F0B1FD99480AF098FCF2
:10D33000284604F0ABFD042031460AF009FF954869
:10D340000AF08EFC12208D4F385E04F09FFD2F20D6
:10D3500009F040FD1420385E04F098FD8E480AF074
:10D360007FFC0BF0E3F90546BC6B2046314609F023
:10D370003BFB0121002801D10E4602E00E46C80702
:10D3800044402879052801D184481FE00BF090F82B
:10D39000062804D12879042801D1814816E0F878BC
:10D3A00004280ED1804DE96B204609F027FB0028A8
:10D3B00009D1A96B204609F021FB002805D07D4842
:10D3C00004E0784802E0794800E079480AF048FC37
:10D3D0000620002101910AF0BBFE77480AF040FCCC
:10D3E00005980079401EC0B2042803D88000734914
:10D3F000085800E06B480AF033FC71480AF030FC32
:10D400000BF098F9016800290AD009780A2907D891
:10D4100032468A40432109010A4201D0806809E06E
:10D42000F878052803D0042803D1386A02E0F88C84
:10D4300000E00020019904960391721E05920A22D1
:10D4400002920446019E33460BF050F807460D4603
:10D45000029A33460AF01AFE201A3023184306A90E
:10D46000059A5054029403990A3C0846B0413DD3B2
:10D470000A220E460024384629461D4623460BF054
:10D4800035F82B462A4306A80499425405991129D8
:10D49000029D2DD8284664383046A04128D3642206
:10D4A00000272846344631461E463B460BF01EF800
:10D4B0000A223B460BF01AF8324306A8049E801954
:10D4C00042707D20C200284621463B460BF00EF8F4
:10D4D000F61C059A102A07D8EA086307D218E30851
:10D4E0007C24A21A9F41A6D3761E03E0049E01E08D
:10D4F000049E761C3746701E032105900AF066F9DB
:10D50000481C032812D00546032812D006A8841E02
:10D51000E019407809F05EFC012D0CD0BE1EE05DE4
:10D5200009F058FCAD1E3746F2D105E0002503286E
:10D53000ECD13E4600E07E1E0598022810D37442CE
:10D5400006A83018C51EA87809F044FC687809F0D0
:10D5500041FC287809F03EFCE41CED1E002CF2D1C1
:10D5600018480AF07DFB0AF061FB04F08FFC0BB059
:10D57000F0BDC0460080FFFFFF7F0000E0122020CA
:10D5800000002041448F0100969301005D9101004D
:10D59000E88F010014940100BA9201007293010017
:10D5A0004D920100B7910100D00F2020A2930100FD
:10D5B0006791010039920100F0930100208C010075
:10D5C000069301003A930100F0B587B00BF09AF88A
:10D5D000C268122103904056002800D552420092A2
:10D5E00003990868069049680491E12212010592A6
:10D5F000002633460AF04AFD1922D5012A46334651
:10D600000AF06AFF07460C46B94807604160069871
:10D6100004992A4633460AF05FFF02900D463846C9
:10D620002146059A33460AF057FFD9170298081881
:10D630004D410596F643AF4A0290294633460AF01B
:10D6400025FDC01901946141AB4A03C2AB4B049A5A
:10D650005A60069A1A60039A92689A60009ADA6091
:10D66000A74B0CCB0125A74CA41A06969E412C462D
:10D6700000DB059C002C00D1069B002CA14E00D1A4
:10D680003246A14C141B059CA34100DB9E4A9B4BD8
:10D690001A82F21B069A019B9A412A4600DBFEE0A1
:10D6A000002A00D1FFE0002A00D13746964ABA1A74
:10D6B000A34100DB944F914A57829782321A069A0F
:10D6C0008A412A4600DB2246002A8F4B00D1069968
:10D6D000002A00D130460495C21AA14100DB184649
:10D6E000864DE88289480068894908F0E5FA0446D1
:10D6F000059909F08DF9BF210F063F210E0600287C
:10D70000394600D03146204607F003F809F0F4F915
:10D710007C4A121A069A8A41049A059B00DBC7E0EC
:10D72000002A00D1C8E0002A00D17648764A821A41
:10D73000994100DB7448288376480068744908F0F2
:10D74000BBFA0446059909F063F90028394600D070
:10D750003146204606F0DDFF09F0CEF9694A121A7B
:10D76000069A8A41049A059B00DBAAE0002A00D1B0
:10D77000ABE0002A00D16348634A821A994100DB7A
:10D78000614868830298E8610398008A28840AF057
:10D7900045FF5F4908F090FA0446059909F038F909
:10D7A000002800D037462046394606F0B2FF09F07F
:10D7B000A3F9544E321A069A8A41049C2246059BCC
:10D7C00000DB1A46002A504F00D10699002A00D1EA
:10D7D0003046C21B994100DB384668844E4903C974
:10D7E000321A069A8A41224674DA002A75D0002A33
:10D7F00000D13046C21B994100DB3846A884474916
:10D8000003C9321A069A8A4122466ADA002A6BD084
:10D81000002A00D13046C21B994100DB3846E8841B
:10D820003F48A862039CE07C32216854A17C3122ED
:10D83000A954217D33220691A954627D3423EA54F0
:10D84000384A12783523EA54374A12783623EA5494
:10D8500023686268354CE61A059D2E469641049E63
:10D8600000DB2E4637272549CE551B196A410499FE
:10D8700000DB29463822214CA1542D4A1278392345
:10D88000E2542C4A12783A23E254421E90410699FF
:10D89000002900D002203021605407B0F0BD22469C
:10D8A000002A00D0FFE6069B002A00D1FDE6FDE637
:10D8B0001A46002A00D036E70699002A00D134E73C
:10D8C00034E71A46002A00D053E70699002A00D10F
:10D8D00051E751E71A46002A89D10699002A88D0D3
:10D8E00088E71A46002A93D10699002A92D092E737
:10D8F00078182020F0F1FFFF98182020081520202C
:10D90000881820200080FFFFFF7F000008192020DA
:10D910000000204104192020801820209018202089
:10D920005CF9A406591920205A192020E6050000A8
:10D930005B1920205C192020F0B583B0BF4F0AF09E
:10D940000DFF04460290DC340025284629460AF0E3
:10D95000FFFBBB480AF084F96068BA4908F0ACF9EB
:10D96000064601460AF066FD0028284612D1B6494F
:10D97000304609F057F8002838460BD1C720010679
:10D98000304609F031F8002801D0781C02E030461A
:10D990000AF0C4F800B204F079FA2F2009F01AFA5C
:10D9A0002068A84908F088F9064601460AF042FDB9
:10D9B0000028284612D1A449304609F033F800283F
:10D9C00038460BD1C7200106304609F00DF8002873
:10D9D00001D0781C02E030460AF0A0F800B204F052
:10D9E00055FA9A480AF03CF9A068964908F064F99B
:10D9F000064601460AF01EFD0028284612D192492B
:10DA0000304609F00FF8002838460BD1C720010630
:10DA1000304608F0E9FF002801D0781C02E03046CB
:10DA20000AF07CF8532700B204F030FA02202946AD
:10DA30000AF08EFB86480AF013F90298866C30468D
:10DA400031460AF0F7FC0028284613D17E493046BB
:10DA500008F0E8FF002879480CD1C72001063046BD
:10DA600008F0C2FF002802D07448401C02E0304693
:10DA70000AF054F8BF0000B204F008FA75480AF042
:10DA8000EFF86669304631460AF0D4FC0028284693
:10DA900013D16D49304608F0C5FF002867480CD106
:10DAA000C7200106304608F09FFF002802D06348D7
:10DAB000401C02E030460AF031F80299C919019180
:10DAC00000B204F0E3F964480AF0CAF8A0695D49BD
:10DAD00008F0F2F8064601460AF0ACFC0028284699
:10DAE000564F12D15849304608F09CFF002838465E
:10DAF0000BD1C7200106304608F076FF002801D080
:10DB0000781C02E030460AF009F800B204F0BEF9D1
:10DB1000042029460AF01CFB50480AF0A1F82820EE
:10DB2000019E305E04F0B2F92F2009F053F92A204B
:10DB3000305E04F0ABF94A480AF092F81C20205EEF
:10DB400004F0A4F9062029460AF002FB45480AF031
:10DB500087F8E06D3B4908F0AFF8064601460AF049
:10DB600069FC0028284612D13749304608F05AFF90
:10DB7000002838460BD1C7200106304608F034FF94
:10DB8000002801D0781C02E0304609F0C7FF029F50
:10DB9000783700B204F07AF92F2009F01BF9206ED3
:10DBA000284908F089F8064601460AF043FC002897
:10DBB000284614D12449304608F034FF002801D00B
:10DBC0001E480CE0C7200106304608F00DFF002873
:10DBD00002D01A48401C02E0304609F09FFF02992B
:10DBE000D631029100B204F051F91F480AF038F81A
:10DBF0000198007804F04AF93878002808D078783D
:10DC0000002805D0B878002802D0F8784542454170
:10DC1000284604F03BF9202009F0DCF8029800784F
:10DC2000401EC0B2062803D880001149085800E001
:10DC30000E480AF015F803B0F0BDC046FF7F0000A3
:10DC4000949101000000204100FEFF46F292010085
:10DC5000EA930100969301002E93010014940100B1
:10DC6000B6920100F39301003A930100B7910100CD
:10DC7000648B0100F0B58BB0B94F0AF04BFD044640
:10DC80000546006AB74908F017F8064601460AF04B
:10DC9000D1FB002100280091084612D1B24930463C
:10DCA00008F0C0FE002838460BD1C72001063046D8
:10DCB00008F09AFE002801D0781C02E0304609F0F6
:10DCC0002DFF04906868A74907F0F6FF0646014655
:10DCD0000AF0B0FB0028009812D1A349304608F0A2
:10DCE000A1FE002838460BD1C7200106304608F0B7
:10DCF0007BFE002801D0781C02E0304609F00EFFC0
:10DD000003900595A868974907F0D6FF0746014696
:10DD10000AF090FB0028009813D19349384608F088
:10DD200081FE00288E480CD1C7200106384608F035
:10DD30005BFE002802D08A48401C02E0384609F009
:10DD4000EDFE029025467A352A340598C069874948
:10DD500007F0B2FF064601460AF06CFB0028009F60
:10DD600015D18149304608F05DFE002801D07C4F76
:10DD70000DE0C7200106304608F036FE002878483E
:10DD800001D0471C03E0304609F0C8FE0746009E5C
:10DD9000304631460AF0DCF9754809F061FF287811
:10DDA00004F074F8734809F05BFF687804F06EF8CB
:10DDB000714809F055FF049800B204F067F86F4805
:10DDC00009F04EFF0820285604F060F80220314682
:10DDD0000AF0BEF96A4809F043FF059DA85F04F008
:10DDE00055F8684809F03CFF039800B204F04EF87B
:10DDF000042031460AF0ACF9634809F031FF02987B
:10DE000000B204F043F8614809F02AFF38B204F088
:10DE10003DF8062031460AF09BF95D4809F020FFE5
:10DE2000207804F033F85B4809F01AFF2C6F0120CA
:10DE30003146064603910496701E05900A2202920E
:10DE40002046009D2B460AF051FB07460E46029ADB
:10DE50002B460AF01BF9201A3023184306A9059A0D
:10DE6000505402940A3C03980446A8413DD30A2228
:10DE70000025384631461E462B460AF037FB33460E
:10DE8000324306A8049E825505991129029A2ED87C
:10DE9000104664382046A84129D31546642200273D
:10DEA0002846214601933B460AF020FB0A223B46C6
:10DEB0000AF01CFB0198024306A8801942707D20DD
:10DEC000C200284621463B460AF010FBF61C059A84
:10DED000102A08D8EA086307D218E3087C24A21A9B
:10DEE0009F410446A6D3761E02E0049E00E0761C05
:10DEF000701E0321059009F069FC481C032803D01B
:10DF00000546032803D114E00025032811D006A8F4
:10DF10003746841EE019407808F05CFF012D07D0D9
:10DF2000BE1EE05D08F056FFAD1E3746F2D100E0A0
:10DF30007E1E0598022810D3744206A83018C51E0C
:10DF4000A87808F047FF687808F044FF287808F0C0
:10DF500041FFE41CED1E002CF2D10BB0F0BDC04619
:10DF6000FF7F00000000204100FEFF460000C84285
:10DF7000149401007A930100429001003293010051
:10DF8000F0930100EE8F010058910100968F01007F
:10DF90004A9301009693010070B5A8B011AE002815
:10DFA00000D1E4E004460AF02DFB00280BD0062C3B
:10DFB00000D0DCE008F0CCFA07F0F8FA0AF036F905
:10DFC00008F0D6FC09E0042C0CD107F045F807F066
:10DFD000EDFA0AF02BF909F085FDB4480021017033
:10DFE00028B070BDB14D2878012811D1601E0528D8
:10DFF00000D9BCE07844007940008744025F595C56
:10E00000566AAC480178491CCAB2072AE7D9E5E745
:10E010000AF0E0FA2978162913D018290DD017290B
:10E0200021D1601F022800D25AE0032C00D173E0F6
:10E03000012C00D09BE0182098E0012C00D194E046
:10E0400095E011A809F070F86D46284609F0A0FF88
:10E050004120285C002847D0062C00D087E008F03B
:10E0600023FC28B070BD621E052A00D97FE0C0469F
:10E070007A441279520097440267547A72761529CD
:10E0800000D972E00220C0467944097949008F44E2
:10E090006D6C0A6C6C6CA56C6C6C6C6C6C6C6C6CE8
:10E0A0006C6C6C6C6CA7062060E00021C84313E028
:10E0B0000120002110E0012001460DE07C4800789D
:10E0C000012800D10020287001200AF08FFA28B022
:10E0D00070BD0020C043012101F09CFB28B070BD41
:10E0E0000AF096F828B070BD49360AF04FFA0028B9
:10E0F0003FD0A01E04283AD87844007940008744D5
:10E10000025736505F000AF0FDFA007D002879D0F2
:10E1100006F0A2FF28B070BD002009F0B7FB28B0C0
:10E1200070BD032856D0022850D001281FD10AF014
:10E13000BFF9652856D108F027FF002009F0A6FB9B
:10E14000002814D0172011E00AF044FA01280ED15B
:10E15000287857490870012028700020B5E709F099
:10E160003FF928B070BD08F003FC0020287028B0EB
:10E1700070BD0AF017FA002807D0FB200440022CDB
:10E18000F5D109F053FE28B070BD0AF005FA002859
:10E190002CD0FB200440022CE9D109F00BFF28B061
:10E1A00070BD19200AF066F9C720C043B43003E0FF
:10E1B00019200AF05FF9142006F07CFB28B070BD2E
:10E1C00006F04AFF07F0F2F928B070BD09F0EEFD45
:10E1D00028B070BD09F0B4FB28B070BD1520C5E7AC
:10E1E0001620C3E708F092FB28B070BD0AF07AFA57
:10E1F000002813D0FB200440022CB8D10AF06EFA9C
:10E2000028B070BDB47A04F059FA0028AFD0032CBE
:10E21000ADD1002007F02AF828B070BD601E052897
:10E22000A5D8C0467844007940008744030E0C020C
:10E230001B219CE73078002821D0F07800281ED0E0
:10E2400006F00AFF1DE0C8200EE00AF05BFA007D30
:10E25000002800D05CE7B079002824D005F0CAF986
:10E2600028B070BDC720C04305F03EFF28B070BD88
:10E27000F079002809D007F021FB28B070BD08F024
:10E2800067F908F0FFFE28B070BD3078002806D08E
:10E29000F078002803D007F03FF828B070BD08F0F0
:10E2A00057F928B070BD09F0C1FFB2E7441920202A
:10E2B0004819202047192020F0B58BB0B54E0AF040
:10E2C0003DFA054605900AF065FA049000242046C0
:10E2D000214609F03DFFB04809F0C2FCAF4F1220C3
:10E2E000385E03F0D3FD2F2008F074FD1420385E53
:10E2F00003F0CCFD0220214609F02AFFA84809F0CE
:10E30000AFFC686AA74907F0D7FC074601460AF048
:10E3100091F800280294204612D1A349384608F00B
:10E3200081FB002830460BD1C7200106384608F093
:10E330005BFB002801D0701C02E0384609F0EEFBC0
:10E3400000B203F0A3FD2F2008F044FD0598406DB6
:10E35000944907F0B1FC074601460AF06BF8002823
:10E36000029812D19049384608F05CFB00283046EC
:10E370000BD1C7200106384608F036FB002801D033
:10E38000701C02E0384609F0C9FB00B203F07EFDC4
:10E390000420029C214609F0DBFE844809F060FC61
:10E3A0000498006A7F4907F087FC074601460AF097
:10E3B00041F800282046344612D17B49384608F0FF
:10E3C00031FB002820460BD1C7200106384608F053
:10E3D0000BFB002801D0601C02E0384609F09EFBD0
:10E3E000443500B203F052FD2F2008F0F3FC0498EE
:10E3F000406A6C4907F060FC064601460AF01AF8CC
:10E400000028029813D16849304608F00BFB002819
:10E4100001D020460BE0C7200106304608F0E4FAA0
:10E42000002801D0601C02E0304609F077FB00B202
:10E4300003F02CFD0620029E314609F089FE5C485F
:10E4400009F00EFCA85F03F021FD2F2008F0C2FCAC
:10E4500030200090285E03F019FD564809F000FCBA
:10E460000598806801250495691E0591314603963B
:10E470000A2201920546029C23460AF037F8074615
:10E480000E46019A234609F001FE281A009C2043FB
:10E4900006A9059A505401950A3D039802998841AE
:10E4A0003CD30A220025384631462B460AF01EF896
:10E4B000224306A804994254059911292246019E37
:10E4C000039C2DD8304664382046A84128D31546F1
:10E4D00064220027304621463B460AF007F80A220C
:10E4E0003B460AF003F82A4306A8049D40194270EF
:10E4F0007D20C200304621463B4609F0F7FFED1C67
:10E50000059A102A08D8F2086307D218E3087C2479
:10E51000A21A9F410E46A6D36D1E03E0049D01E0A2
:10E52000049D6D1C2E46681E0321059009F04EF9CE
:10E53000481C032803D00546032803D114E0002516
:10E54000032811D006A83746841EE019407808F049
:10E5500041FC012D07D0BE1EE05D08F03BFCAD1E66
:10E560003746F2D100E07E1E0598022810D374428F
:10E5700006A83018C51EA87808F02CFC687808F0AA
:10E5800029FC287808F026FCE41CED1E002CF2D1B2
:10E590000BB0F0BDFF7F000014940100E0122020BA
:10E5A000CB9101000000204100FEFF46C191010017
:10E5B000C99301002E930100F0B58BB001910029A1
:10E5C00000D14DE105920690B44F0120C5020090A4
:10E5D00086023E60A024079420460AF061F83D6060
:10E5E00020460AF05DF83C46403C2660103F0A9603
:10E5F0003E60079E30460AF053F80994256008975C
:10E600003D6030460AF04CF8A5487826805D40060B
:10E61000000E02F059FB00210028079100D124E1EF
:10E62000069802F051FB002800D11EE10A9C9B488D
:10E630000460A027384606970AF032F8974805602C
:10E6400038460AF02DF809980460089F3C60069C43
:10E6500020460AF025F8099805603D6020460AF03A
:10E660001FF88F48805D4000401CC0B202F02CFBB8
:10E670000028099A00D1FAE00599002900D109E1A2
:10E6800000201EE00A9C3C60A02630460AF008F8F4
:10E69000824F3D6030460AF003F8099805600898FB
:10E6A0000560304609F0FCFF3C60304609F0F8FF99
:10E6B00001980499079A425405990698814200D11D
:10E6C000D1E00A9C0490401C0690744F3C60A02648
:10E6D000304609F0E5FF3D60304609F0E1FF3C605F
:10E6E000304609F0DDFF6F48046809980560089816
:10E6F0000560304609F0D4FF640A02200790044008
:10E700003D60304609F0CCFF0A983860304609F089
:10E71000C7FF644800684005C00F00190390099CBA
:10E72000256008980560304609F0BAFF3D60304624
:10E7300009F0B6FF0A983860304609F0B1FF594831
:10E74000006802902560089C2560304609F0A8FF0B
:10E75000039880000299490A079A114040180390D3
:10E760003D60304609F09CFF0A983860304609F059
:10E7700097FF4C4800684005C00F0399401803906C
:10E78000099805602560304609F08AFF3D603046F3
:10E7900009F086FF0A983860304609F081FF414849
:10E7A00000680290099C256008980560304609F0D1
:10E7B00077FF039880000299490A079A1140401890
:10E7C00003903D60304609F06BFF0A983860304690
:10E7D00009F066FF334800684005C00F03994018F0
:10E7E00003902560089C2560304609F059FF3D6084
:10E7F000304609F055FF0A983860304609F050FF5E
:10E80000284800680290099805602560304609F0A4
:10E8100047FF039880000299490A079A114044185B
:10E820003D60304609F03CFF0A983860304609F0F8
:10E8300037FF1C4800684005C00F00190790099871
:10E84000056008980560304609F02AFF069805998A
:10E85000884200D316E70A9809990860089F11E7D3
:10E8600000200BB0F0BD00980790099A089F0A9EFF
:10E8700016603E60094FA024204609F011FF3D605C
:10E88000204609F00DFF3E60204609F009FF079879
:10E890000BB0F0BD00980790E9E7C046E0120A40CF
:10E8A000E011202080130A40F0B589B00F460546DC
:10E8B00009F070FF0890A94C0026E68126826C20A2
:10E8C000059026520697002F06D0284607F03AFA00
:10E8D000002806D009B0F0BDA66609F06FFD2682BB
:10E8E000E684049548200790255C072D0BD00898F6
:10E8F0004A300178002906D04078002803D10898D2
:10E90000006D002814D008F0AFFC00206082A082C7
:10E910000720079960549248012101736021615CCE
:10E92000002901D0052100E00421417309B0F0BDA8
:10E930005E202756384609F03FF803900898006B90
:10E94000E16C05F0E1FE039907F0B6F90146606558
:10E95000206D05F0D9FEA065042D49D0052D0BD101
:10E9600008F082FC6682A6827D480121C172304691
:10E9700009F08AFD09B0F0BD7A49C96E054608F074
:10E980003DF8002834D1029708955C20215A08B23E
:10E99000C01303914140081A07B28820714E3058C5
:10E9A00008F064F90190B16E089808F027F8002883
:10E9B00073D10897384606F049FE0746002108F053
:10E9C00031F8002878D02846394608F017F8002892
:10E9D00072D002200799605401990129039E74DBCB
:10E9E000089F8F4275DD0298002870D40E466FE0B4
:10E9F000012504200799605408F036FC6682A6823F
:10EA0000304609F041FD0898076A3846314607F05C
:10EA1000EBFF0695ED07002800D06F400898406A8C
:10EA20000890314607F0E0FF002802D008986840BF
:10EA300008904C48C56F3846294607F0DFFF47422B
:10EA400047410898294607F0D9FF414241413943DF
:10EA5000444F13D1E08D44494A1C049B5A408242E2
:10EA600001D3002200E00122069D8B4200D815460A
:10EA7000002D02D03D48E08507E0C618E685B0B21B
:10EA80008021795A884200D224E7052007996054F2
:10EA900033480121C17209B0F0BD032007996054C9
:10EAA00070203049085E8742039E12DD02990029DA
:10EAB00008D4064607460CE0012007996054089FD9
:10EAC000039E06E04642074603E0089F01E04E42EF
:10EAD0000F46069800283BD0089709F017FEC07D26
:10EAE000002805D1606E09F0CBFB012009F0CCFCB9
:10EAF00009F094FD054609F08BFD0746049809F0DE
:10EB00000DFA1B4907F0B6FA02462846394605F0C9
:10EB1000FFF9054609F0FAFD4068A0667D20C000B7
:10EB20000899401A884200DB084601B2C8178143A1
:10EB30004842A94200DB2946854200DB0846059988
:10EB400060522082E0818119321A08B211B201E0CC
:10EB500030B2014607F00EFE09B0F0BDE0122020F1
:10EB600008182020D00F2020FEFF0000FFFF00002B
:10EB700000007A44F0B581B0A54E317C00292DD03B
:10EB80003179012900D040E13568B168411800248D
:10EB9000814200D2E143B160002D21D02A780A2AB7
:10EBA00023D801273B4693406122120113421CD017
:10EBB000727C002A2A4665D1009008F0E5F9B77406
:10EBC00009F034F8002812D02978E8680A293CD0E6
:10EBD000042940D1696806F009FF4AE0002114E1E8
:10EBE000032131710620F0810FE12A464AE0B08905
:10EBF000884B009999423A4600D822465B1C4B400C
:10EC0000834200D327463A43012A04D1834F002090
:10EC1000C043B08108E04718B8B2B7817E494822A6
:10EC2000895A884200D2EFE0032030710524F48134
:10EC30002D7809F023FD0346B9B266202A4608F074
:10EC400065FD204609F0D2FCDEE069681022AA5E6C
:10EC500007F092FA0DE0A97D002905D0044609F0DD
:10EC6000DDFC0146204600E029691422AA5E02F07C
:10EC700077FC012070740021B174B181B1603268F9
:10EC8000002A1ED05368002B1BD01078041F62424C
:10EC90006241994203D300210A4303D011E00121CC
:10ECA0000A430ED1411E092900D981E00220C04645
:10ECB0007944097949008F447E7B7B7B7B04046B1C
:10ECC0006B7D2878401E092831D8C04678440079E9
:10ECD00040008744042C2C2F2C162C3A4A1D09F096
:10ECE00009FD297B491E042900D978E07944097976
:10ECF00049008F44026D6B747100407A01286ED117
:10ED00007EE008F041F9B068E968884278D27BE09B
:10ED100009F0F0FC044609F05DFC052802D0207BD8
:10ED2000002868D0607B01281CD105201BE008F07A
:10ED30002BF917E009F0DEFC017B00292ED0427B85
:10ED40000320022A3DD001463CE009F0D3FC0446F2
:10ED500009F040FC052802D0207B002826D0607BEB
:10ED6000042817D0062003214CE009F0C3FC044618
:10ED700009F030FC052802D0207B002816D0607BEB
:10ED8000401EC0B20321042806D8254A105C39E091
:10ED9000092010E00820E6E7062033E0044609F0E9
:10EDA00019FC052829D1032108462BE0E07A25E04B
:10EDB000062000E0012004213171F08108F0E4F820
:10EDC00022E00421022A1DD005201BE0407A04E045
:10EDD000407A022803D113E0C079002810D109F04D
:10EDE000F9FB052801D10420BDE7287B06280BD1BB
:10EDF000B068296989E7A07900E0A07A002803D0EB
:10EE0000002002213171F0813179084601B0F0BD56
:10EE1000C0172020FEFF0000D00F2020FFFF0000C1
:10EE200054900100F0B59DB000241B941A94032364
:10EE3000002800D42BE1012900DA28E10A920B9383
:10EE4000C2170B1A25469541403BA54101D20B9BA9
:10EE50001DE1944F01231E031922D5011497924AF4
:10EE6000159214AF089616AA43C2099519958F4AB0
:10EE70001268551C00D31D46894A3B460833069349
:10EE80003B4610330593183702971A95E34302E087
:10EE9000A41C1C2C46D014AE355D5D406B08ED07FC
:10EEA00000D053405F08DB0700D057407B08FD07C8
:10EEB00000D053405F08DB0700D057407B08FD07B8
:10EEC00000D053405F08DB0700D057407D08FB07A8
:10EED00000D055406B08ED0700D0534035196D78D0
:10EEE0005D406B08ED0700D053405D08DB0700D0A4
:10EEF00055406B08ED0700D053405D08DB0700D09C
:10EF000055406B08ED0700D053405D08DB0700D08B
:10EF100055406E08EB0700D056407308F507B7D090
:10EF20005340B5E704900391614D7F208702012093
:10EF300007904602D8431B90EFF3108472B6284620
:10EF40003946324605F09CFA40222846394609F0F7
:10EF500005FA0021032840D101912846394632465E
:10EF600005F08EFA14AA2846394608F073FF0328E4
:10EF700032D100943C46083428462146324605F0FA
:10EF80007FFA28462146069A08F064FF032800D03D
:10EF900080E03C46103428462146324605F070FA9F
:10EFA00028462146059A08F055FF0328009C019940
:10EFB00013D13C46183428462146324605F060FA03
:10EFC00028462146009C029A08F044FFC01E414298
:10EFD0004141E00703D003E00199E00700D162B6A8
:10EFE00000290B9B53D03C680C947D680D95BE683E
:10EFF0000E96F86806900F903A691092796911910F
:10F00000B86902901290F86905901390254F6740F7
:10F01000A8B2079B584038432D0C20246C40044371
:10F02000089850402043099A4A400243501E8241AA
:10F030000021002E184600DA08460243069C012CE7
:10F0400000DB0B461A4300D001E7F0170021A21B9A
:10F050000B468341403A8B4100D2F8E60CA806F0FB
:10F0600001FA0599884200D0F1E604998E420B9B83
:10F070000DD1039A94420AD11A98029C844206D177
:10F080000A48046001230A98002800D016C01846D8
:10F090001DB0F0BD009C0199E007A0D0A0E7C046DC
:10F0A0002083B8ED42414C3101002000C0182020DF
:10F0B00000D00C40F0B583B0054609F06BFB064666
:10F0C0009A4F01243C707D61B869401CB861306A78
:10F0D000B862706AB86509F095FA002803D109F0A2
:10F0E000D3FA00281ED0B86840210143B960FF2040
:10F0F0000230788000207870F86238637863B863F3
:10F10000F86338647864B86478627865F86538665E
:10F110007866B866F86638677867B86707F06CF89D
:10F1200003B0F0BD09F050FA002822D00024BC83BF
:10F130003C623C6538462C30222109F0ABFA7C62F7
:10F140007C65FC653C667C66BC66FC663C677C67EF
:10F15000BC6707F051F83C6175480470B878002826
:10F1600000D13C710120F870B86840210143B960BA
:10F1700030E0B878002803D1B86840218843B860EF
:10F1800009F028FA022808D10021F970B87800287F
:10F1900023D00C4607F030F81CE00024BC833C620E
:10F1A0003C6538462C30222109F074FA7C627C657B
:10F1B000FC653C667C66BC66FC663C677C67BC673D
:10F1C00007F01AF83C615A480470B878002800D15A
:10F1D0003C71FC707C7003B0F0BD029101F08EFBBD
:10F1E000002807D0284665386421C943884208D8DA
:10F1F000022000E001200021224607F06FF903B051
:10F20000F0BD4B480178012906D100213961017018
:10F21000BA8B4C203B5A15E0B88B4C21795A4B1EC7
:10F220000A469A410028234600D11346012B029B2F
:10F230001A4607D13A69AA1801D30022D2433A618B
:10F240000B460246581E8341002A204600D118462C
:10F25000012805D138693749EC228958884259D2AA
:10F2600031464A31087842424241900049780029AB
:10F2700000D00830316D002900D01030002801D0B6
:10F28000316DB9E7306A2C49029007F0C1FB0028C4
:10F2900042D02A49029807F0B1FB00283CD0706A9E
:10F2A0002549029007F0B4FB002835D02349029885
:10F2B00007F0A4FB00282FD0284608F02FFE1F4996
:10F2C00006F0D8FE04461B4ED4203058C021735897
:10F2D000CC217258BC2171580090019438461C30E2
:10F2E000FCF700FA0546D8203058C8217358D021C1
:10F2F0007258C42171580090019438464C30FCF784
:10F30000F1F90146B88B4C22BA5A024307D106F0F4
:10F3100073FF07E020206EE7316D80206CE7284600
:10F3200000F0F2FF0120787003B0F0BD64122020DD
:10F3300054192020D00F202000007AC400007A4405
:10F34000F0B595B004AF954E4921715C00290BD002
:10F350004C21715C002907D04D21715C002903D13B
:10F360005021715C002907D009F00AF9002835D036
:10F3700008F0AAFA15B0F0BD054609F0FBF83168AF
:10F38000441A0123DA0788420392029301D7E41753
:10F3900054403C37B26920462946FCF7D5FF04A803
:10F3A00008F0F6FD5223F05C002819D00698C1172A
:10F3B0004840411A706C8142284604D9784A9142EB
:10F3C00000D3114671647979002924D00020F054CB
:10F3D00058200321315459200721315415B0F0BD74
:10F3E0005125705D0028F9D00B9830620C9870623E
:10F3F000069870637879002845D00021715556220F
:10F400000521B154012800D196E0022800D095E0F2
:10F4100057200321E1E75825715D012918D138787B
:10F420000028DBD1B8780028D8D01F46B06B3269ED
:10F430007369B1690091214608F08CFC00287FD0E7
:10F44000022070550020B062F062706415B0F0BD0B
:10F45000715D1C46022957D1B16A0818B062B06AC2
:10F46000C0087D2859D34F484F4902E0B26A824212
:10F4700053D9B26A5218B262F26A521CF6D0F26ADA
:10F48000521CF262F2E738780028A7D1B878002839
:10F49000A4D0706932695627F15D032967D002292B
:10F4A00055D001296BD1C117D317801A99410A226F
:10F4B0000024234609F010F81022131A23468B412A
:10F4C000029B64DB2346002B63D0002B00D1104647
:10F4D0007269D317121A8B41E043039CA11A984119
:10F4E00000DB224602242046114607F0EDFB0028EF
:10F4F00000D073E708F0E8F9002070550520F055BA
:10F500005720345415B0F0BD08F0DEF90020305516
:10F5100003207055592004215FE7B06A05F0C4FB51
:10F520003064306C07F0D8FD002800D056E708F0B2
:10F53000CBF90020305507E057204EE757204BE726
:10F5400008F0C2F90020F0550320705543E703206E
:10F550000024214607F0B8FB002800D03EE708F061
:10F56000B3F974550520F0555720022135E70020E6
:10F5700070550421F1555721705415B0F0BD08F0B5
:10F58000A3F9002070550520F0555720C3E7002B44
:10F590009BD11946002B9AD09AE7C046B013202081
:10F5A000FFFFFF7FE703000018FCFFFFF0B585B009
:10F5B00006468F4D0024EC8108F000FF2C82EC847D
:10F5C000286A301800D3E0432862304606F0BAFBC0
:10F5D000002801D005B0F0BD01966C6B09F01EF853
:10F5E0000146204605F090F805F0FEFA0646002494
:10F5F000214607F0F9F9411E05468D41012103918D
:10F60000C907049602914E400028374600D1049F56
:10F610007849384607F006FA00281ED03C20744985
:10F6200008560028039900DC21460D42704D09D18F
:10F6300004460021049807F0F5F900280ED0204672
:10F64000002C0BD508F0B8F90146384606F034FB1B
:10F650000121CE070490464000E0654D0027049844
:10F66000394607F0C1F9002800D1049E08F0D0FF08
:10F670000446394607F0B8F9002801D00298444002
:10F680000498A863286C296A401E884219D207F0A2
:10F69000EBFD00246C82AC825A485D4981812D6A61
:10F6A0005748854200D3054608F0E8FF0346652029
:10F6B0002946224608F02AF8052008F097FF05B0F1
:10F6C000F0BD4D48C16B304607F098F9002841D194
:10F6D000162049490F5EB8B2C00B381800B2451069
:10F6E0004620085EA84200DB0546BD4200DB3D46E1
:10F6F00000243F488484896B304607F07FF9002856
:10F7000000D02F460498214607F08CF97D423E49EF
:10F71000097800283BD1002943D108F073FF002865
:10F720003FD108F0B1FF00283BD128B27D21CA00AB
:10F73000904200DB1046354B98422D4C00DC1846B9
:10F74000608239B2914200DB1146994200DC1946D1
:10F75000A18249E007F088FD6F82AF82264E316CAE
:10F76000204607F04BF900280AD02449019A8A4222
:10F770001ED8A88C491C5140814219D333468718A2
:10F78000AF84B8B24421715A884213D222E70029CB
:10F7900007D108F037FF002803D108F075FF0028D3
:10F7A0000DD007F061FD12484482848205B0F0BD9F
:10F7B0001348A88413480399817205B0F0BD38B28C
:10F7C0007D21CA00904200DB1046104B984200DCBD
:10F7D00018460749488229B2914200DB11469942F6
:10F7E00000DC1946024A918204F018FA05B0F0BD17
:10F7F000E012202000002A43D00F2020FEFF00004E
:10F80000FFFF0000081820204C19202018FCFFFFE3
:10F8100001020000F0B585B004468E480078062845
:10F8200000D913E1784400794000874403601950FF
:10F8300009656E00012C00DA01E104F06FFA05E1C0
:10F84000854941208700C859844D294606F034FA7D
:10F850000646002107F0DCF800285ED03F205DE07E
:10F860007D49D42004900858D825495904F051FF07
:10F870003F210E06314606F01FFA794906F01CFAC0
:10F880000746002107F0C4F8002801D1BF20060672
:10F890003846314604F03DFF08F040F90521614348
:10F8A000081800B2502800DB5020322800DC32203B
:10F8B00008F082F86A4906F0DDFB6749049A88502F
:10F8C0004851F9F71BFB08F0BDFB05B0F0BD6249DC
:10F8D00001200702C859624D294606F0EDF9064697
:10F8E000002107F095F8002824D03F2023E00A20CB
:10F8F00060435949F02204E00A206043564921221E
:10F90000D2008B5A181888522BE053489022835A01
:10F91000002900D196E01E2195E0BF200106304667
:10F9200004F0F7FE08F0FAF8001900B264280FDBC3
:10F9300064200DE0BF200106304604F0EAFE08F026
:10F94000EDF805216143081800B2C82800DBC82083
:10F95000C117884308F030F8294606F08BFB3E4972
:10F96000C851F9F7CBFA3C4CF021605E7D22920041
:10F97000904200DB10466422642800DC10460192AD
:10F9800060522121C900635E83421A4600DB0246B1
:10F990000025002B284600D41046605201200002AA
:10F9A000049020582E4906F087F90646294607F0AC
:10F9B0002FF8BF210C063F210A060028214600D05F
:10F9C00011460092304604F0A4FE08F0A7F807465E
:10F9D000C82800DBC827F8170290412081001E4884
:10F9E000039140581D4906F067F90646294607F07D
:10F9F0000FF8002800D0009C02988743304621462B
:10FA000004F087FE08F08AF80446642800DB019CB5
:10FA1000E1178C43384607F0CFFF114906F02AFB67
:10FA20000D4D04996850204607F0C6FF0B4906F0BB
:10FA300021FB0399685003F063FE05B0F0BD04F0AC
:10FA4000C7FB03E00521614359188152F9F756FAC3
:10FA500005B0F0BD47192020D00F202000007A44C7
:10FA60000000C842F0B58BB0002900D104E10D467A
:10FA70000190002401200290824F834B834A07E0CB
:10FA800086498868401C8860641CAC4200D3F5E05D
:10FA900039881888814200D1F1E0505C491C7C4EC5
:10FAA000314039800D28EFD07A490A2805D10878ED
:10FAB00001281FD1002008708EE009780129DFD0CD
:10FAC00001467F395F22D243914248D8734EB06BD2
:10FAD000401CB06354200C2131546F4A1088B16827
:10FAE0004018401CB06000201080029869490870DE
:10FAF000664AC9E7684801880029C5D0674E306961
:10FB0000401C306103AA6648FCF724FA33460428F7
:10FB100053D8194620310622800002A318585F4BA3
:10FB20008746C04639FB0000BBFB0000B1FB00006C
:10FB3000C9FB0000C3FB000003A8007C002856D0CE
:10FB4000059801B2C9134840401A80B297284ED395
:10FB5000986B401C986354200C21195439E04E498D
:10FB60000988402811D10029484A09D04B4EB06875
:10FB70004018B060F068401CF06054200D213154F2
:10FB8000402047490870029826E000293F4A26D0C5
:10FB90005F2944D3414E306A401C30625420062213
:10FBA0003254B0684018B06000203B4908809CE7A0
:10FBB00039480088996808189860194638310C222D
:10FBC00002E01946243107220868401C08605420CE
:10FBD0001A542D4B2D4A00202F49088054E72F4EF0
:10FBE000B068401CB06054200D2131544CE75220C5
:10FBF000185C002819D004982A490968884219D24B
:10FC000029480068401C01D227490860586C401CF4
:10FC1000586453200021195403A8012218E04A1CFB
:10FC20001D4E32801E4A505462E7029A1E480260FE
:10FC300003A80DE05320185C002807D003A8008813
:10FC40005021595A421A12B2012A05DB03A8002298
:10FC5000019902F079FEBCE7884206D1D86B401CBE
:10FC6000D863542004211954B3E7186C401C18645D
:10FC7000542005211954ACE7002400E02C46A0B222
:10FC80000BB0F0BD1419202012192020000C2020E8
:10FC9000FF01000038192020101920200C1420200A
:10FCA00050132020C8182020D4182020F0B583B08D
:10FCB0006148FF26314602310180632181705F492E
:10FCC0005F4A604B604C614D614F41608260C36030
:10FCD000046145618361C7614B218D002946C831AC
:10FCE00001846421009141845A495B4B5B4C02467C
:10FCF00024321AC2AF21C90001867D210291490137
:10FD0000574B584A584C41638363C263026444644E
:10FD10004821C8234352B105544A554C554FC1643C
:10FD20000265446587655C2146545E211E24445269
:10FD300051490166009A845250494A4C8466C16612
:10FD40007021822444524E4E4E4901240194A4074E
:10FD500046678167C4678024035384240151882146
:10FD6000494C44508C21494C44509021484C4450BB
:10FD70009421484C44509821474C44509C21474C76
:10FD80004450A0214552A421454C4450A821454C43
:10FD90004450AC21444C4450B021444C4450B42114
:10FDA000434C4452B821434C44508121C905BC26E0
:10FDB00081517F26F605C027C651C427C151C650C0
:10FDC000CC23284EC650D023C650D4263A4B83515C
:10FDD000D8268351DC26394F8751E0268151E42112
:10FDE0004450E821364C4450EC214250F021455219
:10FDF00029461439F224015302990901F4240151CE
:10FE0000F821304C4450FC211D4A4250019909020E
:10FE10004350412189002C4B4350283D2121C900EA
:10FE200045528521490032224252432189000F4A1E
:10FE3000425003B0F0BDC046D00F2020A0006400A7
:10FE4000BC02640032002C01640032002C01DC0092
:10FE5000A000320032006400050FD0077805A00032
:10FE6000000040410000A0406400A00005006400C4
:10FE70003C0064000000F54305000A00CDCC4C3F77
:10FE8000CDCC4C3E0000A0410000C84100003442EF
:10FE90005A002300910023007805C9FFD007C8004D
:10FEA00088130000DE0200000000D0400000344152
:10FEB000FF010000000070429A99193F000096432C
:10FEC0000000F0423333B33E0AD7233CF0B583B091
:10FED0000E460546804F00243C603C71BC60FC60CF
:10FEE0003C82BC7408F08EFB002803D108F0CCFBE8
:10FEF000002808D0032038710620F88107F044F864
:10FF0000204603B0F0BD002D1ED03D6001223A74A2
:10FF10002878401E092815D8784400794000874485
:10FF200004111150119DA1A71771687B821E5142C7
:10FF30005141012800D04800002E00D1BAE007F05E
:10FF4000C5FBB9E007F020F8032038710620B6E0C1
:10FF5000EE6800243046214606F03CFD0290304613
:10FF6000214608F067FA02990843C3D1A87D00280A
:10FF700012D12E695949304606F054FD0028B9D1F6
:10FF80003046314608F056FA0028B3D1544930467D
:10FF900006F02AFD0028ADD1A88A52494018401E1B
:10FFA00080B251498842A5D901263E71FC8107F0F3
:10FFB0003DFE00284DD106F0E7FF0120B87434461D
:10FFC0009EE7EE684549304606F02CFD002891D1A9
:10FFD0003046314608F02EFA002800D08AE7404922
:10FFE000304606F001FD002800D083E701243C7173
:10FFF0000020F88107F01AFE002862D0284606F09B
:020000021000EC
:1000000041FF7DE70292EE683449304606F00AFD72
:10001000002800D06EE73046314608F00BFA002881
:1000200000D067E72E49304606F0DEFC002800D0FD
:1000300060E7288A2B494018401E80B22A4988422E
:1000400000D857E7029E3E71FC8107F0EFFD0028C3
:100050003CD0284606F016FF344651E7012406F04E
:1000600093FF2AE0144606F08FFF0220387125E046
:10007000EE6800243046214606F0ACFC0290019662
:100080003046214608F0D6F90299084300D031E7FE
:100090001020295E13480818401E80B2124A904270
:1000A00000D827E70125019804F09AFB3D71FC81F7
:1000B0002C4625E707F0DCF901243C710020F8818B
:1000C0001EE706F061FF0120B87419E706F05CFF37
:1000D000BE74344614E7C046C017202000003443E5
:1000E000000034C318FCFFFF17FC0000F0B581B01E
:1000F00000257D4E7B4F3868400700D5C2E0F86987
:10010000B168491CB160C0B2F6F75CFE38684007C0
:1001100000D59BE0F869B168491CB160C0B2F6F740
:1001200051FE3868400700D592E0F869B168491C73
:10013000B160C0B2F6F746FE3868400700D589E0E6
:10014000F869B168491CB160C0B2F6F73BFE386887
:10015000400700D580E0F869B168491CB160C0B2C1
:10016000F6F730FE3868400778D4F869B168491C62
:10017000B160C0B2F6F726FE3868400770D4F8695F
:10018000B168491CB160C0B2F6F71CFE3868400780
:1001900068D4F869B168491CB160C0B2F6F712FEC4
:1001A0003868400760D4F869B168491CB160C0B2D2
:1001B000F6F708FE3868400758D4F869B168491C5A
:1001C000B160C0B2F6F7FEFD3868400750D4F86958
:1001D000B168491CB160C0B2F6F7F4FD3868400759
:1001E00048D4F869B168491CB160C0B2F6F7EAFDBD
:1001F0003868400740D4F869B168491CB160C0B2A2
:10020000F6F7E0FD3868400738D4F869B168491C52
:10021000B160C0B2F6F7D6FD3868400730D4F8694F
:10022000B168491CB160C0B2F6F7CCFD0F242C4375
:100230003868400753D4F869B168491CB160C0B24E
:10024000F6F7C0FD10355F2C2FD254E7012018E0DF
:10025000022016E0032014E0042012E0052010E044
:1002600006200EE007200CE008200AE0092008E044
:100270000A2006E00B2004E00C2002E00D2000E044
:100280000E200543194E1A4F1A4C3088398888427F
:100290000BD03088205C3188491CC9B23180F6F718
:1002A00091FD681C5F2D0546EFD300211248134ACB
:1002B000134B144D0B4F04881688B4420DD03C6884
:1002C00024060AD404881C5DBC610488641C2C408C
:1002D00004804C1C5F292146EDD301B0F0BD2546BA
:1002E000D0E7C046083110402817202018192020D8
:1002F00016192020E01020202A192020281920205B
:1003000000002020FF070000F0B589B00C4607462A
:10031000EFF31080029072B6764D2F806980764898
:1003200087423A4600DC02467D210791C9008A4295
:1003300000DB0A468442234600DC03468B4200DB96
:100340000B460120002F014600DCD11305920391DA
:10035000C9B20194002C089001DCDA1308920493CE
:1003600040070690687B814225D00026604C2046DD
:1003700006993246334607F0ABFE204631463246F8
:1003800008F0D8F82E81039840B2012808DB5B4BB7
:100390001846103801214A030260080318600AE079
:1003A000564A002801D4032003E0012041031160D4
:1003B000103A00031060A87B0899C9B281421DD091
:1003C0004F4C002501264A4806992A46334607F035
:1003D0007FFE47482946324608F0ACF8454845813B
:1003E000444D089840B2012804DB204610380660CE
:1003F000022002E0002878D4032020601920840124
:10040000079A93003F4E4048002F00931ED0059955
:10041000074608B2C0134140081A85B22046684317
:10042000C018D10007F0D2F9BD42374600D8471EA8
:10043000B9B200252E482A4608F07CF82C482946F7
:100440002A462B4607F044FE2A4D0BE00027284899
:1004500006993A463B4607F03BFE254839463A4660
:1004600008F068F82F8101980028079A009B1DD09A
:10047000049908B2C0134140081A85B26C43E018D1
:10048000D10007F0A3F920498D4200D8461EB1B231
:100490000124174D2846224608F04CF80021284632
:1004A0000A46234607F014FE124D0DE000260124F3
:1004B0000F4F384606993246234607F009FE384664
:1004C0003146224608F036F86E810598A8800498D7
:1004D000E880039868730898A8730298002801D0F0
:1004E00009B0F0BD62B609B0F0BD2660103C7FE7F0
:1004F00000000940F817202018FCFFFFA0120A4056
:10050000A0320A403F060000E703000070B588B043
:10051000044602A807F016FF71487249032207F04B
:1005200047FE00285AD06E4D6F490322284607F037
:100530003FFE00285BD02878697809020818A9785E
:100540000904EA781206511808186849884257D0F9
:100550002878697809020818A9780904EA78120647
:10056000511808186249884259D05D4861490522EE
:1005700007F01EFE00286ED059485F49032207F09D
:1005800017FE002800D185E055485C49032207F09A
:100590000FFE01460020002C00D19EE0002900D073
:1005A0009BE02278002A00D197E05549631C002087
:1005B000044615463A3D0926F643B54200D28CE082
:1005C0000A2565435419303C8C4200D985E01A78DD
:1005D0005B1C002AEDD102A844827BE001A92046E1
:1005E00001F00AFD002817D00198029072E001A9DD
:1005F000204601F001FD00280ED00198039069E02B
:100600004049204605F02CFC002840D03E492046B9
:1006100005F026FC00285AD0002008B070BD00204C
:10062000002C5AD02278002A57D03549631C00206C
:10063000044615463A3D0926F643B5424DD30A25F0
:1006400065435419303C8C4247D81A785B1C002A09
:10065000EFD104943EE00020002C3ED02278002A06
:100660003BD02749631C0020044615463A3D092625
:10067000F643B54231D30A2565435419303C8C42C8
:100680002BD81A785B1C002AEFD1059422E002A82F
:1006900001211EE00020002C1FD02278002A1CD04F
:1006A0001749631C0020044615463A3D0926F643C7
:1006B000B54212D30A2565435419303C8C420CD8FC
:1006C0001A785B1C002AEFD102A8048202E002A87B
:1006D000FF21017502A804F047FB08B070BDC046B9
:1006E000C81520202C9401000594010044495200B3
:1006F0004D415800C6910100D29301000B940100B6
:10070000FFFF000036940100DE93010070B505463E
:1007100007F090FF064600242046214607F018FD0A
:10072000604807F09DFA0220214607F011FD3E20A7
:1007300006F050FB304607F04DFE07F091FA04201A
:10074000214607F005FD584807F08AFA304604F0C4
:1007500025FC01F09BFB0620214607F0F9FC072E43
:1007600016D8C0467E4436797600B74403316A6EA7
:100770007220115C05F0CAFF054607F0D3FF04B2F2
:1007800000286AD0A1B2681C07F020F84D1C65E073
:10079000584807F065FA48480E21405E01F076FBA4
:1007A000554807F05DFA284601F070FB70BD3F48E0
:1007B00007F056FA3E48F021405E01F067FB3D48E5
:1007C00007F04EFA3C480E21405E01F05FFB70BD21
:1007D000374EF020305E07F0EFF83B4905F04AFC59
:1007E0000146B820305805F067FA0546374807F04B
:1007F00037FA3749284605F05FFA0546014607F003
:1008000019FE002842D1334C3349284606F00AF934
:1008100000283BD1C7200106284606F0E5F800284D
:1008200030D0641C32E007F08DFE04462C4807F0FF
:1008300017FA3920205C01F029FB2A4807F010FA4A
:1008400070BD204807F00CFA70BD1D4807F008FA8B
:1008500070BD1A4807F004FA70BD0125224807F060
:10086000FFF907F025FE01F011FB204807F0F8F929
:10087000204601F00BFB1E4807F0F2F928B201F008
:1008800005FB70BD284607F049F9044620B201F087
:10089000FDFA124807F0E4F92120C000305E01F0B3
:1008A000F5FA70BDDC8F0100EE910100AD91010001
:1008B000D00F202042930100E0122020A88E0100DA
:1008C000ED8E0100368E010000007A444E9001004A
:1008D00000002041FF7F000000FEFF4666930100FC
:1008E000029401002B8D0100C2930100BA93010014
:1008F00061920100149401000E930100F0B581B0E3
:10090000704FB8203D587049284606F081F8002401
:10091000002800D1D3E06D49284606F06FF8002882
:1009200000D1CCE0BC203D5800242846214606F0EA
:100930006FF8002800D1C2E06549284606F05EF84D
:10094000002800D1BBE0C0203D58002428462146A5
:1009500006F05EF8002800D1B1E05D49284606F0B7
:100960004DF8002800D1AAE0C4203D5800242846B4
:10097000214606F04DF8002800D1A0E05449284651
:1009800006F03CF8002800D199E0C8203D5800242A
:100990002846214606F03CF8002800D18FE04C495B
:1009A000284606F02BF8002800D188E0CC203D58DE
:1009B00000242846214606F02BF800287FD0444921
:1009C000284606F01BF8002879D0D0203D58002496
:1009D0002846214606F01CF8002870D03C492846DD
:1009E00006F00CF800286AD0D4203E580024304687
:1009F000214606F00DF8002861D0012000908507FF
:100A00003046294605F0FAFF002858D0D8203E5835
:100A100000243046214605F0FBFF00284FD0304629
:100A2000294605F0EBFF002849D0DC203D58264937
:100A3000284605F0EDFF002841D02649284605F05C
:100A4000DDFF00283BD0E0203D587F20C10528462F
:100A500005F0DEFF002832D01F49284605F0CEFF02
:100A600000282CD0E4203D581749284605F0D0FF37
:100A7000002824D01949284605F0C0FF00281ED0C0
:100A8000E8203C581049204605F0C2FF0546401EAC
:100A900085411249204605F0B1FF0446401E8441BD
:100AA0002C40EC20395800201329009B1A4600D80E
:100AB000024614400A4A914200D303461C40204695
:100AC00001B0F0BDD00F2020CDCCCC3D0000FA43CA
:100AD0000000C84200401C460000A0410000FA444B
:100AE000D1070000F0B585B0002811D08468002C33
:100AF00009D08089002806D0202810D9002000299C
:100B00000BD0032208E00020002906D0022203E0D7
:100B10000020002901D001220A8005B0F0BD01911A
:100B20001821414304910025605D401E092800D929
:100B3000A4E0C0467844007940008744049F9F3C6D
:100B40009F84846D09516019807B00287BD095E0DB
:100B500060190390C76800263846314605F03AFF11
:100B6000029038463746314607F064FC0399029AF2
:100B7000104300D08FE0887D002814D10E693046E4
:100B80004F4905F04FFF002800D084E03046314641
:100B900007F050FC00287ED130464A4905F024FF7A
:100BA0000399002877D1888A44490818401E80B2EA
:100BB000884248D26FE06019C6683046404905F067
:100BC00031FF00285AD13046314607F033FC002867
:100BD00054D130463B4905F007FF002833D04DE0A3
:100BE0006719FE683046364905F01CFF002845D1DC
:100BF0003046314607F01EFC00283FD130463149CF
:100C000005F0F2FE002839D1388A2C490818401E18
:100C100080B2884217D231E06619F068029000274E
:100C2000394605F0D7FE039002980297394607F03F
:100C300001FC0399084334D1308A20490818401E2A
:100C400080B288422DD36019007A04280FD218355B
:100C50000498A84200D067E7049820181838017853
:100C6000CA1F5042504107290FD006220EE0002033
:100C70000199002900D150E707224DE70020019992
:100C8000002900D149E7042246E700220199002902
:100C900000D041E741E70199002908D004223846F5
:100CA0003AE70199002905D00422029834E7384632
:100CB00005B0F0BD029805B0F0BDC04618FC0000BC
:100CC00000003443000034C3F0B583B0009041B25B
:100CD0006E4C01208202002905D4214640390A6069
:100CE0002146103900E02146C7020A600192A02582
:100CF000284607F0D5FC2760284607F0D1FC264699
:100D0000403E376020461038029007602846019D1B
:100D100007F0C6FC00984006204602D43560204605
:100D200010380560A025284607F0BAFC2760284641
:100D300007F0B6FC3760029807602846019D07F06F
:100D4000AFFC00988006204602D43560204610385B
:100D50000560A025284607F0A3FC2760284607F079
:100D60009FFC3760029807602846019D07F098FCB9
:100D70000098C006204602D4356020461038056031
:100D8000A025284607F08CFC2760284607F088FC41
:100D90003760029807602846019D07F081FC0098A3
:100DA0000007204602D43560204610380560A02593
:100DB000284607F075FC2760284607F071FC37606D
:100DC000029807602846019D07F06AFC00984007DA
:100DD000204602D43560204610380560A0252846FC
:100DE00007F05EFC2760284607F05AFC376002983F
:100DF00007602846019D07F053FC009880072046B5
:100E000002D43560204610380560A025284607F03A
:100E100047FC2760284607F043FC376002980760CC
:100E20002846019D07F03CFC0098C00701D13560C1
:100E3000029C2560A024204607F032FC134807607E
:100E4000204607F02DFC376002980760204607F027
:100E500027FC0E480560204607F022FC0B4807607F
:100E6000204607F01DFC09480560204607F018FCE5
:100E700007480068284045424541376002980760AE
:100E8000204607F00DFC284603B0F0BDE0120A40F2
:100E900080130A40F0B585B007F048FC049007F0D5
:100EA00049FC064607F05AFC0446532507F026FC89
:100EB000039005F02BFC074607F034FC00963168E0
:100EC000554E0029324606D009780A29324602D802
:100ED0008900524A52580192A90005B2049800684C
:100EE000002800D046686018029000242046214661
:100EF00007F02EF94A4806F0B3FE781C00B200F065
:100F0000C5FF2F2005F066FF284600F0BFFF202018
:100F100005F060FF04980079052803D88000424955
:100F2000085800E03F4806F09BFE0227384621465D
:100F300007F00EF9304606F093FE3C4806F090FEAE
:100F4000019806F08DFE04263046214607F000F990
:100F5000374806F085FE029D287800F097FF354857
:100F600006F07EFE06F062FE00F090FF324806F0CA
:100F700077FEA87D002802D0287E444244412046C6
:100F800000F084FF2D4806F06BFE07F071FB00F0C7
:100F90007DFF0620002107F0DBF8039C2088002855
:100FA00012D0274806F05CFE208803F0B9FD06F059
:100FB00057FE244806F054FEE05F00F067FF224829
:100FC00006F04EFEA05F10E0049C2079052810D1A9
:100FD000214806F045FE1620205E00F057FF1F480E
:100FE00006F03EFE0E200099085E00F04FFF05B0AF
:100FF000F0BD164806F034FE00980079401EC0B2DD
:10100000042803D880001349085800E0104806F06F
:1010100027FE05B0F0BDC0460C920100948A010085
:101020001C8F010072930100808B01000693010068
:1010300008940100BE92010066930100B69201007F
:10104000299401005E930100BA920100768E01009E
:10105000B7910100208C0100269301009E910100B0
:10106000F0B585B0039041B26A4C01200207002917
:1010700005D4214640390A602146103900E0214656
:10108000C6070A6018252846049207F009FB266067
:10109000284607F005FB2746403F3E6020461038B3
:1010A00002900660284607F0FBFA04990398400670
:1010B000204602D4396020461038016018252846A1
:1010C00007F0EEFA2660284607F0EAFA3E6002983A
:1010D0000660284607F0E4FA049903988006204643
:1010E00002D439602046103801601825284607F0E0
:1010F000D7FA2660284607F0D3FA3E6002980660C9
:10110000284607F0CDFA04990398C006204602D479
:1011100039602046103801601825284607F0C0FACB
:101120002660284607F0BCFA3E6002980660284612
:1011300007F0B6FA049903980007204602D43960F4
:101140002046103801601825284607F0A9FA2660C5
:10115000284607F0A5FA3E6002980660284607F088
:101160009FFA049903984007204602D4396020462C
:10117000103801601825284607F092FA26602846A4
:1011800007F08EFA3E6002980660284607F088FA5B
:10119000049903988007204602D43960204610380D
:1011A00001601825284607F07BFA2660284607F0DC
:1011B00077FA01973E60029F3E60284607F070FA7A
:1011C00004990398C00702D1019801603C46216050
:1011D0001824204607F064FA0E480660204607F0FF
:1011E0005FFA019D2E603E60204607F059FA0948DB
:1011F00004990160204607F053FA0648066020462D
:1012000007F04EFA2E603E60204607F049FA05B01E
:10121000F0BDC046E0120A40F0B581B0044607F0C8
:101220002DFA054607F0EEF9002803D107F02CFA55
:10123000002802D006F02AFA02E02046FEF780F8E5
:1012400028462146F9F746F92846FAF71BF82046C2
:10125000FAF76EFC284605F0EBFE07F067FA054644
:1012600007F0D0F900280FD107F00EFA00280BD1B3
:1012700007F044FA0088002806D12879052803D011
:1012800007F0A8F9052801D106F00CFE2046FBF76F
:101290004BFA05F061FC04F029FA3E489021405ECB
:1012A00006F06CFB00F080FC07F054F9002803D036
:1012B00039490870FCF770FE07F0E0F905F0B8FE58
:1012C00007F0A0F9002803D107F0DEF9002805D0C7
:1012D0002046FDF7EFFE06F0D1FD0DE0204601F0BF
:1012E0002FFE02F0E9FF204604F09BFA204600F0B2
:1012F000CFFA2046FDF7DEFE07F018FA044607F0A5
:1013000081F900280FD107F0BFF900280BD107F0B1
:10131000F5F90088002806D12079052803D007F0C8
:1013200059F9052801D106F0BDFD07F0A7F90446DB
:101330001A4841781A4D297081781A4A1170C0886C
:10134000194F388007F046F91849087007F06CF912
:101350001749087007F06EF91649087007F028F968
:101360001549087028780026B95F05F061F913491E
:1013700008702046F9F7FCFA204606F0B9FE2878F6
:1013800008490978BA5F044B1B7803F063FB01B08E
:10139000F0BDC046D00F20205E192020E012202092
:1013A00063192020611920202C1920205D1920208C
:1013B0005F19202060192020621920206419202044
:1013C00070B55C48006801214A020240500A5A4C3C
:1013D00020705A4D28785A4B1E78002E0FD00020CE
:1013E00018702970574A1080574A10800802574ACF
:1013F00010602089564A904217D1217370BD03288E
:1014000030D0022815D001286DD14E4A1088401CDA
:1014100083B210808342084665D1012000024B4907
:10142000086102202870002174E0401C2081217393
:1014300070BD002A50D143490888401C82B2088000
:1014400090084B2869D30022E271A2716271227167
:10145000E270A27062703F4802703F48027005203F
:1014600028703FE038480188002A3ED1E18064209E
:1014700048431D303A2106F0A9F9A08081B2C91E67
:10148000F72924D8334A13785E0034498853581C0E
:10149000C3B2022B00D9002010702F4A1078022806
:1014A00003D8431C1370022811D108884B88984236
:1014B000024600D81A468988984234D318468A4290
:1014C00033D2904200D81046608001206070042022
:1014D00028701C49002205E00320287019490022C9
:1014E0000A8019490A80207370BD491C8AB20180A4
:1014F00090084B2814D30021E171A1716171217111
:10150000E170A170617013480170134801700520EB
:1015100028700C4A1180207370BD0220207370BDAA
:101520000320207370BD8A42CBD30A469042CAD9A9
:10153000CAE7C04680130A401818202057192020F7
:10154000561920201C1920201618202090120A401D
:10155000FFFF00003A19202039192020A018202070
:10156000F0B585B016460F46044607F04BF8002844
:1015700003D107F089F8002803D005F075FE05B007
:10158000F0BD05F071FE04F0C3FA57480221017066
:10159000564A5F21204601245454002504902946D0
:1015A00005F022FA0028039501D1214600E0E94325
:1015B0005E224E4B9954002801D1049802E0E207C4
:1015C0000498504018659865B0B27D22D2009042D0
:1015D00000D310460296012E00DB044661435C20D6
:1015E00019523846394606F025FF454245414049E3
:1015F000384605F00DFA0646401E86413D493846FC
:1016000005F0FCF90446401E844134402C40012C76
:10161000039E03D1384603F0E7FA0646334D6E6663
:1016200006F0FCFF0146304603F06EF803F0DCFAEA
:101630000090A8660920E87007F0ACF80190049FBC
:101640003846039D294605F0C5F906463846294621
:1016500006F0F0FE3043414241410298002800DD8F
:10166000012529402140012927D101984A300178DC
:10167000002922D0407800281FD10198006D002851
:101680001BD106F0D3FA002817D00021009D284670
:1016900005F0AAF90124002801D0E00745401648CA
:1016A00084214158284605F0BDF900280ED060205D
:1016B0000E4A14544820072102E0482007210B4A13
:1016C0001154022006F092FF05B0F0BD0198006BA6
:1016D0000649C86448200C54486E06F0D1FD2046E7
:1016E00006F0D2FEEDE7C04665192020E01220206A
:1016F000000034C300003443D00F2020F0B585B083
:101700005748017801290AD156490988002906D08D
:10171000554A13885B1C9CB213808C4201D205B0E1
:10172000F0BD524D00271780514C2178012936D148
:1017300010232B6000212170544E3778012FEED1F9
:101740002B6011802170017031704D4801754D483A
:101750000CC84A48046840680494161B1F4603904E
:101760008741CD430124E0070290801B2846B84101
:101770005EDA002C5FD0002C00D1029E4248341A61
:101780008F4100DB06463E498E6003984340049833
:1017900042401A4350425041487505B0F0BD012205
:1017A000103D10202860227032480168491C0160F9
:1017B0003148C557E817314E18CE0495083E5D19DB
:1017C0004441356074602E4805604460C1602D4816
:1017D00042C80291491B0396A641F843D3070093E0
:1017E0005B1A0346B341019214DA002A15D0002A8D
:1017F00000D1009924480A1ABE4100DB0146204A64
:101800009160049901290CDB0298281A03988441FD
:1018100085DB1CE03A46002AE9D10646002AE8D0DA
:10182000E8E70298401B0398A04108DB002007E08E
:101830000C46002C9FD12F46002C9ED09EE7012005
:101840000029019900D00146002900D067E70199DD
:101850005175002090600D48017005B0F0BDC04684
:1018600050192020201920201E192020A0320A40C3
:1018700051192020001920204F19202068182020FD
:101880009017202070182020FFFFFF7F5219202082
:10189000F0B581B0009005F0A1FB5D4E707006F0D0
:1018A0009BFAB070707804F099FFF080707806F0C1
:1018B00009FAF078574F387070787870B178B9704D
:1018C000F188B98006F000FFB871707806F001FF6A
:1018D000F871707806F0F3FE387200247C72BC72E6
:1018E0004825705D401F41424141F972BC8106F0BC
:1018F00071FE022807D106F085FE002803D106F00C
:10190000C3FE002811D0F0780A380121C94388426B
:101910000FD3705D401F0321C943884209D30620BD
:101920007055F4850720F07003E03B4800780028EC
:101930002CD005F099FC7482B482F48101F0E0FEB1
:10194000F078387070787870B178B970F188B980B3
:1019500006F0BAFEB871707806F0BBFEF8717078C8
:1019600006F0ADFE38727C72BC72705D401F414261
:101970004141F972BC81B4856C2034523462746286
:1019800006F01CFD3482F48401B0F0BDF078401EF6
:10199000082812D87844007940008744040E0E26A7
:1019A000080E2A300C00009801F09AFD2BE00098F8
:1019B00001F07CFC27E0012122E005F055FC748257
:1019C000B482F48106F0FAFC3482F4841348B881BE
:1019D00006F054FE0346FF20F6302146224605F06D
:1019E00095FE052006F002FE0DE00098FDF7DEFDF5
:1019F00009E005F039FC7482B482F48103E000212F
:101A00000098FCF751FFF078387001B0F0BDC04687
:101A1000E0122020081820204C192020010300008B
:101A2000F0B583B006F076FE044600694F4D2946B6
:101A300004F042F906F072F807464D48874200DC90
:101A40004B4F4C4EB74200DB37466069294604F0E5
:101A500033F906F063F84649884200DC4448B04256
:101A600000DB30460290A06906F058F80546404871
:101A7000854200DC3E4D204624300190B54200DB1B
:101A8000354600263046314606F062FB3A4806F0FD
:101A9000E7F8284600F0FAF9384806F0E1F8384649
:101AA00000F0F4F90220314606F052FB344806F00B
:101AB000D7F85020205E00F0E9F9324806F0D0F85F
:101AC000019DA87800F0E2F92F4806F0C9F8E878FF
:101AD00000F0DCF92D4806F0C3F8A06D244FB842A1
:101AE00000DC38462349884200DB224800F0CEF96A
:101AF0000420314606F02CFB254806F0B1F8E06DD5
:101B0000B84200DC38461B49884200DB194800F027
:101B1000BDF9204806F0A4F8206EB84200DC384633
:101B20001449884200DB084600F0B0F91A4806F074
:101B300097F8687900F0AAF90620314606F008FB0C
:101B4000164806F08DF8029800F0A0F9144806F047
:101B500087F82420205C00F099F9124806F080F8FC
:101B6000687800F093F903B0F0BDC0460000204152
:101B70000080FFFFFF7F0000EA930100E88F010073
:101B8000CA9201003A930100BA9201000693010043
:101B90008E930100BC9101009991010071910100A7
:101BA000BE92010042930100B0B556490A68012077
:101BB000830613405C425C41534A5578A54204D1E8
:101BC000D578012D28D86B1C01E054700023D37008
:101BD0000A68430613405C425C414E4A5578A54270
:101BE00004D1D578012D2FD86B1C01E0547000234F
:101BF000D3700968C2060A405342534146494C78A3
:101C00009C4205D1CC78012C35D8601CC870B0BD81
:101C10004B700020C870B0BD1578A54242D1002B92
:101C2000D6D193883A4CA34203D05C1C9480272BD6
:101C3000CED39378002BCBD19070344A1378002BFD
:101C4000C6D102231370C3E71578A54239D1002B02
:101C5000CFD193882E4CA34203D05C1C9480272BB9
:101C6000C7D39378002BC4D19070284A1378002BE7
:101C7000BFD1042333E00C789C4232D1002A3FD1FB
:101C80008A88234B9A4203D0531C8B80272A37D350
:101C90008A78002A34D188701C48017800292FD115
:101CA00006212CE095781470002494809470002D07
:101CB0008ED1002B8CD0154A1378002B88D1107050
:101CC00086E795781470002494809470002D90D14C
:101CD000002B8ED00D4A1378002B8AD1032313706A
:101CE00087E788780B7000238B808B70002807D1E2
:101CF000002A05D005480178002901D1052101708D
:101D0000B0BDC04680130A40A618202049192020E3
:101D1000FFFF0000AC182020B2182020F0B585B0DD
:101D2000072800D9ACE00121CE070396554F0D07D7
:101D30000495B02101430190084604F059FB0024AA
:101D4000204604F055FB102004F052FB3D6018259E
:101D5000284606F0A5FC3E60284606F0A1FC3E465B
:101D6000403F04983860103E3060284606F098FCEA
:101D700002970398386037463060284606F090FC9A
:101D80007820FFF76DF94020FFF76AF90198C0014C
:101D90003D490D182E19285DFFF762F97078FFF79D
:101DA0005FF9B078FFF75CF9F078FFF759F930790F
:101DB000FFF756F97079FFF753F9B079FFF750F94B
:101DC000F079FFF74DF9307AFFF74AF9707AFFF7AB
:101DD00047F9B07AFFF744F9F07AFFF741F9307B21
:101DE000FFF73EF9707BFFF73BF9B07BFFF738F95F
:101DF000F07BFFF735F9307CFFF732F9707CFFF7A5
:101E00002FF9B07CFFF72CF9F07CFFF729F9307D32
:101E1000FFF726F9707DFFF723F9B07DFFF720F972
:101E2000F07DFFF71DF9307EFFF71AF9707EFFF79E
:101E300017F9B07EFFF714F9F07EFFF711F9307F44
:101E4000FFF70EF9707FFFF70BF9B07FFFF708F986
:101E5000F07FFFF705F92034802C9BD1049E029877
:101E600006603E601824204606F01AFC054D0398D3
:101E70002860204606F014FC2E60204606F010FC78
:101E800005B0F0BDE0120A4000082020F0B583B094
:101E9000002817D551490A787A2A12D8504B1B7856
:101EA000DB011C4614434F4D2E1908272F55777020
:101EB000B770F7703771EB18D31800245C71921D5E
:101EC0000A704042484B84B22109484A4A43D20C26
:101ED000591C5143411A9C425AD9303201A8027010
:101EE00088B2C008424A4243100D7D22D2004243CC
:101EF000881A012289B2C9083D4B4B43190D303174
:101F000001AB9B181970521C81B28908394B4B43A5
:101F1000590C64234B43C11A80B28008354B4343AC
:101F2000580C3023034301A880180370501CCAB218
:101F3000CD235343DA0A0A235343CA1AC9B2CD2325
:101F40004B43D90A30230B4301A90B54401C3021C9
:101F5000114301AA1318115400205870107800285A
:101F600014D001A9CC1CC0B204F034FFA01E00782C
:101F700000280BD004F02EFF601E0078002805D04A
:101F800004F028FF2078E41C0028ECD103B0F0BD59
:101F900088B2C50816486843000D7D22D20042432E
:101FA000881A00227C2DA5D89C42A3D882B2910821
:101FB000104B4B43590C64234B43C11A642A01D381
:101FC0000022A9E78BB2C8B2CD224243D00A0A222E
:101FD00042438A1A00200A2BB0D2B8E743192020C6
:101FE00045192020000820200F270000470300008B
:101FF000C52000007B140000F0B582B0002200284C
:1020000000D1A0E0002900D19DE001230478002741
:10201000002C16D02E2C1AD144780022002C69D026
:102020002E2C00D18FE0009723463A3B0925ED4343
:10203000AB4200D287E0401C2246303A0126002401
:1020400018E0254626463A46002B7BD164E025461B
:102050003A3D303C414E0022B442009701D816462A
:1020600000E001260927FF43BD4200D33346002B81
:10207000164668D1002301931546374604E00A222C
:102080006A43D518303D761C43782E2B13D0002B95
:1020900035D01A463A3AD2B252087B2A36D3401C7F
:1020A000002F18D10A226243D418303C00272B4A53
:1020B0009442E9D946E00022002F44D18378002BD6
:1020C0001DD02E2B3FD01F463A3FFFB27F087B2FFB
:1020D00039D3801C0127012ED1D9022E03D03246DC
:1020E000022E03D004E00322022E01D1303B0193E3
:1020F0001646C9E725462646002B23D10CE0019859
:10210000C0B20023042803D81A4602E000221AE0D5
:102110000122009F002B15D16420002E01D00A233C
:1021200000E003466B43022E00D32B46002A06D064
:102130005B1C632B00D9641C632B00D90023084A65
:10214000944203D93A46104602B0F0BD6043C0182D
:102150003A46F8D408600122F5E7C046102700008F
:1021600014AE4701F0B58BB0002868D0002905D522
:102170002D200C4604F02EFE214661424F4A0846AF
:10218000114605F023FB0846002101260391049126
:10219000721E05920A2202920546039B06F0A6F9DA
:1021A00007460C46029A039B05F070FF281A30235D
:1021B000184306A9059A5054029504980A3D039ABB
:1021C000904143D30A220025384621461C462B461F
:1021D00006F08CF92346224306A8019682550599FC
:1021E0001129029C30D8204664380498A8412BD38A
:1021F000642200272046049D29461E463B4606F0E1
:1022000075F90A223B4606F071F9324306A8019E91
:10221000801942707D20C200204629463B4606F0C8
:1022200065F9F61C059A102A07D8E2086B07D21840
:10223000EB087C24A21A9F41A9D3761E06E0204811
:1022400005F00EFD0BB0F0BD019E761C701E032143
:10225000059005F0BBFA481C032803D00546032867
:1022600003D114E00025032811D006A83746841EA8
:10227000E019407804F0AEFD012D07D0BE1EE05DF0
:1022800004F0A8FDAD1E3746F2D100E07E1E059891
:10229000022810D3744206A83018C51EA87804F08E
:1022A00099FD687804F096FD287804F093FDE41C0D
:1022B000ED1E002CF2D10BB0F0BDC04640420F0025
:1022C000118F0100F0B58BB00C46002901D42146D6
:1022D00008E02D210546084604F07CFD2846002133
:1022E0006842A1414D4A0023019306F0FFF81646CB
:1022F0001946012503910495681E05900A22029251
:102300003046019D2B4606F0F1F807460C46029A2E
:102310002B4605F0BBFE301A3023184306A9059A58
:10232000505402960A3E03980646A8413DD30A221D
:102330000025384621461C462B4606F0D7F8234692
:10234000224306A804994254059911293446029E55
:102350002DD8304664382046A84128D3642200276F
:10236000304621461D463B4606F0C0F80A223B4651
:1023700006F0BCF82A4306A8049D401942707D204F
:10238000C200304621463B4606F0B0F8ED1C059AE7
:10239000102A08D8F2086307D218E3087C24A21A8E
:1023A0009F410646A6D36D1E03E0049D01E0049DF7
:1023B0006D1C681E0321059005F008FA481C0328CF
:1023C000019F00D00746032811D006A8841E2E4680
:1023D000A019407804F0FEFC012F07D0B51EA05DC7
:1023E00004F0F8FCBF1E2E46F2D100E0751E0598E1
:1023F000022810D36C4206A82818C51EA87804F03D
:10240000E9FC687804F0E6FC287804F0E3FCE41CBE
:10241000ED1E002CF2D10BB0F0BDC04640420F00C3
:10242000F0B587B002460020002900D19CE0019160
:1024300091880691002900D196E013681978002050
:102440002D2903D02B290546024607D12D394A42B2
:102450004A410699022900D286E001250092069998
:102460008D4200D380E00027039704973E463C4608
:10247000059704E06D1CA8B2069981423CD0595DD5
:102480002E2903D1002F4BD10127F3E708463A3814
:10249000C0B2420800207B2A66D33039002F0BD00F
:1024A000022C61D826460A20059A5043C9B240182A
:1024B0000590741C0126DDE70294CEB230462B490C
:1024C00048400A211C4605F081F901460020039A84
:1024D000891A0146049A914146DB0A220027039893
:1024E00004993B4605F0D2FD2346801903907941BB
:1024F00004910126029CBDE77D20C20000270398BD
:10250000049906923B4605F0C1FD02463846002E6E
:102510002AD0022C07D8022C009D07D10A2308E0FC
:10252000002007B0F0BD059B009D07E0002C02D005
:102530006423059801E00598069B4343D817D218F9
:1025400041410020534204468C41002D00D02146D9
:10255000002D00D01A460123DC0714198141491CC3
:1025600002D101980260184607B0F0BDFEFFFF7F60
:10257000F0B58BB00446474D41202E5C00209A42B6
:1025800000DB85E0002E00D082E0E617D7170020A0
:10259000154608354741651B3546BD4178DBDD17DB
:1025A00000201F46083F85413F1BB54170DB039269
:1025B0001E46109802900F46254602F04DFD3A4601
:1025C0003548002404603348046105604760E91B16
:1025D0000120C307BD42019301D7C9175940039A8F
:1025E0002C4DA9606A61AE61AC86EC863C216854D2
:1025F0003D2168543E216C543F216C54402103908E
:10260000685404A805F0E8FC2448076024480760E3
:1026100004980599234A03C2234A03C22348029916
:102620000160EC612868C01B02D7C01701994840BF
:10263000C1174840401A1921CA012146234605F016
:1026400025FD1B4A801861410A05000B8018090B03
:102650007D22D200234605F019FDC7306141C82212
:10266000234605F043FF0322234605F00FFD0246F3
:10267000104B984200D31A460029039800D01A46FE
:102680000D49511829626C62AC62EC622C63EC60FB
:102690000BB0F0BDC0142020FC182020E41820202E
:1026A000041520205818202050182020F818202029
:1026B000FF0F0000A8DE0000B80B0000F0B587B0E7
:1026C0004E4D4D27E85D0024002800D192E006F031
:1026D00019F8007D002803D054200121295489E0F5
:1026E0005326A85D032806D10020E855A85502F01E
:1026F000B3FC01247EE005F03DFF2B68C21A0121E6
:10270000984202D7D017CA074240A85D01280FD1CE
:10271000EFF3108072B6AA604A2101246C540221A2
:10272000A955542100226A54002863D162B661E0A1
:10273000A85D02285ED1A8689042034600DB1346DC
:10274000904200DC1046C717DC170390C01AA7415F
:1027500000240193002B0B4600DA23460293039BCF
:10276000012B0B4600DB23464038A74100DB214606
:102770000B4302980343012B09D1EA604B2000244C
:102780002C544C202C5454200221295432E0EFF3D5
:10279000108372B60198A8600399E96028616961A5
:1027A0004B220124AC544C22AC5403220292AA5571
:1027B00054260027AF55002B00D162B604AAFCF7BF
:1027C00031FB5521685401280DD10E480699059A10
:1027D000049B0360426081600948012404704E201C
:1027E0002C54E96106E0064807704E202F54EF6133
:1027F0000298A855204607B0F0BDC046B01320206F
:102800005319202040182020F0B591B003907F216B
:102810008A0210680890099050680A900546059051
:10282000906807900B90D4680C9416690D965069C7
:102830000E90069091690F91D36910931F460F4334
:10284000074337432743079807432F43089D2F43E8
:102850007A427A4102931F463346059E01910F400A
:1028600006990F401F400494274004460740374014
:102870002F407F1C7C427C411443012C04D1314900
:102880000020086011B0F0BD0122B4B2671E7C1EAA
:10289000A7412B4CA542154600D13D46360C203EA3
:1028A000741EA641002D174600D1374614031D1B88
:1028B0006B1E9D41002F134600D12B461924E401C5
:1028C000091B4C1EA141002B13460646049F00D154
:1028D0000B460021002E154600DA0D46002B13464C
:1028E00000D12B46012F154604DA002B05D0002A13
:1028F00006D01EE00D46002BF9D12A46002A18D139
:10290000F1170022BB1B14468C41403B944110D36D
:1029100009A802F0A7FD0399029A904209D109483B
:10292000019A02600120002901D0C0C10A6011B0E3
:10293000F0BD044800210160022011B0F0BDC04686
:1029400042414C31C0182020F0B585B004920546B4
:10295000428910B2C01313464340181A80B2972818
:1029600000D32A890392A88902903E4804683E4A0F
:10297000D46428885023D052FF2002305223D052F2
:10298000019191645069401C506168683749086042
:10299000374E30460830242105F07CFE287C002884
:1029A00001D1014600E009213172F46029883182A9
:1029B0006968304A7161B26100210028009403D037
:1029C0002A89EB89002702E02B4A17460B46B2837F
:1029D000F7833384CA437284012737707070019C77
:1029E0007460264807702A7C42706B7C8370446058
:1029F00083685B1C8360009BC3602B880382002A72
:102A00000A4600D02A89029E33B2DB1334465C406A
:102A1000E31A9BB21A4CA34200D831464282039A71
:102A20008282C182FA210183E989418329461231D8
:102A30001C300C2205F0B2FE297C002901D01820A0
:102A400000E01C20084A002900D102271158491C27
:102A500011500498002800D003275420175405B0C3
:102A6000F0BDC046D41820200C142020C818202007
:102A700028162020FA000100FFFF00008016202009
:102A8000B80B0000F0B581B005F078FE04460646AC
:102A900050360020014605F05BFB3B4805F0E0F8AE
:102AA0003079401EC0B20C2803D88000384908583D
:102AB00000E0364805F0D4F8364805F0D1F86069F2
:102AC000354FB84200D3384601F046FD02200025BC
:102AD000294605F03DFB314805F0C2F82068B842B0
:102AE00000D3384601F038FD2D4805F0B9F82069CB
:102AF000B84200D3384601F02FFD2A4805F0B0F85F
:102B0000A068B84200D3384601F026FD04202946CB
:102B100005F01EFB244805F0A3F8606AB84200D314
:102B2000384601F019FD214805F09AF8A06BB8422B
:102B300000D3384601F010FD1D4805F091F8206AD9
:102B4000B84200D3384601F007FD0620294605F0BB
:102B5000FFFA184805F084F86068B84200D3384698
:102B600001F0FAFC144805F07BF8E06BB84200D3A2
:102B7000384601F0F1FC114805F072F8308801F098
:102B8000EBFC01B0F0BDC046DF910100D591010022
:102B9000608A010006930100E7030000CF93010063
:102BA0007A9301005E930100C69201002E9301000A
:102BB0001A930100C9930100CE920100DE92010038
:102BC000F0B581B00125A8020090454F3860A024DF
:102BD000204605F065FDEE023E60204605F060FDF2
:102BE0003D46403D2E60103F3E60204605F058FDBA
:102BF0003B480660204605F053FD2E603E602046AF
:102C000005F04EFD36480660204605F049FD2E6071
:102C10003E60204605F044FD31480660204605F040
:102C20003FFD2E603E60204605F03AFD2C480660D0
:102C3000204605F035FD2E603E60204605F030FD53
:102C400027480660204605F02BFD2E603E6020469A
:102C500005F026FD22480660204605F021FD2E6085
:102C60003E60204605F01CFD1D480660204605F02C
:102C700017FD2E603E60204605F012FD18480660E4
:102C8000204605F00DFD2E603E60204605F008FD53
:102C90000098286038600546204605F001FD104F79
:102CA0003E60204605F0FCFC3D60204605F0F8FC47
:102CB0003D60204605F0F4FC0A4D28684005C70F2A
:102CC00007480660204605F0EBFC2868800A0221D0
:102CD0000140C81904497D22885401B0F0BDC046A6
:102CE000E0120A4080130A40E0112020F0B58BB0BA
:102CF0000124049103940B46611E05910A2202925D
:102D0000074600261946334605F0F0FB04460D46FB
:102D1000029A334605F0BAF9381A3023184306A947
:102D2000059A505438460A3804980196B0413AD36F
:102D30000A220026204629461C46334605F0D6FBCB
:102D40002346224306A80399425438466438049D1A
:102D50002846B0410C4628D30598112825D864226E
:102D6000384629460293334605F0C0FB0A22334613
:102D700005F0BCFB0298024306A8001942707D20B2
:102D8000C20038462946334605F0B0FBFA086B0707
:102D9000D218EB08E41C7D3AB34102D3059A112AFC
:102DA000A7D3641E02E0039C00E0641C601E0321A4
:102DB000059004F00BFD481C032800D00190032867
:102DC00001D1264612E006A82746841E019DE0197F
:102DD000407803F0FFFF012D07D0BE1EE05D03F039
:102DE000F9FFAD1E3746F2D100E07E1E059802289D
:102DF00010D3744206A83018C51EA87803F0EAFF65
:102E0000687803F0E7FF287803F0E4FFE41CED1E88
:102E1000002CF2D10BB0F0BDF0B587B0454C40218D
:102E2000204605F037FC0120049020704249F02034
:102E3000085A00267D21C9008842304673D8F22006
:102E40003D49095E002930466DD43C4881423046F8
:102E500069DAF420384908580028304663D0212028
:102E6000C000085E069085204000085E0590432063
:102E70008000085A0390412080000858019004986F
:102E8000000208580290FC200F58F8200D5800212D
:102E9000284603F0C7FD0028304644D07F20C405F3
:102EA0002846214603F0AAFD002830463BD00021E9
:102EB000384603F0B7FD0028304634D03846214666
:102EC00003F09CFD002830462DD00021029803F02D
:102ED0009FFD0028304626D000240198214603F0AB
:102EE00097FD002830461ED00698002830461AD498
:102EF000124806998142304615DA05980028304676
:102F000011D40E480599814230460CDA0398002806
:102F1000304608D0872040000749085A0399884264
:102F200000D2049404980349487027200E5407B037
:102F3000F0BDC04648152020D00F2020E903000036
:102F4000F0B581B00546464E3079022835D105F0FE
:102F500059FB002831D105F097FB00282DD1307E98
:102F600000282AD1306800281DD0F188828991423A
:102F700019D2806818224A4380180090F0682818F7
:102F80000027A84200D2F843F06005F0D3FB0168A7
:102F9000009A914220D0334C207801280FD100981C
:102FA00005F083FB0EE003F0EFFF052030710321F5
:102FB00031750721F18205F019FB01B0F0BD0098D1
:102FC00005F078FB2770002809D105F0B3FBC08914
:102FD00005F0FEF801B0F0BD007C0028DBD02846EB
:102FE000FBF7C8FD054605F0A5FB81683161357525
:102FF000012DE2D0022D12D100980078072823D0AD
:10300000F088401C3168898988421DD2F08037726F
:1030100037611448077005F0E9F901B0F0BDE91E09
:10302000012915D8054605F0D5FA052815D0307ABE
:103030000099097A884210D2401C3072376100989A
:1030400005F038FB01B0F0BD05F06EF901B0F0BD40
:10305000052DB2D101203071ADE7E889B8E7C0464F
:10306000F01620204A192020F0B581B00124200755
:10307000424E30601825284605F012FBE00730600C
:10308000284605F00DFBAE2003F0B2F9202003F036
:10309000AFF90220009003F0ABF9B02003F0A8F9DB
:1030A000C82003F0A5F90025284603F0A1F9102057
:1030B00003F09EF94027384603F09AF9812003F087
:1030C00097F97F2003F094F9A12003F091F9A6204D
:1030D00003F08EF9A82003F08BF93F2003F088F964
:1030E000A42003F085F9D32003F082F9284603F0E9
:1030F0007FF9D52003F07CF9802003F079F9D920FD
:1031000003F076F9F12003F073F9DA2003F070F997
:10311000122003F06DF9DB2003F06AF9384603F062
:1031200067F98D2003F064F9142003F061F9144865
:10313000A10205F0AFFA134F3D70134E35702846CB
:10314000FEF7ECFD2046FEF7E9FD0098FEF7E6FDF0
:103150000320FEF7E3FD0420FEF7E0FD0520FEF767
:10316000DDFD0620FEF7DAFD0720FEF7D7FD3D70F6
:103170003570AF2003F03CF901B0F0BDE0120A4019
:10318000000820204519202043192020F0B585B0E3
:103190003B4E05F0ABFA0446C068000C304600D147
:1031A000E0680290A069B042304600D8A06904905F
:1031B0002069B042304600D8206903906068B04270
:1031C000374600D86768A068B042304600D8A0688B
:1031D0000190E069B04200D8E669002528462946FA
:1031E00004F0B6FF274804F03BFD2078FEF74EFEC2
:1031F000254804F035FD6078FEF748FE234804F0CA
:103200002FFDA078FEF742FE0220294604F0A0FF21
:103210001F4804F025FD029880B201F09DF91D4879
:1032200004F01EFD207D01F097F90420294604F0EA
:103230008FFF194804F014FDB8B201F08DF917485A
:1032400004F00EFD019880B201F086F906202946AF
:1032500004F07EFF124804F003FD049880B201F0F0
:103260007BF9104804F0FCFC039880B201F074F97B
:103270000D4804F0F5FCB0B201F06EF905B0F0BDF8
:10328000FFFF0000348F010066930100B692010039
:10329000D69201001A930100849201005A93010012
:1032A000E49301009E9201005E930100F0B581B0AD
:1032B000044602F047FD002801D001B0F0BD012511
:1032C0003A4FF88C3A4B00229C42294600D81146CE
:1032D0005B1C634083422B4600D3134619430129EC
:1032E00002D13748F88438E0001981B2F884388D6B
:1032F000814232D205F00AFAC07D002805D1786CEF
:1033000004F0BEFF284605F0BFF805F087F9054632
:1033100005F07EF90646204604F000FE254902F03D
:10332000A9FE02462846314600F0F2FD04463882E6
:10333000F88121480078002808D17D8D05F062F9D8
:10334000002803D105F0A0F9002815D003F08CFF68
:1033500000207882B88201B0F0BD03F085FF002420
:103360007C82BC82FC8117480121817205F026F81D
:103370003C82FC8401B0F0BD281900B27D21CA0056
:10338000904200DB1046291B0C4B984200DC18468B
:10339000788209B2914200DB1146994200DC19465D
:1033A000B98200F03BFC01B0F0BDC046E012202025
:1033B000FEFF000000007A444C19202018FCFFFF9B
:1033C000FFFF000008182020F0B581B005F0CEF90D
:1033D000064605F0BBF9054605F0B4F9044605F0CC
:1033E0008DF9009000273846394604F0B1FE314887
:1033F00004F036FC6878FEF749FD2F4804F030FCF5
:1034000005F036F9FEF742FD2C4804F029FC05F0E2
:1034100023F9FEF73BFD2A4804F022FC2078FEF752
:1034200035FD284804F01CFCE078FEF72FFD022053
:10343000394604F08DFE244804F012FC7078002810
:1034400000D0778838B2FEF721FD1D4804F008FC53
:10345000A878FEF71BFD04200026314604F078FE14
:103460001A4804F0FDFBA879FEF710FD184804F097
:10347000F7FBE879FEF70AFD0620314604F068FE06
:10348000009C208800280CD0124804F0E9FB20881A
:1034900001F046FB04F0E4FB0F4804F0E1FB201DC3
:1034A00003E00E4804F0DCFB281D805FFEF7EEFC15
:1034B00001B0F0BDC9930100B6920100069301006E
:1034C0003A9301005E930100D893010046930100F6
:1034D0003492010029940100BA920100BE8F0100CC
:1034E000F0B583B002AB00251D8001AE35803A4CAB
:1034F000E169411800D3E943E1616178374AF02777
:10350000D25F0096F6F7F6FA05F008F90621615E3B
:10351000828BE2812582C26A314B9A4200D31A46DD
:1035200022830279002A08D0A575218161810029B2
:103530000BD400290BD0012308E0A07DFF282A46E8
:1035400016D0401CA0752A4612E0FF232373002AE0
:103550002A460DD0234A1278012A2A4608D126226B
:10356000805C00282A4603D1607803F061F80246A7
:103570001D48427204F022FF2582E58402A801A9B9
:103580001A4A1278002A09D106880D8805F03AF8FF
:10359000002803D105F078F8002806D003F064FE77
:1035A00000206082A08203B0F0BD30B27D21CA004D
:1035B000904200DB10460E4B984200DC18466082B9
:1035C00029B2914200DB1146994200DC1946A182E2
:1035D00000F024FB03B0F0BDE0122020D00F20202B
:1035E000FFFF000065192020081820204C1920201A
:1035F00018FCFFFFF0B581B005F084F8007D0028CD
:1036000003D104F08FFF002806D03A48542101224C
:103610004254002001B0F0BD02F0A8FC0028F4D014
:1036200004F0A8FF33495027CE5D334C2578EFF3E3
:103630001082009272B608600020486088614823BA
:10364000C854492201238B544F228854C855542210
:10365000885451228854562288545722885408622C
:103660004862086348635222885458228854592279
:1036700088548862C8628863C86308644864002EFE
:1036800010D1002D0ED02478002C16D01B4AC0CAB1
:1036900015688E60CF600E614F614A228B544B22B9
:1036A0008B5413E000238B60CB600B614B614A208D
:1036B0000B544B200B5401200BE000258D60CD6096
:1036C0000D614D614A228D544B228D54CD614E22A5
:1036D0008C544C228B544D22885453228854009889
:1036E000002800D162B601F0B7FC04F0EDF801202B
:1036F00001B0F0BDB0132020531920204018202025
:10370000F0B587B03E4F00257D80FD623D86FD60AF
:103710003D617D61BD61FD613D627D6238460C3079
:10372000057701223A70374BF020185A7D21C900E5
:10373000884260D8F220185E00285CD43249884262
:1037400059DAF4201858002855D02120C000185EFE
:10375000049085204000185E039043208000185A92
:103760000290FC201E58F8201C5841208000185858
:10377000059001921002185806900021204603F08F
:1037800051F9002837D07F20C7052046394603F07D
:1037900035F9002832D00021304603F043F90028E3
:1037A0002CD03046394603F029F9002826D00021D4
:1037B000069803F02DF90028114F1CD0002405981D
:1037C000214603F025F9002815D00499002912D4C8
:1037D0000D4881420FDA039900290CD481420ADA9C
:1037E000029A002A07D0872040000649085A9042D2
:1037F000019D00D225467D7007B0F0BD004FFAE76D
:1038000048152020D00F2020E9030000F0B5394AE8
:103810008218394BC0183A4D4C790B79002C22D0C4
:10382000466F202B02D00524E70100E0354F2E40E3
:10383000002B00D188273E434667846F2C403C43D1
:103840008467446B2D4E34404463846B34408463FE
:1038500000244465846554688F26F64334405460E0
:103860009468344094600C688979202B09D006460E
:103870007036002B15D1641E4460C46E2C4088271E
:1038800015E0641E4460C46E2C401E4E3443C46672
:10389000046F2C40344304671B4D01246707064620
:1038A00007E00527FF0164084460C46E2C403C43D8
:1038B000C46634682C403C433460C46A0F4D2C40CD
:1038C000C462046B2C4004630024C4640465C46FA8
:1038D0008F25ED432C40C46714682C4014601943B5
:1038E00002680A4B1340BD220A40D118891C0160AE
:1038F000F0BDC04684180000041800008888FDFF51
:1039000024493E0001040000FFFFFFCF4000FFCF2D
:10391000F0B587B03C4D4021284604F0BBFE0123A2
:103920002B703A4EF020305A00227D21C900884287
:1039300061D8F220305E00285DD4354988425ADAD9
:10394000F4203058002856D006922120C000305E66
:10395000039085204000305E029043208000305A62
:10396000019041208000345800931802305805908F
:10397000FC203758F82035580021284603F052F82B
:1039800000283DD004947F20C4052846214603F03A
:1039900035F8002834D00021384603F043F80028D9
:1039A0002ED03846214603F029F8002828D00021DF
:1039B000059803F02DF80028134D1FD0002404981B
:1039C000214603F025F8002818D003990029069A0B
:1039D00011D40F4881420EDA029900290BD481429A
:1039E00009DA0199002906D087204000305A884220
:1039F000009A00D222466A7007B0F0BD069AFAE734
:103A0000014D069AF7E7C04648152020D00F202028
:103A1000E9030000B0B5314985228A670123DC0340
:103A20002F480460CA671A04026082224A632D4B41
:103A30008B632D4C226363638122226062608A6201
:103A4000CA622A4BE360236163612365284DA56048
:103A50000D63A565A564A563A562E5624D664A6030
:103A60000A6163666365A366CA640A654A648D6415
:103A70000A660A604A61CA630A644B658B651D4920
:103A80001D4A0A611D4A0A601D4A0A641D490A68E6
:103A900003239B0713430B600A690C2313430B6139
:103AA00019490A6A0523DB031A430A620A681A43A2
:103AB0000A6001463039154A0A60026014480168FC
:103AC0000F2212030A4302601248016AC022114306
:103AD0000162016811430160B0BDC04608804240E8
:103AE000D0320A40820004008880424081000E00EB
:103AF00081000C0090120A4002310000040C00907A
:103B0000063D009090130A4028100A40330200003E
:103B100090330A4028300A40F0B585B00021425C5D
:103B2000002A08D042185378002B07D09278C91C7D
:103B3000002AF4D1491E002803D10DE0491C0028B9
:103B40000AD08FB2304D314A1288314E3388DB4370
:103B5000D2182A40BA4205D22F488169491C816196
:103B600005B0F0BD09044CD002907C1E0321204614
:103B700003F02CFE4A1C0021032A084600D0104600
:103B800003900192022C029B22D30398391A0491CC
:103B900000215A182F465D5C348818461D4B1D5570
:103BA0003488641C3C403480547835885C553D46EC
:103BB0003488641C3C403480927834881A5503461B
:103BC0003288521C3A403280C91C049A8A42E0D1A1
:103BD000019A032A039814D059180E4A0B78348896
:103BE000135533885B1C2B403380012809D04B7858
:103BF0003488135533885B1C2B403380891C801E0E
:103C0000ECD105B0F0BDC046FF0700002A19202006
:103C1000281920200000202028172020F0B583B08C
:103C20000D4607463748874200DC07467D21C9001C
:103C30008F4200DB0F46324AB823854200DC05463E
:103C4000D6588D4200DB0D462F498F834C200D52F4
:103C50002E49304602F0DCFE002100280C46029678
:103C60000E4644D001912A49029802F0C7FE0199FC
:103C700000280C460E463AD038B203F09DFE254E81
:103C8000314602F0F7F9029C214602F015F807468A
:103C900028B203F091FE314602F0ECF9214602F021
:103CA0000BF800900120C60766403846314602F006
:103CB0009BFE05463846214602F0B4FE0028204609
:103CC00000D13846002D344600D10446009F3846C6
:103CD000314602F089FE05463846029902F0A2FEFE
:103CE000002800D10297002D019900D1029E0648BC
:103CF00004620665016108480121017003B0F0BD4E
:103D0000D00F202018FCFFFF64122020CDCCCC3D2A
:103D10000000FA4300007A4454192020F0B583B023
:103D200004F043FD0146002000296BD0364D2A796E
:103D3000FE263240022A65D0019104F036FD0028AB
:103D400024D0044600960026B0B204F0A7FB2F4909
:103D5000096888421ED0751CA8B20027A04217D25D
:103D600004F09CFB29490968884214D0B51CA8B20C
:103D7000A0420DD204F092FB2449096888420AD07F
:103D8000F61CB0B2A0423D46DED304E0012005E0BF
:103D90003D4600E03546681C1B4D009E83B2002165
:103DA000019A934200D3084680B20C4604F076FB99
:103DB00001462046002925D0097802AA002010805B
:103DC0002A793240022A1DD0084603F09BFD0446A2
:103DD00002A9FCF787FE00280FD00C490C602C606C
:103DE0000B4A002111700B4A1170E9802972E960B9
:103DF000296129752976012202E002A90988052294
:103E0000E9822A7103B0F0BDF0162020EC182020C2
:103E1000551920204A19202070B500243B4D2868F0
:103E2000400771D4E869C0B203F0B0FC28684007CD
:103E30006AD4E869C0B203F0A9FC2868400763D4DB
:103E4000E869C0B203F0A2FC286840075CD4E869C6
:103E5000C0B203F09BFC2868400755D4E869C0B2A3
:103E600003F094FC286840074ED4E869C0B203F020
:103E70008DFC2868400747D4E869C0B203F086FC8F
:103E80002868400740D4E869C0B203F07FFC286886
:103E9000400739D4E869C0B203F078FC28684007CD
:103EA00032D4E869C0B203F071FC286840072BD413
:103EB000E869C0B203F06AFC2868400724D4E869C6
:103EC000C0B203F063FC286840071DD4E869C0B2A3
:103ED00003F05CFC2868400716D4E869C0B203F020
:103EE00055FC286840070FD4E869C0B203F04EFCC7
:103EF0002868400708D40F262643E869C0B203F0BB
:103F000045FC10343F2E8AD370BDC0460811504086
:103F1000F0B583B0174602910190354E326100240E
:103F20001046214602F07EFD0546401E854131497E
:103F30003846374602F062FD411E884128403076FF
:103F4000B17D00294FD0F97D00294CD000284AD0FE
:103F500003CF39600199083F00F0D6FB00F044FE22
:103F6000044678600120C007029E7040F860224F2E
:103F70005E20385E03F020FD05466020385E03F0C9
:103F80001BFD0146304601F097FE064628462146B5
:103F900001F092FE314600F0B7FB04466220385E25
:103FA00003F00AFD0146204602F064F8054664204D
:103FB0003C5A20B203F000FD0146284602F032FDD3
:103FC000002801D00A4F0EE0644220B203F0F4FC56
:103FD0000146284602F008FD0028054F03D1284677
:103FE00003F09CFD0446BC8220B203B0F0BDC04685
:103FF00044172020CDCCCC3DD00F202082B003F040
:1040000065FF02F039F901F081F8192004F032FA65
:1040100002F088FE00F006FF02F0CCFD02F012FC78
:1040200001F02EFD04F04EFA274828494160284946
:104030000A68FF231B069A4303239B07D2180A60D2
:104040000021019181600721016022480221016065
:10405000016062B6204D214E214F02E0286804F035
:1040600055F9FFF7D9FEFCF741F828684021FBF726
:10407000F9FC72B6307801993170022805D3F969DC
:104080004018401EF86162B602E062B60028E8D02F
:104090002C6814480068002801D0201A00E0142081
:1040A00010490C60B862652803D3786A401C7862B6
:1040B0006420FDF7B1F82868001B1528CED3386AB4
:1040C000401C3862CAE7C04610E000E07F0C0000E8
:1040D00020ED00E000E100E0D81820203419202075
:1040E000541620200C192020F0B591B004466D46DE
:1040F000284603F04DFF344E4920315C0020002952
:1041000007D04C21715C002903D04D21715C00293E
:1041100001D011B0F0BD5121715C0029F9D15221BB
:10412000715C0029F5D15021715C0029F1D13C3539
:1041300069790029EDD129780029EAD1E9780029A7
:10414000E7D1E017210D0003411820031922920145
:10415000012C01DB104308E00023801A9941002C58
:1041600000D12046002C00D121461922D201002581
:104170002B4604F0B1F90446EA430120C7073B1B74
:1041800013468B4118DA002819D0002800D13C468C
:104190000E48221AA94100DB044604F0EBF931680D
:1041A000401A01D7C0177840201801D7C0177840AF
:1041B00001F05CF811B0F0BD28460028E5D11146A9
:1041C0000028E4D0E4E7C046B0132020FFFFFF7FC3
:1041D000F0B585B004F0E9FA01460020002960D06E
:1041E000314A1279FE231A40022A5AD001930291D1
:1041F000039004F0DAFA002822D0044600262B4D62
:10420000B0B204F04BF92968884216D0771CB8B2D6
:10421000A04215D204F042F9296888420ED0B71C9A
:10422000B8B2A0420CD204F039F92968884205D00E
:10423000F61CB0B2A042E3D302E03746380400D106
:10424000029F781E80B204F029F9014600280398E5
:1042500027D0097804AA00201080134D2A79019BE9
:104260001A40022A1DD0084603F04CFB044604A95C
:10427000FCF738FC00280FD00C490C602C600C4A6D
:10428000002111700B4A1170E9802972E9602961DF
:1042900029752976012202E004A909880522E9820C
:1042A0002A7105B0F0BDC046F0162020EC18202081
:1042B000551920204A192020F0B583B0012704F0B9
:1042C00045FA029004F074F9054609283C4600D8E6
:1042D000002404F097F90028394638463E460BD1B1
:1042E000012604F0D1F9002803D104F0BBF900281D
:1042F0000DD0314638463E46284A1170384001F00C
:10430000F3FD3E40304604F0A1F903B0F0BD019644
:1043100004F060F90021022808460E46ECD104F0B2
:104320009BF9002806D004F00DFA0078012814D17A
:104330000199DFE704F03BFA00281CD004F016FADC
:104340004178002905D040880A28019938463E4620
:10435000D2D3002108460E46CEE704F007FA417892
:10436000002905D040880A28019938463E46C3D323
:1043700000210846BFE7CD20E84004430298427878
:10438000504250412043012148400140002A03D0BF
:10439000C2070646B9D0AFE70646ADE7421920206E
:1043A000F0B59BB004AD58262846314604F072F9AA
:1043B0002D4C20462946324604F0F0F92B480025C2
:1043C00005702B4805702B4805602B49A82008581C
:1043D000E063AC228F582764B0228E586664B42202
:1043E0008B5C48220293A354B5228A5C4921039234
:1043F00062544B210122625444424441A01C01906A
:104400001E49384602F0FAFA002800D1019C3846CD
:10441000294602F007FB002800D1019C271D3046E9
:10442000164902F0EBFA002800D13C4630462946F6
:1044300002F0F8FA002800D13C46029AFF2A2046F2
:10444000039901D008202043012A00D00446FF2907
:10445000204601D010202043012900D00446024804
:1044600004651BB0F0BDC046681420204019202010
:104470004B192020D0182020D00F20200000C84247
:10448000F0B583B002920190304B314D00918C0A0F
:1044900028680727384005262E60196889048A0F86
:1044A0002860296839402E6018682960002A214652
:1044B00008D028490840511C03F088F901462046DD
:1044C00003F084F90198204A801801902A683A4044
:1044D0002E601E4803682A602A683A402E600368EE
:1044E0002A60012293020298984207D05302984210
:1044F0000CD10098C30B0BD1019803E01F210C4095
:1045000001984030A24001689143016003B0F0BDC2
:10451000FF290DD82B683B402E600C4C24682B6083
:10452000A3049B0F019800D12039CC08001DE9E7B6
:104530001302FF339942E9D2FF23DB43C918CC08A9
:1045400001980830DEE7C046D01100001800C441D1
:1045500000134040FF0F000070B582B06D4600218F
:1045600069712D4A4243D60C0A231A467243821AB5
:10457000302422432A710A282ED3284D2A4672431A
:10458000120C5A43B21A22436E46F270642825D3A5
:104590008208234E5643720C2E465643360C5E4319
:1045A000921B22436E46B270C6087D2E18D31D4A58
:1045B0007243120D55432D0C6B43D21A22436B46A6
:1045C0005A70194B98420DD30009184A4243D20C35
:1045D00030326846027006E0042104E0032102E064
:1045E000022100E0012168460818C41CD0B202F084
:1045F000F1FBA01E007800280BD002F0EBFB601E40
:104600000078002805D002F0E5FB2278E41C002A9F
:10461000ECD102B070BDC046CDCC00009A190000AC
:104620007B140000C5200000102700004703000095
:10463000F0B595B00D46039004A806463C3603F04D
:10464000A7FC2F4C3927E05D002809D0F07800281E
:1046500004D0019502972546666917E00020E055D1
:104660003078002801D015B0F0BD03984168026988
:104670004369806900900026304603F06BFB0028F8
:10468000F1D00195012025460297E0551D48C168EB
:10469000CF17F417002073420246A241CC1A97416B
:1046A00003DA88192C46029D0AE04C42E7171B1BCF
:1046B000BA4100DA01202C46029D002800D0701A71
:1046C0006061A06102F008FD002813D00198002865
:1046D000C9D060690028C6D103984068C117484016
:1046E000401A0849498A8842BDD803F0EDF80020F5
:1046F000605500E006203E21605415B0F0BDC04674
:104700008815202078172020FCB40127FF07794066
:1047100002E0FCB40127FF070C024D002D0E03D16F
:10472000002C52D1FCBC70473C43FF2D50D0A40854
:10473000002900D56442020243001B0E04D1002A66
:1047400043D10800FCBC70473A43FF2B41D092088C
:10475000002800D552425E1B04D5170022003C0001
:1047600076422B00192E06D527003741D2191C2777
:10477000F71B7F42BC40002A27D002D552420127B6
:1047800000E00027013B5200FCD515008026354093
:104790000FD01500202635402C43803208D215005A
:1047A000402635402C4304D101263602B24300E0B6
:1047B0005B1C5200023308DDFF2B0BD2500ADB05D5
:1047C0001843FF073843FCBC70470020FCBC70470F
:1047D0000800C70FFF07FF20C0053843FCBC704727
:1047E000F0B581B00C46054603F00CFF002803D15C
:1047F00003F04AFF002803D002F036FD01B0F0BDFF
:1048000002F032FD01F084F92848022101700026EF
:104810002846314602F0E8F80121002801D10A4675
:1048200000E0F243224F5E23FA54002801D12846CB
:1048300002E0CB07284658403865B865A0B27D2312
:10484000DB00984200D31846012C00DB01464A43A6
:104850005C203A520820F87003F09CFF0090284634
:10486000314602F0B7F807462846314603F0E2FD2C
:104870000721384312D1012C0D4B10DB009C204640
:104880004A300278002A0AD04078002807D1206DEB
:10489000002804D1206BD864012100E0044B48209B
:1048A0001954022003F0A2FE01B0F0BD65192020CA
:1048B000E0122020F0B52A490B684968C2171D187C
:1048C0004A410021002801D4012300E0CB43234CBE
:1048D000244E3560726000280CD0234F3E78234D63
:1048E000012E1AD12F78DAB2BA421F4F15D01022FA
:1048F000226014E010202060204801801C480170D4
:10490000194801701E4801701B4801221202828260
:10491000184A11608160C160F0BD002E09D11022DB
:104920002260134A1170134A1160134AD160134A6E
:1049300011802B70124A11700F4988608B74114BD3
:104940000028184601D418461030022202600120C7
:10495000888204221A60C8743870F0BDA0320A4000
:104960006818202070182020501920204F1920206E
:104970005119202000192020901720201E192020D6
:104980005219202090120A40F0B582B02948014601
:1049900010390A68C021114047D0274A147E274B9E
:1049A0001B685D0902262E401B06DB0FF318254607
:1049B0005D4039D0032D05D19468641C34D0144671
:1049C00008342EE0A400E418E5B21D4CEC40E407E6
:1049D0002AD11D4C6457009416681C4FEF400124E7
:1049E0000194274002D0174CA64207D0184CEC4047
:1049F000E40709D0134C641CA64205D1D468641C9A
:104A000012D014460C340CE0009C34191460002FB2
:104A1000019C01D10024E44354765468641C03D003
:104A2000141D25686D1C2560137602680A43026018
:104A300002B0F0BD48300A400C17202080330A40F5
:104A400069960000FFFFFF7FFC8C0100824100009F
:104A50001428000010B530480178491CCAB2017012
:104A6000052A1CD31C460021017003F0FDFA03F057
:104A7000DBFD401E182810D8784400794000874498
:104A80003D2225371F2B1C2E3A440C0C0C0C0C0C11
:104A90000C0C0C0C313441472800FCF7FBF91F4C7F
:104AA00020784006000EFDF739F92078401CC1B28D
:104AB000032900D90020207010BDFEF785FCEEE729
:104AC000EFF7E0FCEBE7F6F7A1F9E8E7FCF7A8FF62
:104AD000E5E7FEF75BFBE2E7F8F7B8FBDFE7F5F7A2
:104AE0009BFADCE7F8F728FFD9E7EBF7E9FAD6E716
:104AF000F9F7C0F8D3E7F9F7DFFBD0E72046FBF77B
:104B000005FECCE7F3F704FEC9E7F7F7FDFFC6E7BC
:104B1000FDF7B8FFC3E7C0462F1920202E1920202B
:104B20004B21890088420EDCC8281ADDC9380528C7
:104B30003AD8C0467844007940008744022D252B9E
:104B40002333254870477D218900884211DCFF21ED
:104B50000A462E32904219D09231884224D1174809
:104B6000704700281AD065281AD066281CD11B4827
:104B70007047FF21F63188420AD00D49884213D18F
:104B80000C48704710487047114870470C487047F0
:104B9000094870470D4870470E48704703487047F2
:104BA0000F487047074870470E487047239401002C
:104BB00059020000E9910100E49101008591010092
:104BC0007E9301001B92010080910100449101003D
:104BD00057920100A3910100259201004991010023
:104BE000FE920100C292010070B50446014603F036
:104BF00021FC00284DD12849204601F009FF00285A
:104C00001FD0264D244E20462946FFF782FD04463C
:104C1000314601F0FDFE002813D020462946FFF75B
:104C200078FD0446314601F0F3FE002809D0204605
:104C30002946FFF76EFD0446314601F0E9FE0028E3
:104C4000E1D11749204601F0CFFE00281FD0154DB5
:104C5000134E20462946FFF75CFD0446314601F01D
:104C6000C3FE002813D020462946FFF752FD044614
:104C7000314601F0B9FE002809D020462946FFF749
:104C800048FD0446314601F0AFFE0028E1D1204640
:104C900070BD002070BDC046000034430000B4C3A6
:104CA000000034C30000B443F0B585B004462A497F
:104CB000CD6BE81703908E6BF01701907D21CA0031
:104CC000101B04925043890002F080FD0746FF202C
:104CD000F630844200D26700A81B0290039D019821
:104CE00085410024384621463A46234603F0CEF952
:104CF0007A001A4B9A1A234603F0C8F9184A234639
:104D000003F0F4FB02460B461348866BF717029834
:104D1000294603F0BBF9049A234603F0DDFB801912
:104D20007941E5430123DA07161A2E468E410BDA44
:104D3000002B0CD0002B00D110460A4A831AA14147
:104D400000DB104605B0F0BD2346002BF2D129460A
:104D5000002BF1D0F1E7C046B0132020B80B0000C3
:104D600040420F00FFFFFF7FF0B585B004460020F2
:104D7000002C4FD0284923688B424BD26568642DA4
:104D800048D8A6683246083A10318A4242D2618A2F
:104D90008E423FD3E7687A1E7F2A3BD8402939D814
:104DA000228A202A36D8914234D90392227D049255
:104DB000FF2A02D0049A012A2CD101973822174FDA
:104DC000BA5C02923922BA5C029F3A4314D0144C66
:104DD000A26896421ED1E268019E96421AD1228AAA
:104DE000039E9642049E15D1628A914212D1217D82
:104DF0008E420FD128C40CE00546039802F0FCFE59
:104E000001462846002905D005480ECC0EC00ECC20
:104E10000EC0012005B0F0BDE90300008815202078
:104E200078172020F0B597B06D465C2628463146AD
:104E300003F030FC274C20462946324603F0AEFCF6
:104E4000254D00262E606E60AE602846FDF7DCFC26
:104E5000421E51425141214A11705522A0544F2304
:104E60000122E2545323E6545423E65401280AD184
:104E700088CD2868A360E760236167614A23E25414
:104E80004B23E25408E0A660E660266166614A2092
:104E900026544B2026543046E0614E2021545120A8
:104EA00026545620265457202654266266622663CE
:104EB0006663522026545820265459202654A66250
:104EC000E662A663E6632664666401F015F917B02E
:104ED000F0BDC046B01320204018202053192020D8
:104EE000F0B581B0294C072000062060002525710F
:104EF00025836563A5633C202554256465644826A5
:104F0000A5556566A5666C202552E5642565656531
:104F1000A565E56520464C300575257365812581BD
:104F2000E580A575A58265822582E581E56125621A
:104F30006562A562E562258615480570154805700D
:104F4000FDF76AFFE078144F387060787870A178C8
:104F5000B970E188B98003F0B7FBB871607803F0ED
:104F6000B8FBF871607803F0AAFB38727D72BD72ED
:104F7000A05D401F41424141F972BD8103F01EFA1C
:104F80002582E58402F070F901B0F0BDE012202026
:104F9000651920204C19202008182020B0B50628BB
:104FA00045D8C046784400794000874403430E2822
:104FB00008464A0001F0AAFB401C00B2B0BD2348DD
:104FC00041218900405822491EE02049D420085838
:104FD000D8228958FFF79DFB3F210C06214600F09F
:104FE0006BFE1C4900F068FE0546002101F010FD33
:104FF000002801D1BF2004062846214611E01348AD
:10500000012109024058134900F056FE04460021D0
:1050100001F0FEFC002801D03F2000E0BF20010687
:105020002046FFF776FB02F079FD00B2B0BD00200C
:1050300000B2B0BD0548F02105E004482121C900B7
:1050400001E002489021405A00B2B0BDD00F2020AC
:1050500000007A440000C842F0B584B02148102115
:105060000160214800240480204804702048047016
:105070002048047020480475204801684068204A90
:10508000136852680293CF1A034601929341E64394
:105090000125EA070092D21B32469A4103951ADA9B
:1050A000002D1BD0002D00D1009F164ABD1AA34130
:1050B00000DB1746104A9760019B5840029B5940FD
:1050C00001434842484150750F480421016003984C
:1050D000D07404B0F0BD2546002DE3D13346002D39
:1050E000E2D0E2E7A0320A401E1920205119202008
:1050F00050192020521920209017202070182020AD
:1051000068182020FFFFFF7F90120A40F0B581B0A1
:105110001D49002008801D49086048601C4A012183
:10512000009111701B4A106050609060D060108236
:105130009174194B8124DC631C605C61174B022461
:105140001C601D46103D04262E60154D10272F6053
:10515000062119632F632F601249088012490870D5
:10516000124908701249087010751E60D0741C60D6
:105170002F601049086048600F4908609060D06057
:105180000098507501B0F0BD20192020681820202B
:105190004F1920209017202008804240A0120A407A
:1051A000A0320A401E192020511920205019202019
:1051B000521920207018202000192020B0B503F0CB
:1051C00021FA002803D103F05FFA002802D0FFF78C
:1051D00043FF03E001F090F8FCF790FA02F0F2F9D7
:1051E000FCF7EEF81B480178491CCAB201700A2A84
:1051F0002ED30024047018480168491C016000681F
:1052000001F0E2FF154D2878401C287014490A78F7
:10521000521CD3B20A700A2B03D30C7002F0A6FE04
:105220002878C0B2142813D32C700E4801780029B6
:1052300003D00D498A69521C8A610178072903D875
:105240000178491C0170B0BD0748C169491CC161A2
:10525000B0BDC04632192020D81820203119202096
:1052600030192020341920205416202070B592B017
:10527000044601AD284602F08BFE244E4920315CE5
:105280000020002907D04C21715C002903D04D215A
:10529000715C002901D012B070BD5121715C0029F0
:1052A000F9D15221715C0029F5D15021715C00299E
:1052B000F1D13C3569790029EDD129780029EAD16D
:1052C000E9780029E7D103F055F93168411A03D78D
:1052D000C8170121C907414030690D4A904200DBDF
:1052E0001046083072690B4B9A4200DC1A46083AA5
:1052F000A04200DC2046904200DB10463269736910
:10530000B4690094FDF734F912B070BDB0132020D9
:10531000F7FFFF7F08000080F0B581B003F0F2F9DD
:10532000017D002000290CD1244C4D21615C002915
:1053300007D15126A15D002903D15225615D0029C5
:1053400001D001B0F0BD074603F0ECF8002803D10E
:1053500003F016F9002802D0384601B0F0BD4C2207
:10536000A05C00283846ECD04927E15D0029E8D050
:10537000009202F0A9FA01F0EBF80021E155009843
:1053800021544F220120A0545022A0545422A15451
:10539000A1555622A1545722A15421626162216372
:1053A000616361555822A1545922A154A162E1625E
:1053B000A163E1632164616401B0F0BDB0132020FA
:1053C000F0B52248224B234F394610390A6805218F
:1053D000C903114012041AD51A68D20B1C68270C95
:1053E000574001252F401C4C2668024600D0421C25
:1053F000964205D1194A147801252543157005E018
:10540000002F01D00022D543AA192260114F4A0C67
:1054100018D01A68520C1B681E0E564001242640F4
:105420000F4B1D6800D0401C854205D10B48027807
:1054300002231343037005E0002E01D00020C44373
:1054400060191860386808433860F0BDFFFFFF7FBF
:1054500080130A4048100A40DC18202046192020FA
:10546000E0182020B0B50021264ACB4302E0891C79
:105470001C2945D0445C5C406308E40700D05340DD
:105480005C08DB0700D054406308E40700D05340B9
:105490005C08DB0700D054406308E40700D05340A9
:1054A0005C08DB0700D054406508E30700D0554096
:1054B0006B08EC0700D05340441864785C406308E4
:1054C000E40700D053405C08DB0700D05440630879
:1054D000E40700D053405C08DB0700D05440630869
:1054E000E40700D053405C08DB0700D05440650857
:1054F000E30700D055406B08EC07B8D05340B6E73F
:10550000D843B0BD2083B8EDF0B58B4200D18242C4
:1055100004D90B0002000021002040E0002B00D144
:10552000002A0CD10B00020000210020002B00D12A
:10553000002A01D0C943C04301F0B1F82FE01C009C
:1055400015000B0002000CB4002126002F00FF19EB
:10555000764102D2491C4029F9D100201E001700D3
:10556000FF19764102D2401C4028F9D10E1A2100C1
:105570002800320002F03CFE0C0005000CBC0020AC
:105580000021A34200D1AA4201D3521BA3414041B2
:1055900049416D08E7073D436408761EF1D5059F34
:1055A000002F01D03A607B60F0BDFEE770B502F0DD
:1055B0008BF900F0CDFF22484922002181544C2272
:1055C00081544D228154532281544F22012383540C
:1055D00050228154542281541A4A1278002A0BD046
:1055E000194C60CC24688560C660056146614A2517
:1055F00043554B25435508E08160C160016141611D
:105600004A23C1544B23C1540C46C4614E23C25497
:1056100051228154562281545722815401624162A1
:10562000016341635222815458228154592281548A
:105630008162C1628163C1630164416470BDC0461F
:10564000B01320205319202040182020F0B581B03D
:105650000646234988200C58B8200F5800252046BC
:10566000294601F0DFF9002836D00096002638469A
:10567000314601F0D7F900282ED01A49204600F013
:105680001BFB394600F0F6FC3F210906FFF741F805
:1056900002F044FA7D21C900884200DB0846012857
:1056A00000DC012000998842354615DA0E48056D68
:1056B0000B4C616F284600F0FFFA0646A46F2146A6
:1056C00001F092F9002800D134462046294601F025
:1056D000A9F9002800D12546284601B0F0BDC046F2
:1056E000D00F202000007A44E0122020B0B503F053
:1056F0003DF804464078214DA870002810D06088FD
:10570000A88003F02FF800881D499022895A88420A
:1057100009D11C480178132909D8491C0170B0BD72
:105720000020A880B0BD174800210170B0BD2978C5
:10573000608801290CD1192819D3E879FF2803D0F2
:10574000411CE971022817D300202880E880B0BDF1
:1057500013280FD8A879FF2803D0411CA97102286B
:105760000AD3FF20023028800020E880B0BD00204E
:10577000E871B0BD0020A871B0BDC04660182020FF
:10578000D00F202036192020002A49D084468B07CC
:105790001CD1830722D1102A08D370B4103A78C9DB
:1057A00078C0103AFBD270BC103238D0042A2CD307
:1057B000082A05D30C2A01D308C908C008C908C0A3
:1057C00008C908C092072AD0920F22E00B78037014
:1057D000491C401C521E22D08B07F7D1C30714D19D
:1057E0008307D8D0121F12D308C903801B0C438033
:1057F000001D121FF8D20AE008C903701B0A43708B
:105800001B0A83701B0AC370001D121FF4D2121DE5
:1058100005D00B780370491C401C521EF9D160461C
:105820007047704770B592B002F06CFF007D0028A1
:1058300002D0002012B070BDFFF70EFC01AD44266F
:105840002846314602F026FF134C204629463246B0
:1058500002F0A4FF402100206054412160540F4910
:1058600008600F4908600F49086048600E490860E9
:1058700048600E4908600E49086020610D48022109
:1058800001800D48032101800420208708206087C3
:10589000012012B070BDC046C0142020E4182020A2
:1058A000041520205818202050182020F8182020F7
:1058B000FC182020221920202419202070B502F085
:1058C00003F800F045FE20484922002181544C2273
:1058D00081544F22012383545022815454228154F5
:1058E0001A4A1278002A0BD0194C60CC24688560C3
:1058F000C660056146614A2543554B25435508E07E
:105900008160C160016141614A23C1544B23C1548C
:105910000C46C4614E23C2545122815456228154F4
:1059200057228154016241620163416352228154D2
:1059300058228154592281548162C1628163C163BA
:105940000164416470BDC046B0132020531920206B
:1059500040182020F0B585B001910290214F012020
:10596000C50284023C60A026304602F099FE3D60EC
:10597000304602F095FE384640380460103F0394EC
:105980003C600446304602F08BFE256004953D6085
:10599000304602F085FE14487821405C4006000E37
:1059A000FBF792F90026002808D00298FBF78CF943
:1059B000002803D00198FBF787F90646039D256070
:1059C0003D60A024204602F06BFE064F049838602C
:1059D000204602F065FE3D60204602F061FE304642
:1059E00005B0F0BDE0120A40E0112020F0B581B012
:1059F0000C46064602F006FE002803D102F044FEE3
:105A0000002803D001F030FC01B0F0BD01F02CFC07
:105A100000F07EF8174802210091017002F0FEFDAF
:105A20003146FEF776FEFFF7DFF8134948638E63D1
:105A300000273046394600F0F5FF05463046394626
:105A400000F0D2FF002800D0F843002D00D0012044
:105A50003C21094A50541146002C01D10748446B9F
:105A60000C648F840420C870009802F0BFFD01B060
:105A7000F0BDC04665192020E0122020D00F202064
:105A8000B0B588B01549002008801549088015492F
:105A9000088015490880154908701549087015498E
:105AA000087015490870154908800190029003900C
:105AB0000490059006900790114801A91CC91CC0CC
:105AC0003CC93CC00F48282102F0E4FD01208003BE
:105AD0000D4908600D49086008B0B0BD16192020B6
:105AE00018192020281920202A19202041192020A7
:105AF000371920203E1920204D192020261920205A
:105B000028172020A816202080E200E000E100E015
:105B1000F0B581B0204C0025A560E5812582A575F2
:105B20002583A5633C202554256465644826A55536
:105B30006566A5666C202552E56425656565A565E5
:105B4000E56520464C30057525626562A562E56213
:105B5000FDF762F9E078114F387060787870A178BD
:105B6000B970E188B98002F0AFFDB871607802F0D9
:105B7000B0FDF871607802F0A2FD38727D72BD72DE
:105B8000A05D401F41424141F972BD8102F016FC07
:105B90002582E58401B0F0BDE01220200818202005
:105BA00070B582B01B491C4C204602F05BFB1B49C0
:105BB0002046FDF72BFE1A4801681A4A0A40026087
:105BC00000250095204629462A462B4602F0D2FBA6
:105BD000204629462A4602F037FB204629462A4617
:105BE00002F0A8FC01260096204629462A462B46AC
:105BF00002F0C0FB20462946324602F025FB204633
:105C00002946324602F096FC07488660032101606F
:105C100002B070BDE98C010000000940148F010042
:105C2000041809407F00FFFF0011094010B51C490E
:105C30001C4C204602F064FC1B49204601F0ACFBE2
:105C40001A4801680322D203914301600169184A8E
:105C50000A4011320261416917220A4328218A430E
:105C60004261426801210A4043688B439A184260AE
:105C7000104A13688C021C43146002684B041343DF
:105C80000360C26870231343C360C26805231343D3
:105C900002229343C36002680A43026010BDC046FB
:105CA0003294010000201040588E01000031104055
:105CB0000000FFFF28301040FCB40127FF0706005A
:105CC0004E4001D4002600E03E00020243001B0EBD
:105CD00030D03A43FF2B30D00C024D002D0E29D08E
:105CE0003C43FF2D29D05B194240504042404C407C
:105CF00061404C4000B501F0D7FE20BCAE464240AA
:105D0000504042404C4061404C4025001400002C63
:105D100001D46400013B803401D3013364087E3B2D
:105D200008DDFF2B09D2BC43200ADB0518433043B2
:105D3000FCBC70470020FCBC7047FF20C00530430E
:105D4000FCBC704770B5054601F070FF04460028A2
:105D500003D01A48002181852BE001F085FA17480D
:105D60000021818241820182C181154B9D420DD863
:105D7000828D5B1C6B40934208D35619B1B2868565
:105D8000104A4823D25A914203D212E00E4EC94320
:105D900081850E49FF2202328A81C57802F06EFCAD
:105DA0000346B1B266202A4601F0B0FC052002F09D
:105DB0001DFC01204440204670BDC046E01220205A
:105DC000FEFF0000D00F2020FFFF00000818202059
:105DD000F0B581B0002809D000901D4DAB780020AF
:105DE0002D2B06D02B2B0BD1012203E0002001B07C
:105DF000F0BDC243EC1CEB78002B05D101B0F0BD27
:105E0000AC1C0122002BF9D0651C00201F46044663
:105E10003E463A3E0921C9438E42EFD30A216143EF
:105E2000CC19303C0126F1038C42E7DC2F786D1C45
:105E3000002FEDD1002BE1D0624306495118064BEB
:105E40009942DBD300980280304601B0F0BDC046D5
:105E5000C81520200080FFFF0000FFFF00BF704733
:105E6000024670B50A4392072AD11E4DEE0104C8BE
:105E700008C9541B9443344017D0D0B2D9B2401A49
:105E80002106014310D190B299B2401A2104014376
:105E90000AD110021902000A090A401A210201431C
:105EA00002D1100E190E401A70BD9A42DFD010BAFE
:105EB00019BA884201D9012070BD0020C04370BDCD
:105EC00002780B7801300131002A09D09A4207D1BB
:105ED00002780B7801300131002A01D09A42EFD0CC
:105EE000D01A70BD01010101F0B581B0044600284F
:105EF00015D01C48047001F0B7F91B4C00256582D1
:105F0000A582E581FDF7FCFBA5856C202552256265
:105F1000656202F053FA2582E58401B0F0BD02F01B
:105F200071FB002803D102F0AFFB002806D00D481A
:105F30000121017001F098F901B0F0BD094D2878F8
:105F4000A0420CD0084EF088308170810027B775D0
:105F50003783FDF7D5FB02F031FA3782F7842C70D6
:105F600001B0F0BD4C192020E012202010B5EFF355
:105F7000108172B614480078012804D10020C907A6
:105F800021D162B610BD11481022026010480022D3
:105F90000280104802801048026042600F48026090
:105FA00042600F4802600F4802700F4802700F4BAA
:105FB000012004029C821A605A609A60DA601A8298
:105FC000C90700D162B610BD50192020A0320A4086
:105FD0001E19202020192020681820207018202049
:105FE000001920205119202052192020901720201C
:105FF000F0B581B01A4908680124A043086067071A
:10600000184E0025304639462A462B4602F060F8E5
:10601000304629462A4602F08DFA134E3581114842
:1060200039462A46234602F053F80E4829462246AE
:1060300002F080FA7581032001030C4A11600C49BB
:10604000086035807580B580F58035817581347341
:106050007573B573024908682043086001B0F0BD4C
:106060000418094000000940F8172020A0120A4037
:10607000A0320A40FCB40127FF0706004E40F60F8D
:10608000F607020243001B0E2DD03A43FF2B2DD002
:106090000C024D002D0E26D03C43FF2D26D05B1B5D
:1060A0000020202164085208A2424041A24200D3AD
:1060B000121B013904D0002A01D05200F4D18840CB
:1060C000384201D14000013B803001D3013300E070
:1060D00040007F3307DDFF2B08D2400ADB05184361
:1060E0003043FCBC70470020FCBC7047FF20C0055B
:1060F0003043FCBC7047704770B592B001AD442688
:106100002846314602F0C6FA124C2046294632464D
:1061100002F044FB402100206054412160540E49AC
:1061200008600E4908600E49086048600D49086023
:1061300048600D4908600D49086020610C48022143
:1061400001800C48032101800420208708206087FB
:1061500012B070BDC0142020E418202004152020A7
:106160005818202050182020F8182020FC18202033
:106170002219202024192020F0B581B014460E46A3
:10618000074602F03FFA002803D102F07DFA00280A
:1061900003D001F069F801B0F0BD01F065F8FFF738
:1061A000B7FC1248022505703846FEF71DFD104F5A
:1061B000786410498E4200D30E463E85A1B27D22FE
:1061C000D200914200D311460126012C324600DB59
:1061D0000A467A8502F054F8304602F055F9052057
:1061E000F870284602F002FA01B0F0BD65192020CF
:1061F000E0122020FFFF0000F0B581B0EFF3108027
:10620000009072B601256F07174E002430463946BC
:106210002246234601F05CFF30462146224602F02A
:1062200089F9124E34811048394622462B4601F036
:106230004FFF0D4821462A4602F07CF97481032065
:1062400001030B4A11600B49086034807480B480EC
:10625000F4807473B4730098002801D001B0F0BDCD
:1062600062B601B0F0BDC04600000940F81720201A
:10627000A0120A40A0320A4080B501F059FF02F096
:10628000EFF802F0B9F902F0F9F901F033FD02F08C
:10629000C5F802F07BF8FFF7ABFE01F071FDF9F7EE
:1062A00005FDFEF77DF801F0BBFEF6F70FFE0028B6
:1062B00004D0C820F3F748F901F040F902F072F871
:1062C00002F08EF901F0EAFF00F058FDFFF713FF2E
:1062D00000F052FF01F0FEFF02F094F802F008F81F
:1062E00001F008FE02F06AF901F0D4FC02F032FA83
:1062F000FFF782FF80BD704770B502F003FA017DA1
:1063000000291AD01A4C4C21615C002916D0492171
:10631000615C002912D0064602F02CF92268811A2D
:106320000125904202D7C817E90741401220305694
:10633000012815DB6069814207DA70BD4D21615C7F
:106340000029FAD1857C002DF7D0FEF785FEA069E3
:10635000401C02D0A069401CA0614820255470BD9B
:106360000028EAD520698142E7DCFF25EDE7C04639
:10637000B0132020F8B5451C00780023082B32D03C
:106380002F78C2070CD16A780F241440E41C122C19
:106390000BD102242E57F4B2002E08D4EE1C0EE0CE
:1063A0006D1C4A1C0F7011461AE0AE1C08E02E1D31
:1063B000ED7800957F252C40009DED012C191234BD
:1063C0003D0112095219094DAA420ED0D243002CA8
:1063D00005D08D5C4F1C0D70641E3946F7E73546BD
:1063E00040085B1CCAE72846C5E7F8BDFF0F000060
:1063F000F0B583B0019001252E071A4F3E60182496
:10640000204602F04DF9E80702903860204602F07D
:1064100047F93D46403F3E60103D2E60204602F069
:106420003FF9029838602860204602F039F9782058
:10643000FAF716FE0020FAF713FE0198FAF710FE9D
:106440003E602E60204602F02BF9064D029828602F
:10645000204602F025F92E60204602F021F903B013
:10646000F0BDC046E0120A40F0B581B00269406953
:10647000D3175A40D31AC2175040801A834200D310
:106480000346083B00D20023124A9068984200D38A
:10649000184643428B4200DC0B46884200DB18461C
:1064A0000D494B69DE17D268D717C417C51AB44116
:1064B000561BA74101DAD01805E05642F717AD1B6D
:1064C000BC4100DA981A4861886100F005FE01B00D
:1064D000F0BDC046781720208815202070B51446DE
:1064E000194DAA680243AA60EA680A43EA600122D9
:1064F000AA7000216970800600D52A71E9622963BB
:106500006963A963E96329646964A9646962696567
:10651000E96529666966A966E96629676967A96701
:10652000FFF76AFE002C0DD02C89AD8902F0A6F889
:106530000346064E304621462A4601F0E7F830462B
:1065400001F05CFD70BDC0466412202059020000BD
:10655000F0B5114910220A60104B00201880104B32
:106560001870104B1870104B1870104B0124240237
:106570009C820F4C256864680E4E04273760D874DF
:10658000022737600A600C490D604C600B490860B7
:106590009860D860F0BDC046A0320A401E19202085
:1065A0005119202050192020521920209017202006
:1065B00068182020A0120A407018202000192020FE
:1065C00010B51549154C204601F09AFF1449204694
:1065D00000F0E2FE134801680322D20391430160F8
:1065E0000169114A0A4011320261416917220A43C6
:1065F00028218A4342614168012211404368934344
:106600005918416009490B6894021C430C600168E9
:106610001143016010BDC046349401000000504099
:10662000628E0100001150400000FFFF2810504012
:1066300070B50246C4060020630F22D00123154620
:106640001D409607F60F75195607F60FAD19160778
:10665000F60FAD19E40F2C199506ED0F64195506C8
:10666000ED0F6419032C0CD360241440032515404E
:10667000C720C043814205DC002D03D0002C184602
:1066800000D170BD68426841002C03D12046C72963
:10669000F7DC02E04000C729F3DC002070BD704742
:1066A00070B5AEB0184E30780024012804D102F045
:1066B00029F8007D002802D020462EB070BD17AD0D
:1066C000284600F031FD4D20285C002818D0FBF74B
:1066D000F5FF0028F0D06D46284600F025FD532038
:1066E000285C03280AD1FBF7E9FF0028E4D0002446
:1066F00034702046FEF7BAFD0028DDD00124DBE728
:1067000000F018FC0446D7E74D192020F0B581B001
:1067100002F04BF8002823D004460025A8B201F06F
:10672000BDFE1349096888421ED06F1CB8B200260E
:10673000A04217D201F0B2FE0D490968884214D078
:10674000AF1CB8B2A0420DD201F0A8FE08490968FA
:1067500088420AD0ED1CA8B2A0423746DED304E03E
:10676000002702E0374600E02F46B8B201B0F0BD86
:10677000EC182020B0B5054615480078002808D14F
:106780000C4601F03FFF002803D101F07DFF0028F7
:1067900006D000F069FD1048002141828182B0BD21
:1067A0007D20C000854200DB05460A498D4200DCA1
:1067B0000D46094A5582844200DB04468C4200DCC7
:1067C0000C46948228462146FDF728FAB0BDC04603
:1067D0004C19202018FCFFFFE012202080B5012278
:1067E00002405142FF232C3399430223034000D03F
:1067F000C8395B08D2180423034000D064399B08D1
:10680000D2180307DB0FD2181023034000D06431E5
:106810001B09D2182023034000D0C8315B09D218CD
:10682000400604D4002A06D1002000B280BD4B20CF
:1068300080000918521C08B2D1B200F04FFB00B220
:1068400080BD000070B5104C4021204601F022FFB1
:106850000E484B21C9000A22C82305250C4E6EC0E4
:10686000012101700220032101F0C6F93E20002120
:106870002154084801600848016008480180084820
:1068800001600848017070BD88152020781720200D
:1068900002000300B8182020C41820202618202049
:1068A000BC18202058192020B0B5174C4920215C75
:1068B0000020002907D04C21615C002903D04D2124
:1068C000615C002900D0B0BD0546FEF7ABFF014674
:1068D00028460029F7D051210020605456216054E9
:1068E00057216054206260622063606352216054CB
:1068F0005821605459216054A062E062A063E063B3
:10690000206460640120B0BDB0132020B0B5002425
:1069100001F078FE002820D101F0B6FE00281CD13D
:106920000F480068424242410E490B795B1F5D42AD
:106930005D41154311D1012408600B48002202700B
:106940000A480270CA800A72CA600A610A76022086
:10695000087101220A7501F049FE2046B0BDC0460B
:10696000EC182020F0162020551920204A1920204C
:1069700010B501F097FAFFF73FFC01F043FE002845
:1069800002D000F097FD0DE001F060FD01F0CAF9C2
:1069900001F038FDFEF7A4FA00F0F2FD01F0A8FCCA
:1069A00001F050FB002401F02DFE002808D101F079
:1069B0006BFE002804D101F0A1FE0088002801D060
:1069C000204610BD01F006FE401E444244412046D0
:1069D00010BD000010B501F049F8002801D00020DA
:1069E00010BD012010BDC04610B501F03FF80028D1
:1069F00001DB002010BD012010BDC04610B501F024
:106A000035F8002801DD002010BD012010BDC04672
:106A100010B500F0EFFF002801DA002010BD0120C2
:106A200010BDC04610B500F0E5FF002801DC0020D5
:106A300010BD012010BD8446830706D0002A29D04E
:106A400001700130013A8307F8D1042A1CD30906EA
:106A5000090E0B0219430B041943082A10D30B002B
:106A6000102A09D370B40F24161B22400C000D000D
:106A70003AC0103EFCD870BC082A01D30AC0083ABC
:106A8000042A01D302C0043A002A03D0013A8154F7
:106A9000013AFCD260467047F0B511480068C0B2B8
:106AA0000B281CD10F480168490718D40E490F4A1A
:106AB0000F4B104C05E00F88E5550E8005686D07FB
:106AC0000DD4C5690E88761CF6B297687F1C976056
:106AD0001F88BE42EFD155696D1C5561EEE7F0BDD0
:106AE000203010400831104016192020281720208F
:106AF00018192020E01020200CB54200120E7F3A19
:106B00001DD43F239A1A1DD9864600020123DB07B4
:106B100018431300203B03D301000020D94003E0B9
:106B20000100D0405B4299407346002B03D50023FF
:106B30004942834118000300080019000CBD0020E1
:106B400000210CBD030000200121C907002B02D445
:106B50000023401E99410CBD104800688005C10FFC
:106B60000F48017041890F4A914201D0491C41816F
:106B70000D480178491CCAB20170052A0DD30021C5
:106B800001700A480178052907D8012002468A4089
:106B900031210A4201D006490870704780130A402B
:106BA00018182020FFFF000033192020571920203B
:106BB0005619202080B50D48002101800C48018025
:106BC0000C4801800C4801700C4801600C480160C1
:106BD0000C48582101F05EFD0B482C2101F05AFDB4
:106BE0000A48282101F056FD80BDC0461219202018
:106BF000141920201019202038192020C81820200E
:106C0000D41820200C1420202816202080162020A4
:106C1000F0B585B003910021002A24D08588002D8D
:106C200021D001920468002002900246207801469B
:106C30003A39C9B249087B2914D33038C6B203980F
:106C4000801B0A273946049200F0C0FD0499814256
:106C500008D84F43BA19641C6D1EE7D10198026031
:106C6000012100E00299084605B0F0BD70B5064666
:106C70001348B8214558002430462146FFF7D2FE7C
:106C800000281BD000212846FFF7CCFE002815D095
:106C90000C493046FFF710F82946FFF7EBF93F2182
:106CA0000906FDF736FD00F039FF04467D20C000DF
:106CB000844200DB0446012C00DC012420B270BDBC
:106CC000D00F202000007A44F0B593B00C46054662
:106CD00001F050FC124E3368C11A0127FA0798429E
:106CE00001D7C9175140562035543463601A01D773
:106CF000C017504070630025356232697369B0690E
:106D000000902046FBF734FC002805D002A801F0D3
:106D10003FF90A9870623D46284613B0F0BDC04660
:106D2000B0132020B0B5EFF3108072B60F490A6897
:106D3000C02313430B600E4A002111605160916023
:106D4000D160116151610B4B1B685C090225254024
:106D50001B06DB0FEB181376517601239376064A58
:106D60001160002800D0B0BD62B6B0BD48300A4006
:106D70000C17202080330A40F4182020B0B501F011
:106D800035FB0024204601F089FB0E4908600E4DBA
:106D900028600E490C700E490C702C71EC8229464B
:106DA0001631EC802C72EC602C612C752C76F9F786
:106DB00099FE002802D105202871B0BD012028715C
:106DC000B0BDC046EC182020F01620205519202018
:106DD0004A192020F0B581B02D38C0B2352803D82B
:106DE00080000E49095800E00B490D4C25787A2D9A
:106DF0000FD80C480078C601304628430A4F38188F
:106E0000052201F0CBFCB819281800214171A81DFA
:106E1000207001B0F0BDC04603910100E087010081
:106E200043192020451920200008202070B582B089
:106E30003C31134D3926AA5D002A07D0CA78002AB2
:106E400002D0012002B070BD0022AA5509780029A5
:106E500002D0002002B070BD4168026943698069B8
:106E600000900024204600F075FF014620460029CE
:106E700004D00120A85500216961A96102B070BD4C
:106E800088152020B0B502460178C0680A2905D0CF
:106E9000042909D15168FEF7A9FD15E051681023B6
:106EA000D25EFFF769F90FE0917D002907D0044613
:106EB000154601F0B3FB01462A46204600E0116961
:106EC0001423D25EFAF74CFB0348012141740021E0
:106ED00081748181B0BDC046C01720201CB5002937
:106EE00022D04C08002900D54942421054400028C5
:106EF00000D5404200230A00904201D95200FBE72E
:106F000090425B41904200D3801A914201D25208D4
:106F1000F6E71900002C00D54042640000D5494234
:106F20000200080011001CBD01000020FFF7E3F97A
:106F30001CBD000010B501F0E5FB007D002814D158
:106F400001F0F0FA002810D10E4C4D20205C0028F2
:106F50000BD15120205C002807D15220205C002852
:106F600003D101F00DFB002805D006485421012271
:106F70004254002010BD502001212154FCF73AFB5F
:106F800010BDC046B0132020B0B5134CE0780A38CD
:106F90000121C94388420AD34820215C491F0322AA
:106FA000D243914203D3062121540020E08500F012
:106FB0005BF900256582A582E581FCF7A1FBA5852B
:106FC0006C2025522562656201F0F8F92582E5847E
:106FD0000720E070B0BDC046E012202012480168D2
:106FE0008901C90F0268D20D0223134059180268A3
:106FF000920C04231340C9180C4A1268D20A0823C1
:107000001340C9180268920B10231340C918026874
:10701000920B20231340C918006800094022024047
:107020008818C0B27047C04680330A4080130A40B7
:10703000F0B581B0104D297800291BD10F490A788D
:107040000F4B5B7813431A0614D000240C70009089
:1070500000F028FF01263046FEF746FFFF272E37B7
:10706000384600F0CBFF384621462246009B00F010
:107070004DFB2E7001B0F0BD3C1920203D192020A1
:10708000D417202013480278172A1AD80221C046A4
:107090007A4412795200974415140B1414140E14E8
:1070A00014141414141414141414141414171A119A
:1070B0000621017070471521017070471821017079
:1070C0007047002101707047162101707047172129
:1070D0000170704744192020B0B5124A3F21535C1B
:1070E0000021002B03D04123D35C002B01D00846A4
:1070F000B0BDC3175469E517002108344D41041B86
:107100001C46AC41F3DB9469E5170021083C8D4136
:10711000241A9D41EBDB10603E2000211154012117
:107120000846B0BDC0142020F0B581B000281CD0A6
:10713000044601F01FFA0546EFF3108772B60D4EB4
:107140005C222046314601F029FB4920305C0028B2
:1071500007D03068281A05D7C1170120C00748405A
:1071600000E000206060002F01D001B0F0BD62B6E9
:1071700001B0F0BDB01320200B4800210173016065
:107180004160816009480170094801700948018027
:107190000948018009480170094801700120000276
:1071A00008490860086370471818202056192020E5
:1071B000571920201C192020161820203A192020A9
:1071C00039192020A0120A4080B50F4908600F49E4
:1071D0004A78002A17D10A78002A14D04A68801AFF
:1071E0008860CA6890420ED3012048700A69521C18
:1071F00000D20A610649087006480021017000F0BB
:1072000051FEFEF7F9FF80BDCC182020D4172020B6
:107210003D1920203C1920200CB50300080019005E
:10722000BE228646002803D407D1002905D10CBD13
:10723000002349428341180006D4013A4000CB0F95
:10724000184349000028F8D5803001D3013200E00E
:107250004000400AD20510437346002B02D501229C
:10726000D20710430CBD0000B0B5104C0025A5831B
:107270002562256520462C30222101F00BFA65623B
:107280006565E56525666566A566E56625676567E6
:10729000A567FEF7B1FF256105480570A0780028B5
:1072A00000D0B0BD257120786070B0BD6412202080
:1072B00054192020F8B5044605460C3500260F4F1A
:1072C0006088864217D2284608380168281F03685C
:1072D0002A68002A03D0184601F060FA08E0064840
:1072E000874205D0481C097889007A58194690478A
:1072F000761C0C35E4E7F8BDAC940100A0940100C5
:10730000B0B50146828813460C3B00200A24E443B2
:10731000A34218D3096802E0491C521E14D00B780E
:107320001C463A3CE4B264087A2CF5D820241D4669
:10733000A5435B3DECB26408722CEDD8DBB25F2B49
:10734000EAD02D2BE8D0B0BD0120B0BD70B50D48FE
:10735000401C02D00B48FFF7ADFF0B480B4C84429A
:107360000CD00B4D0B4EB54208D02A686968501CF2
:1073700012789200A25890470835F4E700BF00BF8A
:1073800070BDC046D0940100AC940100A0940100EF
:10739000BC940100CC94010070B511221302C218F4
:1073A000C4580125AC43C4500C888D7825438C8883
:1073B0002C43C558084E2E40084D25407419C45022
:1073C0008879CB790343087A184351687E2399431F
:1073D00018400818506070BDE798FDFF186700005E
:1073E00010B50D4C2079052814D000F065FF0B482E
:1073F000002101700A4801700A48006820600120DD
:107400002071E1802172E1602161217605212175E1
:1074100001F0ECF810BDC046F016202055192020D0
:107420004A192020EC182020B0B50A480A494160CA
:107430000A4A51600A4B59600A4C61600A4D696002
:107440000A4901601160196021602960102001F073
:1074500027F9B0BD00080A40030000B100280A4027
:107460000008094000085040002810400100002694
:1074700010B5044601F0C6F8002803D101F004F964
:10748000002802D0FFF7F0FE10BDFEF741FB0748D1
:107490000021C16106490C7001210171C28802817D
:1074A0004281C170022001F0A1F810BDE01220203D
:1074B00065192020B0B500F0F5FC0E4D28780028A5
:1074C00017D0FEF799FE00F0BDFD00242C7000F0EF
:1074D00029FC00F097FF2046FEF706FD204601F04C
:1074E000B5F8FDF7FDFC00F04BF800F001FF00F0EF
:1074F000ADFFB0BD3B192020B0B50246EFF31083BD
:107500000420002A10D000290ED072B6084C206842
:107510001060084A1068086007490878002525604F
:1075200015600D70002B00D0B0BD62B6B0BDC04676
:10753000DC182020E0182020461920200B480021CC
:107540008161C16601674167C26C521C00D2C2648E
:10755000074A1160074A1160074A1170074A117003
:1075600029228154C16141857047C046E011202025
:10757000E8182020641420203F1920204E192020D4
:1075800080B5FFF701FD00F031FF0A4800210170CE
:107590000948017009480068094A1060D182D18009
:1075A0001172D1601161117511760120107101F015
:1075B0001DF880BD551920204A192020EC182020E4
:1075C000F0162020B0B50D480188491C8AB200236E
:1075D000C72A1A4600D80A4694B20280084885781D
:1075E0000121AC420A4600D31A46064BAC4200D3F6
:1075F000103349021960C270B0BDC0461A1920206C
:10760000F018202090320A4010B50E480068C0B231
:107610000B2816D10C4C2068400712D4E069C0B288
:1076200000F0B4F8206840070BD4E069C0B200F065
:10763000ADF82068400704D4E069C0B200F0A6F8B5
:10764000E9E710BD2010504008115040002817D025
:10765000EFF3108172B60C4A1368036053684360FD
:1076600093688360D368C36013690361536943619E
:10767000137E0376537E4376927E8276002900D075
:10768000704762B67047C0460C17202080B50E4880
:107690005121425C002A07D0002242545621052283
:1076A00042545721062242545221425C002A07D0FC
:1076B00000224254582103224254592106224254A6
:1076C00000F002F980BDC046B013202010B504467A
:1076D00000F098FF002803D100F0D6FF002802D068
:1076E000FFF7C2FD10BDFEF713FA06480470064806
:1076F00001210171C28802814281C170022000F023
:1077000075FF10BD65192020E0122020F0B581B072
:1077100000280DD01C4615460E46074600F0C2FB59
:107720000948FF2192318F4204D002888A4201D158
:1077300001B0F0BD0780468085808460C168491C27
:10774000F6D2C16001B0F0BDE81720200D4800213D
:1077500001600D48011F0A680323DB4313400B60DF
:1077600041680122914341604168120291434160A6
:10777000016830229143016001680F22914301604A
:107780007047C04608030B4004010B40B0B50A49DE
:107790000A88541C094B2340094C25686D1C256040
:1077A000084D2D88AB4203D16068401C6060B0BDBD
:1077B000054CA0540B80B0BD12192020FF01000021
:1077C0000C14202014192020000C20201CB50A00C5
:1077D00017D000230124E407A04200D20400944201
:1077E00001D95200FBE790425B41904200D3801ADE
:1077F000914201D25208F6E7190002000800110078
:107800001CBD01000020FEF776FD1CBDF0B583B065
:107810000C4602A9FAF704FE0025002813D0029FA7
:10782000002F10D401947D20C600741C80003818ED
:107830003146FFF7CBFFA74200D30746B74202D835
:10784000019807800125284603B0F0BDF0B585B04A
:107850000A9CCD17DE1769406840401BA941734060
:107860007240921BB3416E4002AF0097FDF74CFE91
:1078700071407040801BB141029A039B6B406A408B
:10788000521BAB410CC405B0F0BD000010B5014661
:1078900000B2C0130A464240131A9AB200207D2A51
:1078A00007D8084A948E002C04D05B009BB2A342F8
:1078B00000D910BD11803821012050543E21505470
:1078C00010BDC0468815202080B5FDF7C5FB0B49CB
:1078D000002008600A4908618886C8863C228854CE
:1078E0003D2288543E2288543F22885441228A5C9B
:1078F000002A00D080BD4022885480BDFC18202082
:10790000C0142020092808DD0A280DD064280ED0D4
:10791000652811D109484030704700280AD0062850
:107920000AD1064810307047044830307047034889
:10793000203070470148704700207047B888010028
:10794000B0B500F05FFE002812D100F09DFE094C9A
:107950002179C91E4A1E9141014309D1012500F038
:1079600045FD0548057002202071257500F03EFE9A
:10797000B0BDC046F01620204A19202010B581B2B3
:10798000912900D39121232800DA2321084C21805A
:10799000232902D30C20484301E0692080000549D7
:1079A00040186E21FFF712FF0930A07010BDC046CD
:1079B000F018202093FEFFFF06B49E22002802D478
:1079C00004D106BC7047414204D400E00100013AF2
:1079D0004900FCD5803101D3013200E04900490A59
:1079E000D2051143002802D50122D2071143080015
:1079F00006BC704740B542004B005E08164301D0FC
:107A000006004E4000D4D01A04D20120C90F06D17E
:107A1000404204E003D90120C90F00D04042FF26B4
:107A20003606B24200D8B34201D90120404240BDDF
:107A300010B50446FDF710FB0A48002101600A4812
:107A400001618186C1863C2281543D2281543E22BF
:107A500081543F2281544021042242544121445404
:107A600010BDC046FC182020C014202040B54200A4
:107A70004B005E08164301D006004E4000D4D01AD9
:107A800004D20120C90F06D1404204E003D90120ED
:107A9000C90F00D04042FF263606B24200D8B3429A
:107AA00000D9012040BD0000FCB4020C0B0CFF24E7
:107AB0002402FF34204021400C00444315005D4364
:107AC00006005E430F005743320C3B0CA818C01849
:107AD00032043B040025A1186841C9186841FCBC68
:107AE0007047000010B50C480124047000F0DAF96A
:107AF000FEF782FB2046FEF7F7F9FF24923420467A
:107B000000F07CFA00F0BAFD0346002120460A4648
:107B1000FFF7FCFD10BDC0463B19202006B5410013
:107B2000090E7F390DD41F22511A0CD98646000246
:107B30000122D2071043C8407246002A00D54042B5
:107B400006BD002006BD02000120C007002A00D4A7
:107B5000401E06BD10B598B001ACFDF77DFA204679
:107B6000FFF7E2FA4D20205C002802D0FDF71EFD51
:107B700005E04D34E078002801D0FDF79FFE024873
:107B80000021017018B010BD4D192020B0B500249F
:107B9000002809D00A490978002905D0054600F0D7
:107BA000B1FD007D002801D02046B0BD192000F0B5
:107BB00061FC2846FCF77EFE01242046B0BDC0468D
:107BC0004D19202010B501B2C91302464A40531A7C
:107BD0009AB200217D2A07D8064A948E002C05D03F
:107BE0005B009BB2A34201D9084610BD1080012161
:107BF000084610BD8815202010B50246002091428D
:107C000006D9402904D8064B3F241B5D002B00D029
:107C100010BD0448028004480180012010BDC04608
:107C2000C014202022192020241920200B482421B0
:107C3000415C4A424A412521415C4B424B4113433E
:107C40002621415C4A424A411A4301D00020704734
:107C50002721415C484248417047C046E01120203E
:107C600010B50178002913D0C41CC8B2FFF7B2F8D0
:107C7000A01E007800280BD0FFF7ACF8601E00783B
:107C8000002805D0FFF7A6F82178E41C0029ECD1E4
:107C900010BD000007480021818041800180064816
:107CA00001804180818005480180418081800448B5
:107CB00001707047A6182020AC182020B218202090
:107CC0004919202010B50A4C7F210840607100F04E
:107CD00083F8A071411E02468A412271002804D017
:107CE0006079FEF77BFD208110BD0020208110BD52
:107CF00048152020074900220A808A7064234860C2
:107D00008A60CB600A6104490A7004490A70044918
:107D100008607047D41720203D1920203C192020EE
:107D2000CC18202080B500F0BDF806480021018065
:107D3000054A12684260816004480170044801707D
:107D400080BDC046D4172020CC1820203D1920200B
:107D50003C19202010B582B0049C0094FAF708FC6E
:107D6000002808D005493F22012088540022CA611A
:107D70000A6202B010BD002002B010BDC014202065
:107D8000EFF3108072B6064900220A6005490A60C6
:107D900005490A70002800D0704762B67047C04697
:107DA000DC182020E01820204619202010B5084CAF
:107DB000207902280AD1FFF7E7F800F017FB054801
:107DC000002101700320207100F010FC10BDC0469E
:107DD000F01620204A192020012101408207D20FED
:107DE00089184207D20F89180207D20F8918C206D4
:107DF000D20F89188206D20F89184006C00F0818C2
:107E0000C0B27047B0B507484B21C9000A22C82349
:107E10000524054D3EC00121017002200321FFF71A
:107E2000EBFEB0BD7817202002000300B0B5084C6F
:107E30005125605D002809D0FFF746FD0020605500
:107E4000562005212154572006212154B0BDC0469B
:107E5000B0132020B0B5074BC4180125C550064B00
:107E60002362E1611168E1625168216300F0AEFCB8
:107E7000B0BDC04604110000FF01000010B5084865
:107E8000007800280AD000F00DF8FEF7B5F90124BB
:107E90002046FEF729F8204600F0D8FB10BDC0466A
:107EA0003B1920200748202101600748417800291C
:107EB00005D08168491C02D08168491C816000217D
:107EC00041707047A0320A402818202080B5FFF783
:107ED000ABFAFBF79FFDFFF739FCFDF761FEFEF7FC
:107EE0006FFBFDF7A3FE02482C210022425480BD07
:107EF000F815202006480021018006485A210180FB
:107F00000F21418001204002034908600863704747
:107F10001A192020F0182020A0320A4002B49E2115
:107F2000002805D401D102BC704701394000FCD5BE
:107F3000803001D3013100E04000400AC905084308
:107F400002BC7047084880F3088800BF00BF00F0FB
:107F50003BFC002801D0FFF7F9F90020FCF74EF8B0
:107F6000012000F01FFCC046008020200648016868
:107F7000064A1368CB1A036111604169491C02D09B
:107F80004169491C416170470C172020F4182020DA
:107F900010B5002808D0EFF3108472B604494422CB
:107FA00000F0FCFB002C00D010BD62B610BDC04636
:107FB000C0142020B0B5074C5225605D002808D0C1
:107FC000FFF782FC0020605558216054592006219B
:107FD0002154B0BDB0132020B0B5002809D0EFF374
:107FE000108172B6044A38CA38C038CA38C000296D
:107FF00000D0B0BD62B6B0BD90172020B0B5044629
:10800000064D01202876FEF7BFFF052028710321C9
:108010002975EC8200F0EAFAB0BDC046F0162020C7
:1080200010B5FEF7E9F8054C7C21204600F032FB44
:108030000120207002480021017010BD6412202030
:108040005419202010B5FEF7D7F8054C7C212046A6
:1080500000F020FB0120207002480021017010BDBB
:10806000641220205419202080B50548012189027E
:1080700000F010FB0348002101700348017080BD2F
:1080800000082020451920204319202030B5140075
:108090004C4325001C0044436419050010002900CE
:1080A000FFF702FD001904000D002100280030BD7B
:1080B000B0B5002808D005493CC93CC03CC93CC00B
:1080C0003CC93CC03CC93CC0B0BDC046881520205E
:1080D00010B59B00C0181143044A83580F2424078D
:1080E000A34321405918815010BDC04670180000AC
:1080F00005490A68821A642A04D308600348416863
:10810000491C41607047C0464C182020341820207C
:1081100080B506480068022804D0012804D1FDF784
:108120004FF980BDFCF730FC80BDC04630114040A7
:10813000054820210160054801210170002141709E
:10814000416081607047C046A0320A402818202054
:10815000072800D307207F2900D37F21024A10700F
:10816000024801707047C04645192020431920205D
:10817000B0B5002808D072B604491CC91CC03CC95F
:108180003CC03CC93CC062B6B0BDC04654162020BD
:1081900070B50648064620367ECE806B5118C91849
:1081A000091949198919081870BDC0460C142020F6
:1081B00010B5002A0AD003780C78A34204D1491CD8
:1081C000401C521EF7D11C46181B10BD002010BDCC
:1081D00010B50446FEF7D8FE0449052008710322B5
:1081E0000A75CC8200F002FA10BDC046F0162020BD
:1081F00018B520239B1A04D8010000205B42994047
:1082000004E004009140DC402143904018BD000090
:1082100005483821002242543921415C4A1E9141CF
:1082200089003E22815470478815202080B5FFF7D1
:108230004BFB044800210187416181613E2281544A
:1082400080BDC0468815202010B592008018044AD1
:1082500083580724A404A34321405918815010BD1A
:108260003018000010B50122120383180C789C60AE
:108270004B7883508978014A815010BD0C11000061
:1082800080B5FCF7B1FC0449002205C10A604A60D0
:108290008A810120C87380BD441720200348002133
:1082A0000170034801700348017070474419202091
:1082B000481920204719202080B5FEF765FE0448A4
:1082C000052101710021C1600182817480BDC04619
:1082D000C01720200448002181708180034A11705A
:1082E0000180C1807047C0466018202036192020C8
:1082F00010B50548002404702046FDF7F5FD204622
:1083000000F0A4F910BDC0464219202005494A7862
:10831000002A00D0704701220A70002248608A605B
:108320007047C046D417202080B5FEF72DFE0449C3
:108330000420087102220A7500F058F980BDC04679
:10834000F016202010B5002804D003491CC91CC019
:108350001CC91CC010BDC04678172020B0B5044B06
:10836000C41802251543C550E16100F02FFAB0BDD5
:108370000411000010B5029CA40000191143194318
:10838000014A815010BDC04650180000034800212A
:108390000160034801604160816070474C182020F3
:1083A000341820200448002101760160416081607A
:1083B000C1600161416170474417202004480021D9
:1083C0000176016041608160C16001614161704777
:1083D00044172020072803D8800003490858704715
:1083E00000487047B2930100E88A01000448002168
:1083F000016001718160C160018281747047C04673
:10840000C017202004480021C1600182817481824C
:1084100001604160017270476017202010B5044C64
:108420001D200101204600F035F90720207210BD03
:10843000000E202042004B000020FF2109068A4246
:1084400000D88B4200D9012070470000034800216A
:10845000016081808160C1607047C046E8172020BC
:1084600003480021016081808160C1607047C0467F
:10847000E817202002490880024908827047C04658
:10848000201920209017202003498875002801D149
:10849000002088827047C04644172020042803D853
:1084A000000102490818704700207047B888010091
:1084B00003480068002801D000787047002070470A
:1084C000EC18202002480821016002480160704732
:1084D00080E200E000E100E040B584B002AE00962A
:1084E000FFF7B4F9029A039B04B040BD40B584B0D5
:1084F00002AE0096FDF708F8029A039B04B040BD57
:1085000010B50122120383180C789C6049788150C1
:1085100010BD80B50B4603214258C11D184600F01E
:108520003DF980BD02484121405C411E88417047B1
:10853000C014202092008018014A81507047C04624
:108540001018000080B5F5F73FF8014880BDC0461F
:10855000081520200249087800220A707047C0469A
:108560004919202080B50A4603214158104600F0E1
:1085700091F880BD014800687047C0460C17202064
:1085800001483C21405C7047C014202001484D2127
:10859000405C7047B013202001485221405C704776
:1085A000B013202001485121405C7047B0132020B7
:1085B0000148C0787047C046E012202080B5FBF724
:1085C000A7F9FCF78DFC80BD014800787047C046D4
:1085D0004C192020014800787047C04635192020EA
:1085E00001480121017070473519202001490870A8
:1085F0007047C0463519202001480021017070479E
:108600003B192020014800787047C0463B192020C4
:10861000014800697047C046E01120200148806988
:108620007047C046E0112020014800787047C046DE
:1086300044192020014800787047C046471920207F
:108640000148007E7047C046F01620200149087698
:108650007047C046F0162020014840787047C04659
:1086600060172020014880787047C046601720209E
:10867000014800787047C046421920200148006830
:108680007047C046D8182020014840787047C0463F
:10869000D41720200A46002180B5FEF7CCF980BD12
:1086A000811E091F00BFFCD2704780B50121F7F77A
:1086B0000DFC80BD80B50021F7F708FC80BD1C21B2
:1086C0000840411E884170477F210840411E884173
:1086D00070477F21084041424841704780B5FFF70D
:1086E000F3F880BD80B5FFF74BFF80BD00487047B1
:1086F000D0162020004870470818202000487047F6
:10870000E817202000487047901720200048704745
:108710004417202000487047E0112020004870478F
:108720004815202080B500F040F880BD0048704713
:10873000F016202000487047C017202000487047DE
:1087400064122020004870476017202000487047BE
:108750006018202080B5FAF787FC80BD004870477C
:10876000000E202000487047F01820200048704775
:1087700018182020004870478016202000487047B5
:108780000C14202000487047A8172020004870478C
:10879000D4172020004870476814202080B5FCF7CB
:1087A000F3FF80BDFDF75AFBFEE705207047002070
:1087B000704701E07047000082B00094014C0194C2
:1087C00010BD00BF457F01000120704782B00094BA
:1087D000014C019410BD00BF691920200000000069
:1087E000EA90010003910100039101001291010040
:1087F000F49001000D9101000891010068900100C2
:1088000063900100FE900100F99001005E9001006C
:10881000EF900100599001000391010003910100C4
:1088200003910100E5900100039101000391010013
:108830006D90010072900100779001007C90010022
:1088400081900100869001008B90010090900100C2
:1088500095900100039101009A9001009F90010002
:10886000A4900100A9900100AE900100B390010016
:1088700003910100B8900100BD900100C290010079
:10888000C7900100CC900100D1900100D69001006A
:10889000DB900100039101000391010003910100AD
:1088A0000391010003910100039101000391010074
:1088B00003910100E090010000000000BC8E010067
:1088C000988901000300000006000000808E01006E
:1088D000E089010003000000640000008A8E0100AE
:1088E00050890100030000000A000000818F010090
:1088F000088901000300000065000000F08D010000
:10890000B08B0100010000000A0000008813000085
:108910000000000000000000C8000000000000008F
:108920000100000000000000010000000000000045
:10893000000000000000FFFF070000000000000032
:108940000000000000000000000000000000000027
:1089500006000000F401000000000000F401000027
:108960000000000000000000090000008813000063
:10897000000000000000A04100003442C8000000D8
:1089800007000000000000000000000000000000E0
:10899000000000000000000006000000F4010000DC
:1089A00000000000F40100000000000000000000D2
:1089B00001000000000000000100000000000000B5
:1089C000000000000000FFFF0700000000000000A2
:1089D0000000000000000000000000000000000097
:1089E00006000000F401000000000000F401000097
:1089F000000000000000000004000000A00F0000C4
:108A0000010000000000B442FFFF00000000000071
:108A1000070000000000000000000000000000004F
:108A20000000000000000000B29101008F8F0100E3
:108A3000B28E0100088E0100F6920100248F010021
:108A40007A8F010082930100648F01003A91010046
:108A5000088F010048900100D08F01004C8F010069
:108A6000F99301000C9201006A9301002A9301001E
:108A700062930100B29201001A940100D5910100A5
:108A8000D5910100D5910100D59101001E930100FF
:108A90001C9101007F920100209201007693010059
:108AA000D2920100EA92010070920100D59101007A
:108AB000169201008F9101002A9001001791010088
:108AC000418E0100418E0100998D0100998D0100B8
:108AD000418E0100418E0100418E0100418E010056
:108AE000998D0100998D0100FD9101001293010003
:108AF000E1930100DB9301001D9401004E930100FE
:108B0000D5930100FA920100169301002A92010008
:108B1000AE920100AA9201008A9101002691010003
:108B2000AA9301002B9101009A9301000292010087
:108B3000B69301005293010011920100439201008B
:108B4000129001003F910100669201002490010003
:108B5000D09101009A920100569301006C8F0100A0
:108B6000F89101003E9301008E9201000A930100EA
:108B7000A29301004D920100029301007293010043
:108B8000B79101000C900100A2920100E28F010058
:108B90004D920100729301002F9201001890010084
:108BA000548F0100069001009D8F010096920100F4
:108BB00007000000000000000000000000000000AE
:108BC00000000000000000004552522C43414C2C94
:108BD000425553595F4F525F4641554C540D0A0060
:108BE0004552522C4A4F472C425553595F4F525FC2
:108BF0004D4F44450D0A0000FA8F0100D09101004D
:108C00001E900100AB8F01009E930100BE930100F6
:108C10005C9201008A9101004D9201007293010063
:108C2000A29201004D92010053910100D0910100E8
:108C30006B920100888F01003C8F01004C8E010077
:108C4000148E0100F68E01004552522C52414E47BF
:108C5000455F4F525F425553590D0A004B314C3D11
:108C60004E4557204B334C3D43414E43454C004508
:108C700052522C5441524745542C52414E47450DB7
:108C80000A004E4F5F41434345505445445F4652AE
:108C9000414D45004552523A52414E4745204B31D5
:108CA0003D53455400534156453A4F4B204B314CB0
:108CB0003D45584954004B314C3D5A45524F204B8D
:108CC000334C3D43414C00544553543A4F4B204B99
:108CD000314C3D5A45524F004552523A464C415351
:108CE000482052414D3D4F4B00080000A292010028
:108CF000A29301002B910100369001000001FF00BA
:108D0000FF000001010000FF00FF0100414C494746
:108D10004E2050485953205A45524F00504F53202F
:108D20004641554C5420484F4C4400204B323A4F5A
:108D30004E204B333A4F4646004B314C3D53455441
:108D4000204B334C3D58004B314C3D464952535417
:108D50002043414C004552522C43414C2C53455426
:108D60000D0A00554152545F4E4F5F4259544553CE
:108D70000041434B2C43414C2C5345540D0A0041B8
:108D8000434B2C5441524745540D0A004552522C36
:108D9000464F524D41540D0A0050415253455F52C7
:108DA000454A454354004D4541535F54494D454F55
:108DB0005554000030900100A2920100729301000E
:108DC000F99301003693010072930100BE930100F4
:108DD0005C9201004D920100B88F0100C48F010028
:108DE00016920100E2920100DA910100079201005F
:108DF00042414C4C2D43454E544552004B314C3D65
:108E0000524553544F5245004E45575F53455353B7
:108E1000494F4E005354414C455F4652414D450029
:108E200041434B2C43414C580D0A004552522C42B1
:108E30005553590D0A0058302E303120424F5448B6
:108E4000005345515F52454A454354004D454153F7
:108E5000555245445F30000000001800000000300B
:108E600000000000180000000030000041434B2CBF
:108E70004A4F470D0A00463A4E4F4E4520523A009F
:108E8000544553542D5455524E00544553542D447B
:108E90004953540041434B2C5345540D0A00414360
:108EA0004B2C4445460D0A0058302E3030312056A8
:108EB00032004E4F5F54415247455400544553547D
:108EC0002D4C494E45004B334C3D524553455400C3
:108ED000204B314C3D5A45524F0041434B2C4C4F97
:108EE000470D0A00504F534354524C3A0058302E0D
:108EF000303120563200504F535F4A554D500020BC
:108F00005A3A574149542000524553455256454418
:108F1000004E41004006000020000000544553541C
:108F200020543A004F4C445F534551004C494E4544
:108F300020503A004843303620493A0056414C49C7
:108F4000445F30005455524E20593A00444953432F
:108F50004152440054494D454F555400554E4B4ED7
:108F60004F574E0056455253494F4E0043414E43D2
:108F7000454C00204B334C3D58004C454E4754481F
:108F800000524143452D3100414343455054005464
:108F900041524745540020443130303A00464F4C4E
:108FA0004C4F5700204B314C3D5800464F4C4C4FD6
:108FB00057004F4552523A004C4F53544C004449CD
:108FC00053543A004C4F5354520042414C4C3A00D7
:108FD0004649454C4400454E54455200504152418B
:108FE0004D00504155534500204731303A00204252
:108FF00031303A005354414C45004C494D495400DE
:10900000544553543A004E4F454E43005245414457
:1090100059004641554C54004C494D4954004E4F5F
:10902000454E430052414E474500442D594157009B
:109030005354415254004641554C540054455252E9
:109040003A00205331303A00464C41475300434DDB
:1090500031303A00050606080A0036360000364967
:1090600049493627454545391814127F107E11119C
:10907000117E7F494949363E414141227F4141228B
:109080001C7F494949417F090909013E4149497A03
:109090007F0808087F00417F41007F081422417F3C
:1090A000404040407F020C027F7F020C107F3E4117
:1090B00041413E7F090909067F0919294646494968
:1090C000493101017F01013F4040403F1F204020C6
:1090D0001F7F2018207F6314081463070870080797
:1090E0007F4848483000412214080808080808064C
:1090F0004949291E00427F400001710905033C4A8D
:1091000049493000000000002141454B3142615186
:1091100049463E5149453E46494E44004449534321
:1091200000504F533A004C4F535400484F4C4400AA
:109130002052543A002047493A00545950450048BB
:109140004F4C4400415352430059494D550020466D
:10915000453A004641494C004131303A00453130F2
:109160003A002059523A00464153540053544F504C
:10917000004231303A002052463A002052533A0021
:10918000415345540045535450005A45524F0044F2
:10919000495354004431303A002043503A002041B2
:1091A000453A0041445256004F53433A005350440D
:1091B0003A00574149540049444C45002043463A3F
:1091C000004D31303A00534C4557005431303A008D
:1091D00054494D45005741495400484947480056B5
:1091E00052583A004354524C004D43544C0056419F
:1091F0004C3A0043414C3F004354524C00544153BD
:109200004B004158495300444F4E45004E4F4E4588
:10921000005A45524F0053544F500041494E56009A
:109220004C494E4500414F55540041584953004E5A
:109230004F4E45002043433A00534C4F57004341A3
:109240004C3A004C4F5354002052443A00444F4E85
:109250004500454E433A00414C494E004849474875
:1092600000204E583A004E5244590043414E4300AC
:10927000484541440043414C5800204F4B3A00536D
:1092800045454B004952513A002049533A00444564
:1092900043004F46460044495200504F5300204F70
:1092A0003A0052554E004C443A004143540056494E
:1092B00053004C454E0020483A0020533A002049C4
:1092C0003A00554E4B0043533A0044543A0020555F
:1092D0003A005239300052583A004C533A0020516B
:1092E0003A004C4F57004E4F4400594157005245E9
:1092F0004C0020523A0044555000574C4B005954F2
:109300004F004142540020413A00534C5700204B3B
:109310003A00535044004F464600204C3A00464C19
:10932000440049563A004D453A0044555000204506
:109330003A0020583A004241440020563A00445234
:10934000560020433A0042433A0049413A004D4119
:109350005800414354004C494D0020503A002044ED
:109360003A004F4C4400204D3A004E4557002D2DF9
:109370002D00455252004C39300020463A004842F8
:1093800054004352430049433A004C543A00524679
:109390003A0048523A0020543A00444953004449A4
:1093A000520053455400464F4C00464C540044492B
:1093B0003A004552520056495300204E3A004C4F55
:1093C000570049443A004C3A004F3A00533A00588B
:1093D0003A00444200535600553A004B50002D319C
:1093E00000464600543A004B3A00593A00433F00C9
:1093F000523A004D3A004A2D004F4B0020520020B7
:109400004D005A3A004B4400453A00524700503A4A
:1094100000563A00433A004A2B004353004B4400A5
:109420004358004F4B00205800463A004B50005123
:109430003A0008000800310020002D000000000064
:1094400081B01649411811221202012383500A6883
:10945000072002400092009AD2B2032A19D0009A43
:10946000D2B2012A15D00A6802400092009AD2B204
:10947000032A0ED0009AD2B2012A0AD00A6802400A
:1094800000920098C0B2032803D00098C0B201280F
:10949000DDD10098C0B201B07047C046D0130000C3
:1094A000756301001385010065850100020000005D
:1094B00065190000000100FFF0000000AC940100FD
:1094C00000002020B4940100651920200000000055
:1094D0000C00010040940100681920206000000089
:10FC000000000000000000000000000000000000F4
:10FC100000000000000000000000000000000000E4
:10FC200000000000000000000000000000000000D4
:10FC300000000000000000000000000000000000C4
:10FC400000000000000000000000000000000000B4
:10FC500000000000000000000000000000000000A4
:10FC60000000000000000000000000000000000094
:10FC70000000000000000000000000000000000084
:10FC80000000000000000000000000000000000074
:10FC90000000000000000000000000000000000064
:10FCA0000000000000000000000000000000000054
:10FCB0000000000000000000000000000000000044
:10FCC0000000000000000000000000000000000034
:10FCD0000000000000000000000000000000000024
:10FCE0000000000000000000000000000000000014
:10FCF0000000000000000000000000000000000004
:10FD000000000000000000000000000000000000F3
:10FD100000000000000000000000000000000000E3
:10FD200000000000000000000000000000000000D3
:10FD300000000000000000000000000000000000C3
:10FD400000000000000000000000000000000000B3
:10FD500000000000000000000000000000000000A3
:10FD60000000000000000000000000000000000093
:10FD70000000000000000000000000000000000083
:10FD80000000000000000000000000000000000073
:10FD90000000000000000000000000000000000063
:10FDA0000000000000000000000000000000000053
:10FDB0000000000000000000000000000000000043
:10FDC0000000000000000000000000000000000033
:10FDD0000000000000000000000000000000000023
:10FDE0000000000000000000000000000000000013
:10FDF0000000000000000000000000000000000003
:10FE000000000000000000000000000000000000F2
:10FE100000000000000000000000000000000000E2
:10FE200000000000000000000000000000000000D2
:10FE300000000000000000000000000000000000C2
:10FE400000000000000000000000000000000000B2
:10FE500000000000000000000000000000000000A2
:10FE60000000000000000000000000000000000092
:10FE70000000000000000000000000000000000082
:10FE80000000000000000000000000000000000072
:10FE90000000000000000000000000000000000062
:10FEA0000000000000000000000000000000000052
:10FEB0000000000000000000000000000000000042
:10FEC0000000000000000000000000000000000032
:10FED0000000000000000000000000000000000022
:10FEE0000000000000000000000000000000000012
:10FEF0000000000000000000000000000000000002
:10FF000000000000000000000000000000000000F1
:10FF100000000000000000000000000000000000E1
:10FF200000000000000000000000000000000000D1
:10FF300000000000000000000000000000000000C1
:10FF400000000000000000000000000000000000B1
:10FF500000000000000000000000000000000000A1
:10FF60000000000000000000000000000000000091
:10FF70000000000000000000000000000000000081
:10FF80000000000000000000000000000000000071
:10FF90000000000000000000000000000000000061
:10FFA0000000000000000000000000000000000051
:10FFB0000000000000000000000000000000000041
:10FFC0000000000000000000000000000000000031
:10FFD0000000000000000000000000000000000021
:10FFE0000000000000000000000000000000000011
:10FFF0000000000000000000000000000000000001
:0400000310007F4525
:00000001FF
